ds,yhat,yhat_lower,yhat_upper,actual
2001-01-07 00:00:00,0.14010333605870456,-0.11256773923396712,0.3803966040515694,0.0
2001-01-14 00:00:00,0.14534397623686862,-0.0918035751272408,0.39191322864137523,0.0
2001-01-21 00:00:00,0.14348794593602335,-0.09283985443230627,0.3814367697550497,0.0
2001-01-28 00:00:00,0.14000851169599413,-0.10548338610411831,0.37286537778631,0.0
2001-02-04 00:00:00,0.1382295434191569,-0.10249509507905549,0.38286196714500553,0.272570945058159
2001-02-11 00:00:00,0.13596977665102666,-0.10021134514618293,0.3824858136708875,0.2160327316601015
2001-02-18 00:00:00,0.13022919482797135,-0.12539994323376932,0.37458081155149425,0.2362314168300504
2001-02-25 00:00:00,0.12435200026375806,-0.12202481508610138,0.3656224050372213,0.2751649064516891
2001-03-04 00:00:00,0.12752023290835837,-0.10718016259983729,0.3674987826755137,0.0
2001-03-11 00:00:00,0.14505860612259927,-0.11108282948025883,0.39467179375982575,0.0
2001-03-18 00:00:00,0.17014596285380781,-0.07276780479026818,0.406444089592347,0.0
2001-03-25 00:00:00,0.18772550639806654,-0.058038646725732085,0.4345645439178658,0.0
2001-04-01 00:00:00,0.18812567731484037,-0.06400725780784203,0.4258684968585207,0.0
2001-04-08 00:00:00,0.17635454548745633,-0.08701300903395817,0.4247978936043384,0.0
2001-04-15 00:00:00,0.16709022164891402,-0.07593266466319276,0.4020196347435,0.0
2001-04-22 00:00:00,0.17065927412855647,-0.05395271099775889,0.41751265879187294,0.0
2001-04-29 00:00:00,0.1843249642830601,-0.054617361648517576,0.41440274260444054,0.2415290670704345
2001-05-06 00:00:00,0.19636660317883314,-0.03486126596877337,0.4490692692751064,0.2110565442199223
2001-05-13 00:00:00,0.19672030988157235,-0.03207413594681732,0.42890003500885976,0.2338007128443291
2001-05-20 00:00:00,0.18312672174626765,-0.06384772386971038,0.44692207585451194,0.3136136758653139
2001-05-27 00:00:00,0.15938071626858924,-0.09878131644608926,0.39537416303232953,0.0
2001-06-03 00:00:00,0.13120897579254057,-0.10945119699925693,0.3856182584809026,0.0
2001-06-10 00:00:00,0.10498614918033682,-0.13923071880263124,0.353176782779961,0.0
2001-06-17 00:00:00,0.08781386423846643,-0.13933617876920348,0.33667834836223054,0.0
2001-06-24 00:00:00,0.0850053508188283,-0.1488195646906826,0.3306682160800209,0.0
2001-07-01 00:00:00,0.0959327355699433,-0.1764155342789184,0.3400565201783354,0.0
2001-07-08 00:00:00,0.1135053283664526,-0.1425674344803091,0.34867626312283495,0.0
2001-07-15 00:00:00,0.12907524389465502,-0.136870424422232,0.3535062923495663,0.0
2001-07-22 00:00:00,0.13763763192465298,-0.1072956271113471,0.38352552089365044,0.0
2001-07-29 00:00:00,0.13785138655713436,-0.0996514182546629,0.38838570376254067,0.0
2001-08-05 00:00:00,0.12887988703080475,-0.11381301824226511,0.35899794675995755,0.0
2001-08-12 00:00:00,0.11092788251354206,-0.12352303489684038,0.3530457964646312,0.0
2001-08-19 00:00:00,0.09059670359445318,-0.14557610614267072,0.3372539181112858,0.0
2001-08-26 00:00:00,0.08256241222607974,-0.15532372547587966,0.30386131281057416,0.0
2001-09-02 00:00:00,0.0998931075672581,-0.13054459387629422,0.3496622272246658,0.0
2001-09-09 00:00:00,0.13895742528385058,-0.12431958857439787,0.39754381897850255,0.0
2001-09-16 00:00:00,0.17572833457803627,-0.06599544265810825,0.4199810622810194,0.2177045460845102
2001-09-23 00:00:00,0.1824752765700509,-0.04809606371062691,0.4357660591308429,0.2494018527485532
2001-09-30 00:00:00,0.15245985654844352,-0.090751393008905,0.39451163346145146,0.269750953004087
2001-10-07 00:00:00,0.10861551344480226,-0.12436017271835428,0.33904062992158013,0.2631426481628494
2001-10-14 00:00:00,0.08555148348582219,-0.16014324730358567,0.32380983469710684,0.0
2001-10-21 00:00:00,0.10043024071739229,-0.15123101404315623,0.33849043653367505,0.0
2001-10-28 00:00:00,0.13967870402392937,-0.10173749749407543,0.37038867876520615,0.0
2001-11-04 00:00:00,0.17271697695660954,-0.07991919934362163,0.414728289979047,0.0
2001-11-11 00:00:00,0.17784571483591466,-0.06875874444492569,0.4292143056596345,0.0
2001-11-18 00:00:00,0.156229883404184,-0.10074337161788735,0.39727986061259235,0.0
2001-11-25 00:00:00,0.12494421506422401,-0.1112824730109695,0.35177388095672746,0.0
2001-12-02 00:00:00,0.10070676124706661,-0.13528498977734768,0.3555067900461475,0.0
2001-12-09 00:00:00,0.09059351520960901,-0.16103508964870897,0.3179782756095469,0.2446495627649116
2001-12-16 00:00:00,0.0937870777103805,-0.15336038443169073,0.35489876324129205,0.2536916165401922
2001-12-23 00:00:00,0.10652886362690708,-0.1419776296531485,0.3378370624879875,0.2330764437716366
2001-12-30 00:00:00,0.1236035119815843,-0.12961304988947556,0.37034225813830224,0.2685823769232594
2002-01-06 00:00:00,0.13826618343068653,-0.10617548842369293,0.38244352015301475,0.2538984881795674
2002-01-13 00:00:00,0.14509120745052517,-0.10762622128417043,0.3670750530160527,0.2519309974790697
2002-01-20 00:00:00,0.14415077032507534,-0.10158783485081424,0.40345460434997016,0.2488039597527415
2002-01-27 00:00:00,0.1405696994844712,-0.12398247427294953,0.3889339324819887,0.2453665545886212
2002-02-03 00:00:00,0.13850538808801513,-0.11730168336048188,0.3795493338096674,0.0
2002-02-10 00:00:00,0.13663735491059478,-0.10744790073937488,0.39138736187488476,0.0
2002-02-17 00:00:00,0.13151441621193963,-0.13321059227605428,0.3641280559164219,0.0
2002-02-24 00:00:00,0.12506444826091218,-0.12961646950139413,0.35242020790283635,0.0
2002-03-03 00:00:00,0.12595996005488805,-0.10314073872643575,0.37024725312037665,0.1939539371090738
2002-03-10 00:00:00,0.14105015487341377,-0.10890051449403607,0.38191108293476583,0.2945296879850367
2002-03-17 00:00:00,0.1658105099792406,-0.07537656307295587,0.4004801995129016,0.2718587544685527
2002-03-24 00:00:00,0.1857842195038537,-0.05154780734596956,0.42141472338404906,0.2396576204373368
2002-03-31 00:00:00,0.18932968760212598,-0.04610963939023768,0.4165652443623298,0.5302952246752666
2002-04-07 00:00:00,0.1787650623023429,-0.06501329273866643,0.42851311642507406,0.529940814687781
2002-04-14 00:00:00,0.16798857243088372,-0.06828096872058809,0.39330134147818785,0.4877168007839753
2002-04-21 00:00:00,0.16907226013683188,-0.07973048955556072,0.42134895551807594,0.4520471598529771
2002-04-28 00:00:00,0.18167047211645088,-0.045855900210824,0.4340316663112751,0.5127949463230083
2002-05-05 00:00:00,0.19491772649481165,-0.05627743629404655,0.4516118181052722,0.4737232669347335
2002-05-12 00:00:00,0.19776338372321545,-0.05105218483500215,0.4439220888056775,0.4992927508815339
2002-05-19 00:00:00,0.18649514736924505,-0.03420445373358372,0.4377992534623144,0.5141890358607241
2002-05-26 00:00:00,0.1641601624644744,-0.06724961856992548,0.41443379788496604,0.0
2002-06-02 00:00:00,0.13633600225218492,-0.11787188760949244,0.3739156675893818,0.0
2002-06-09 00:00:00,0.10925325258114557,-0.1452978851607902,0.363458792011368,0.0
2002-06-16 00:00:00,0.08996571903471434,-0.14921672276230782,0.345065082712255,0.0
2002-06-23 00:00:00,0.08442560858500908,-0.1673208675784986,0.3002801590147957,0.0
2002-06-30 00:00:00,0.09327411757055076,-0.16254405434564598,0.33558862759836955,0.0
2002-07-07 00:00:00,0.11033648947544461,-0.14312335677639917,0.3240208216413044,0.0
2002-07-14 00:00:00,0.12677187029394635,-0.12156216636120473,0.3882000048168943,0.0
2002-07-21 00:00:00,0.1367480680555487,-0.09620936223989682,0.3764446414858992,0.2401500973577649
2002-07-28 00:00:00,0.13849821923077105,-0.10878033334884107,0.37580434345245994,0.2712246664978501
2002-08-04 00:00:00,0.13123833848466385,-0.11623780013283122,0.38622879871061067,0.2427865812603369
2002-08-11 00:00:00,0.11466442103745056,-0.13298213628989844,0.344945477374298,0.2458386548840481
2002-08-18 00:00:00,0.09385723975870178,-0.13143597005971178,0.34347662324952005,0.0
2002-08-25 00:00:00,0.08241485505306173,-0.17008743600355267,0.3403422628858424,0.0
2002-09-01 00:00:00,0.09484108581013663,-0.1592764370938363,0.3256148160471678,0.0
2002-09-08 00:00:00,0.13130704695578715,-0.10648587458477796,0.3833874150810809,0.0
2002-09-15 00:00:00,0.1707568479507474,-0.07021791482695403,0.4166929773516186,0.0
2002-09-22 00:00:00,0.18422922136914224,-0.0413709138911324,0.44796410785861784,0.0
2002-09-29 00:00:00,0.15985681052196676,-0.08509347192408173,0.4018303913570507,0.0
2002-10-06 00:00:00,0.1158864962553935,-0.12096682471643547,0.35506916285695866,0.0
2002-10-13 00:00:00,0.08702214007782981,-0.15014088372987636,0.3319131603328318,0.0
2002-10-20 00:00:00,0.09527264766686966,-0.14042514442166162,0.32758716110693054,0.0
2002-10-27 00:00:00,0.13226196827218925,-0.0997948223269095,0.38467019182043294,0.0
2002-11-03 00:00:00,0.168561394855374,-0.055150762452157,0.4116906814679354,0.0
2002-11-10 00:00:00,0.1792644479378764,-0.04035237282311205,0.4154906981523533,0.2075686713089278
2002-11-17 00:00:00,0.16141915955431085,-0.07538671540149722,0.3931664061701474,0.2567603096523986
2002-11-24 00:00:00,0.13043082613088794,-0.09097524777916777,0.38179561934820905,0.2679192176239708
2002-12-01 00:00:00,0.10411084274101343,-0.13494393379589995,0.33578542819684865,0.2677518014147025
2002-12-08 00:00:00,0.09138211747686438,-0.16152805449125915,0.3421919599624845,0.0
2002-12-15 00:00:00,0.09243465821888658,-0.1488961766624283,0.3501601852250794,0.0
2002-12-22 00:00:00,0.10380434534916971,-0.15285213938103667,0.3485852308128391,0.0
2002-12-29 00:00:00,0.12057074561306587,-0.12667781806276043,0.36654679314132554,0.0
2003-01-05 00:00:00,0.13616303206475786,-0.09764471435664498,0.3700564011694783,0.0
2003-01-12 00:00:00,0.1445753247096118,-0.09107235595460522,0.3862390904302557,0.0
2003-01-19 00:00:00,0.1447324212888092,-0.11283048029214182,0.3909699645570749,0.0
2003-01-26 00:00:00,0.14119672843457512,-0.10890058211440964,0.37557354299261725,0.0
2003-02-02 00:00:00,0.138794875867294,-0.0955097860828841,0.3828074900610021,0.0
2003-02-09 00:00:00,0.13718477118533878,-0.10210785599896735,0.36027534377421844,0.0
2003-02-16 00:00:00,0.13273569134777682,-0.1351747662972088,0.37431439238803255,0.0
2003-02-23 00:00:00,0.12601525114658108,-0.10301026064041985,0.3715373051821205,0.0
2003-03-02 00:00:00,0.12488612172236761,-0.10184302711160689,0.37338585394032564,0.2365970434682145
2003-03-09 00:00:00,0.13738038013390738,-0.09374953866546529,0.3695513235583029,0.2825706238735481
2003-03-16 00:00:00,0.16131456870597854,-0.07798417425249082,0.4063378680941905,0.2222455676454281
2003-03-23 00:00:00,0.1832775630973682,-0.06301452620263237,0.4264899058072429,0.2585867650128091
2003-03-30 00:00:00,0.19004943895026327,-0.04878781086305567,0.4490936699207957,0.0
2003-04-06 00:00:00,0.18117477777582586,-0.05625332606728778,0.4335890646624426,0.0
2003-04-13 00:00:00,0.16930225560618953,-0.07711406635107049,0.40487549633566033,0.0
2003-04-20 00:00:00,0.16788281242858624,-0.09379365986720051,0.4172116969594678,0.0
2003-04-27 00:00:00,0.17903573399384332,-0.06291570048361422,0.42526752647242105,0.5136439384758407
2003-05-04 00:00:00,0.19311483156862236,-0.05170197426823564,0.43760594209738835,0.4443026099832006
2003-05-11 00:00:00,0.19833767337687863,-0.03809191040497087,0.4546355196470363,0.4963720992769714
2003-05-18 00:00:00,0.18950543039394552,-0.057224661584999115,0.4312270433784149,0.5456813522639871
2003-05-25 00:00:00,0.168763842819486,-0.09396389007717268,0.43002179965908993,0.0
2003-06-01 00:00:00,0.14148351032571727,-0.1008999608392614,0.3937181279967703,0.0
2003-06-08 00:00:00,0.11377056145198051,-0.15191465664609818,0.3556779699618928,0.0
2003-06-15 00:00:00,0.09257064044448829,-0.15212357430392318,0.32825272055891563,0.0
2003-06-22 00:00:00,0.08432463391782788,-0.14350496362218493,0.31257343512895885,0.0
2003-06-29 00:00:00,0.09088492453908371,-0.16176838865344098,0.33094843091654413,0.0
2003-07-06 00:00:00,0.107137831922933,-0.15192494072657478,0.351925597848025,0.0
2003-07-13 00:00:00,0.1242501509912102,-0.121852149500397,0.37527668629336824,0.0
2003-07-20 00:00:00,0.1355947600584092,-0.11524463583827074,0.37602284313236245,0.0
2003-07-27 00:00:00,0.13885903475844336,-0.11596176170461805,0.36305070890564817,0.0
2003-08-03 00:00:00,0.1332854634461616,-0.12425099795330571,0.3744701740222321,0.0
2003-08-10 00:00:00,0.11823953627966485,-0.12890779142965766,0.3631505290962349,0.0
2003-08-17 00:00:00,0.09741049471668238,-0.15121228189203165,0.3283300861699051,0.0
2003-08-24 00:00:00,0.08306829497319121,-0.1624760823919195,0.3247928467037954,0.0
2003-08-31 00:00:00,0.09061844698882114,-0.15565605031864668,0.32448459397695395,0.0
2003-09-07 00:00:00,0.12377713211467133,-0.10633840325668756,0.35658902992306546,0.0
2003-09-14 00:00:00,0.16490831799259062,-0.07555591026599928,0.40548455235694736,0.0
2003-09-21 00:00:00,0.18468802791018848,-0.061907385708834306,0.4352082741355604,0.0
2003-09-28 00:00:00,0.16658008767963348,-0.08516842713575723,0.3963317796569402,0.0
2003-10-05 00:00:00,0.12367643959855484,-0.12701755921649235,0.36502848675032395,0.0
2003-10-12 00:00:00,0.08976537720869053,-0.1552826108977097,0.33990088225028703,0.2973471913068795
2003-10-19 00:00:00,0.09109197603909436,-0.15147483642301887,0.36365222084113386,0.2319972142361624
2003-10-26 00:00:00,0.12480793739616568,-0.10820974619659174,0.37965189415664635,0.2537034442915953
2003-11-02 00:00:00,0.16352442869690686,-0.09268360506711745,0.4229176315968022,0.2169521501653627
2003-11-09 00:00:00,0.17972082145891227,-0.07131204362268373,0.4219053461752945,0.0
2003-11-16 00:00:00,0.16618540701091922,-0.09257476098961198,0.42424189799063683,0.0
2003-11-23 00:00:00,0.13609389493284269,-0.12550438995549815,0.36106247920471324,0.0
2003-11-30 00:00:00,0.10797240433362292,-0.1444991100892248,0.33141831899935115,0.0
2003-12-07 00:00:00,0.09261787658773583,-0.1419793011414753,0.33020948686414764,0.0
2003-12-14 00:00:00,0.0914137721331279,-0.154425350371971,0.334668376198318,0.0
2003-12-21 00:00:00,0.10125728220083613,-0.14907378695241744,0.3377612430427058,0.0
2003-12-28 00:00:00,0.11750014204595428,-0.14162639472764185,0.36901921501433466,0.0
2004-01-04 00:00:00,0.13381665048618605,-0.11681366758792974,0.37554121743398305,0.0
2004-01-11 00:00:00,0.14377889005460565,-0.10415549813805378,0.38788831847488814,0.0
2004-01-18 00:00:00,0.14519536908466676,-0.1088203090243493,0.3773037291450878,0.0
2004-01-25 00:00:00,0.14187620078873053,-0.0915964816560215,0.3879880719017893,0.0
2004-02-01 00:00:00,0.13912043987098727,-0.09993419432471495,0.3814167533735989,0.2165643634807763
2004-02-08 00:00:00,0.13762894119041524,-0.11863678611794012,0.3943088188185997,0.2592964848372656
2004-02-15 00:00:00,0.13386123591058982,-0.10631765488865363,0.3658776836235413,0.2554013917019801
2004-02-22 00:00:00,0.12714222206608147,-0.11423420368444615,0.3751545626956322,0.2687377599799779
2004-02-29 00:00:00,0.12427664975141121,-0.12407703149709451,0.3618133053174162,0.0
2004-03-07 00:00:00,0.13410932603277848,-0.10683684758404127,0.3906185838097993,0.0
2004-03-14 00:00:00,0.15675563254006447,-0.0885937174077348,0.4134487674374868,0.0
2004-03-21 00:00:00,0.18024840290268504,-0.08039578189557284,0.41577447204000817,0.0
2004-03-28 00:00:00,0.19023113871707625,-0.05029165195877772,0.4283863585627824,0.7597757157586696
2004-04-04 00:00:00,0.18348679223087386,-0.07384603646556667,0.4226893138017318,0.8137434988055657
2004-04-11 00:00:00,0.17098310594594746,-0.06120639607055303,0.403893587568799,0.6918225481843576
2004-04-18 00:00:00,0.16712837365799021,-0.07696094742626669,0.4095528641775208,0.7346582372514063
2004-04-25 00:00:00,0.17649896774050466,-0.07448243234818624,0.4147758191006866,0.0
2004-05-02 00:00:00,0.19100895054262437,-0.038118948137151165,0.44127297438659585,0.0
2004-05-09 00:00:00,0.19844279032437853,-0.05061231686573034,0.4459119859131949,0.0
2004-05-16 00:00:00,0.19212841550688076,-0.051671822905232145,0.42990563819327676,0.0
2004-05-23 00:00:00,0.17315814626337106,-0.08311766214192948,0.41916739765388034,0.4286045529307551
2004-05-30 00:00:00,0.14661412454287262,-0.07887663687232926,0.38606712011519373,0.5744065570563736
2004-06-06 00:00:00,0.11849525158618265,-0.1288582283969503,0.36858446133310885,0.5143288734760375
2004-06-13 00:00:00,0.09560080701930004,-0.14496353683637822,0.3380700219240793,0.4826600165368336
2004-06-20 00:00:00,0.08471589436818994,-0.16921938633830721,0.3509567880741875,0.0
2004-06-27 00:00:00,0.08881531530327899,-0.16856254192762712,0.3516916090653104,0.0
2004-07-04 00:00:00,0.10395896901343622,-0.11715306856950827,0.3483018592940887,0.0
2004-07-11 00:00:00,0.12153096551703588,-0.12031600643505885,0.368174586565477,0.0
2004-07-18 00:00:00,0.13418009691644028,-0.10280750185136583,0.36785738377298266,0.0
2004-07-25 00:00:00,0.13894008841250144,-0.11621021880085242,0.3837066749543956,0.0
2004-08-01 00:00:00,0.1350195169285464,-0.11440397193378024,0.3764226977517543,0.0
2004-08-08 00:00:00,0.12160393099615403,-0.13776779308630313,0.3676020628319642,0.0
2004-08-15 00:00:00,0.10115806170303075,-0.14878939581037318,0.35825676001544143,0.0
2004-08-22 00:00:00,0.08445135496399225,-0.17289312697242462,0.3157281559242524,0.0
2004-08-29 00:00:00,0.08727488988487841,-0.1643523410679866,0.3548553563460547,0.0
2004-09-05 00:00:00,0.11653752101930821,-0.11971237833659759,0.34434933031115855,0.0
2004-09-12 00:00:00,0.15834290853734287,-0.07718830461486173,0.39160254721775534,0.2600181958058035
2004-09-19 00:00:00,0.18384863067575863,-0.06426765121653469,0.4331855351196313,0.2375048049514998
2004-09-26 00:00:00,0.17244500826308415,-0.05984188021076403,0.3977483968001916,0.2536375545890845
2004-10-03 00:00:00,0.13176559502156016,-0.10639715136480413,0.3750256960796119,0.2488394446536119
2004-10-10 00:00:00,0.09370492633867963,-0.13005121935244304,0.3434078585917724,0.0
2004-10-17 00:00:00,0.08799925180228824,-0.15824965745021166,0.3336033417337113,0.0
2004-10-24 00:00:00,0.11749274849624446,-0.11630539990703073,0.3633684524163291,0.0
2004-10-31 00:00:00,0.15768650728672953,-0.0994951457653156,0.3873126218671088,0.0
2004-11-07 00:00:00,0.17914545038914434,-0.044569713120856475,0.42304749459320956,0.247629850532132
2004-11-14 00:00:00,0.17038275967423747,-0.06357612175256794,0.41212421254013987,0.2540271785281709
2004-11-21 00:00:00,0.14181295692894916,-0.08458139269305959,0.3883677125623044,0.2427056446422335
2004-11-28 00:00:00,0.1122330467966987,-0.13007328634579188,0.3551728241247316,0.2556373262974634
2004-12-05 00:00:00,0.09427730938583986,-0.15077475984765185,0.33755729605721757,0.0
2004-12-12 00:00:00,0.0907067156500968,-0.13426770716901223,0.34071693832238076,0.0
2004-12-19 00:00:00,0.0988753919068087,-0.14970019130150172,0.33555778408428805,0.0
2004-12-26 00:00:00,0.11438638060565463,-0.1285979614844708,0.35456697477903854,0.0
2005-01-02 00:00:00,0.13120544759290423,-0.11367707106628691,0.3939026104938974,0.5127868743272087
2005-01-09 00:00:00,0.14263832244606361,-0.10936001657664626,0.37228394908828655,0.4876243922823108
2005-01-16 00:00:00,0.14544612418729774,-0.11492501874359146,0.38377952260766957,0.5141386164350539
2005-01-23 00:00:00,0.14252852332623314,-0.11129679140502027,0.38182219821314045,0.4854501169554264
2005-01-30 00:00:00,0.13943742387664979,-0.0894797942803231,0.3963997635220706,0.0
2005-02-06 00:00:00,0.13792630217840196,-0.10802717501730227,0.38930201742911674,0.0
2005-02-13 00:00:00,0.13480011899418715,-0.10071411764032201,0.3622102285408916,0.0
2005-02-20 00:00:00,0.12831228368935943,-0.1255957612178795,0.3718422743796409,0.0
2005-02-27 00:00:00,0.12402229037454746,-0.10964149712703719,0.35305394714297966,0.7666239138264517
2005-03-06 00:00:00,0.13120503702430555,-0.11661217240042066,0.3691824309337361,0.7238971466526375
2005-03-13 00:00:00,0.15214999676911242,-0.08864345429187334,0.388235401113905,0.616277285527289
2005-03-20 00:00:00,0.17667083428023503,-0.07778776963914935,0.4159924136890497,0.8932016539936217
2005-03-27 00:00:00,0.18974952466915146,-0.050968246435681486,0.45088298999621756,0.0
2005-04-03 00:00:00,0.18551447929264575,-0.05328862988805241,0.4496999356299668,0.0
2005-04-10 00:00:00,0.17287545914310554,-0.07421343011198514,0.4082305422926351,0.0
2005-04-17 00:00:00,0.16673575295667978,-0.0940655563316628,0.3972903843916099,0.0
2005-04-24 00:00:00,0.1740367227575923,-0.07245812297902857,0.4272885147717852,0.4814661753581276
2005-05-01 00:00:00,0.18855656767155118,-0.05662599007252461,0.4487451566123045,0.4849148063544666
2005-05-08 00:00:00,0.1979806840142752,-0.05178635895823755,0.43115198598456483,0.5026436035695508
2005-05-15 00:00:00,0.1942285745325723,-0.05539986378895867,0.4334797335525268,0.5309754147178551
2005-05-22 00:00:00,0.1771973172686313,-0.07017274849284089,0.4320846357318353,0.7380999608016077
2005-05-29 00:00:00,0.15157628367205644,-0.0850182117396864,0.4030523107684155,0.7479707318613746
2005-06-05 00:00:00,0.12326615811986096,-0.14317354539274,0.3602187301048147,0.829756042684394
2005-06-12 00:00:00,0.0988938892809928,-0.17506339230881576,0.3513196920706394,0.6841732646526237
2005-06-19 00:00:00,0.08546399710359387,-0.15299504910216274,0.33141182125857704,0.0
2005-06-26 00:00:00,0.08695945181700021,-0.14732919728186092,0.342542122192725,0.0
2005-07-03 00:00:00,0.1006899141793809,-0.15253443396168978,0.3409414488700621,0.0
2005-07-10 00:00:00,0.11846694865581717,-0.12381100905013284,0.381989469839187,0.0
2005-07-17 00:00:00,0.13232301648735842,-0.12478141120098432,0.3770850554860381,0.2105142787411582
2005-07-24 00:00:00,0.1385506628016685,-0.13253450974717215,0.3844827078525166,0.2418106500412293
2005-07-31 00:00:00,0.13623611918315837,-0.10747771489601435,0.3749266383393276,0.2586004988843486
2005-08-07 00:00:00,0.12450109491812021,-0.1342063186560952,0.35082502961583417,0.2890745723332638
2005-08-14 00:00:00,0.10477787115545456,-0.15236756878877492,0.3653317296825562,0.0
2005-08-21 00:00:00,0.08623998092785393,-0.17505028958374222,0.32116431837900733,0.0
2005-08-28 00:00:00,0.08458356988986986,-0.16048991518974423,0.3308361341279282,0.0
2005-09-04 00:00:00,0.10948103707596346,-0.12224412223776152,0.3522958342862095,0.0
2005-09-11 00:00:00,0.1509620821546802,-0.08590132900378825,0.3894154473921986,0.4815913847388213
2005-09-18 00:00:00,0.1814715597505966,-0.05238165565095784,0.4212113491984567,0.5083697500114518
2005-09-25 00:00:00,0.177021637839425,-0.061241569283888575,0.4247629483799047,0.444716036170704
2005-10-02 00:00:00,0.1396565140441848,-0.10635101479223508,0.3876355902507015,0.5653228290790231
2005-10-09 00:00:00,0.09846250922452829,-0.15864917346086824,0.3516980413985974,0.4906929145598489
2005-10-16 00:00:00,0.08581090896112423,-0.15820973688361153,0.328724842770703,0.5214348726084499
2005-10-23 00:00:00,0.11022903407826375,-0.1446433783891816,0.3573219236088241,0.4618216116695686
2005-10-30 00:00:00,0.1508899812133749,-0.08941102039170837,0.4087461517337271,0.5260506011621329
2005-11-06 00:00:00,0.17723117399847232,-0.05716286539590254,0.4239141758436926,0.0
2005-11-13 00:00:00,0.17361024354710394,-0.07641185567003073,0.4172327289669475,0.0
2005-11-20 00:00:00,0.14719884538515962,-0.0996662351246092,0.38802667862231977,0.0
2005-11-27 00:00:00,0.116566614046267,-0.10950914603749154,0.3514826525363302,0.0
2005-12-04 00:00:00,0.09607747579061936,-0.14428443819243428,0.36550829423040865,0.0
2005-12-11 00:00:00,0.09004087388395232,-0.1509544716409317,0.32247881186012706,0.0
2005-12-18 00:00:00,0.09639161415148421,-0.16245714361798705,0.33527478219675605,0.0
2005-12-25 00:00:00,0.11097211935420598,-0.1335398276993178,0.35840591510975445,0.0
2006-01-01 00:00:00,0.12806284168416873,-0.10494449699918232,0.3716841326511121,0.0
2006-01-08 00:00:00,0.14084915128211614,-0.10243855623206541,0.38512689374509945,0.0
2006-01-15 00:00:00,0.14514619169760923,-0.07594788877359962,0.38915552004961407,0.0
2006-01-22 00:00:00,0.14282260238353628,-0.10679011812678557,0.399219566409867,0.0
2006-01-29 00:00:00,0.1394513325693366,-0.1055454359238745,0.3874987185901949,0.0
2006-02-05 00:00:00,0.13779403733755782,-0.09611000828273344,0.38195649696121425,0.0
2006-02-12 00:00:00,0.13522991902452455,-0.11050448398428836,0.38765316417533136,0.0
2006-02-19 00:00:00,0.12915584447786438,-0.10978792084965786,0.3728197145061839,0.0
2006-02-26 00:00:00,0.12376510861329128,-0.11514741242798499,0.3705065201702353,0.2720527874873162
2006-03-05 00:00:00,0.12838368405244785,-0.11223494850232421,0.3695639627886418,0.2946708317164633
2006-03-12 00:00:00,0.1472685845689567,-0.0964280782210428,0.38689570851369537,0.215389203196839
2006-03-19 00:00:00,0.17228505547396422,-0.058540160811376946,0.40227241253673707,0.2178871775993812
2006-03-26 00:00:00,0.18824399451476592,-0.06309098449317227,0.4423509295014544,0.2869120063701547
2006-04-02 00:00:00,0.1868174199646861,-0.0688821800427793,0.44352879105170095,0.2093071428159705
2006-04-09 00:00:00,0.17454853032691497,-0.07563534793408774,0.4258571915644572,0.2466941118861256
2006-04-16 00:00:00,0.16634844883386715,-0.07178742050950179,0.42690490974377027,0.2570867389277492
2006-04-23 00:00:00,0.17134785806664277,-0.07945348331146482,0.4108468427076146,0.6756587089018201
2006-04-30 00:00:00,0.18544281198402263,-0.059143183997086124,0.42847034360822445,0.7091647037819157
2006-05-07 00:00:00,0.19657856219582281,-0.038181154385271227,0.4445179703534984,0.7998038747255727
2006-05-14 00:00:00,0.19538512599139485,-0.06277776036735447,0.43411569854159104,0.8153727125906914
2006-05-21 00:00:00,0.1804416006829151,-0.06886365355315738,0.4384384327790283,0.0
2006-05-28 00:00:00,0.1559199891379557,-0.09944341894910025,0.4172210678847845,0.0
2006-06-04 00:00:00,0.12761819594125895,-0.11637748194003517,0.38070522814764796,0.0
2006-06-11 00:00:00,0.1020054739842173,-0.1347853944072762,0.3560142188195169,0.0
2006-06-18 00:00:00,0.08617375224692653,-0.16365090599440077,0.32075351619699416,0.0
2006-06-25 00:00:00,0.08498078528324979,-0.13660687681557668,0.32924177933934695,0.0
2006-07-02 00:00:00,0.0970239145547505,-0.1623922769189791,0.35065686454866385,0.0
2006-07-09 00:00:00,0.1147442037457417,-0.12354727928200535,0.3575591121014048,0.0
2006-07-16 00:00:00,0.12969900810413665,-0.10216255110226063,0.3587382605551695,0.0
2006-07-23 00:00:00,0.13737958145057264,-0.12023010481415489,0.37292721630379266,0.0
2006-07-30 00:00:00,0.13664099240209573,-0.11101205547903531,0.38169382310453936,0.0
2006-08-06 00:00:00,0.12661838644902787,-0.1319252435571953,0.3638794125457003,0.0
2006-08-13 00:00:00,0.10791554759522184,-0.14587576699020052,0.34263428348335057,0.5227253424478379
2006-08-20 00:00:00,0.0880876965514113,-0.15766945267653784,0.3425073830721016,0.4901188240201848
2006-08-27 00:00:00,0.08230628291148019,-0.16423937020352455,0.3338696204940421,0.5324242028844425
2006-09-03 00:00:00,0.1025215162651308,-0.14584429479989483,0.35893865893010135,0.4547316306475347
2006-09-10 00:00:00,0.1427424098493487,-0.1101519164384773,0.39024041807924714,0.0
2006-09-17 00:00:00,0.17742479018987323,-0.06535517980442096,0.43153572091337433,0.0
2006-09-24 00:00:00,0.1799909271739044,-0.07304142437386818,0.4182239049732813,0.0
2006-10-01 00:00:00,0.1469386927251216,-0.07807197243871414,0.3824829291623649,0.0
2006-10-08 00:00:00,0.10372487153193129,-0.14686007621715122,0.3474064192705253,0.0
2006-10-15 00:00:00,0.08441603631563444,-0.172360720137504,0.32820981427008455,0.0
2006-10-22 00:00:00,0.1030371326975815,-0.1480650797527648,0.3558336335959351,0.0
2006-10-29 00:00:00,0.1431197203509611,-0.11276425683450511,0.38536171864928914,0.0
2006-11-05 00:00:00,0.1738246266337804,-0.06201214452819609,0.4405659451747441,0.2289120766507092
2006-11-12 00:00:00,0.17561125651115178,-0.0540604518840635,0.42066090079439133,0.247320829487466
2006-11-19 00:00:00,0.15199742998020976,-0.09595260565470048,0.41360311841199215,0.2577464003978792
2006-11-26 00:00:00,0.12078671593035284,-0.10392285331254444,0.36651718792596005,0.2660206934639455
2006-12-03 00:00:00,0.09788593347439377,-0.1495550126627563,0.344659391878115,0.0
2006-12-10 00:00:00,0.0893025527833473,-0.16427863426815112,0.32517592344212043,0.0
2006-12-17 00:00:00,0.09370110414756755,-0.14417662336276613,0.3326562030858955,0.0
2006-12-24 00:00:00,0.10716694124907156,-0.14748841982041802,0.34288036266020283,0.0
2006-12-31 00:00:00,0.1242986421462697,-0.13530869662942688,0.3453672029298408,0.5422600613992886
2007-01-07 00:00:00,0.13829139209291197,-0.11514627328786933,0.3706506203747198,0.5019107614791721
2007-01-14 00:00:00,0.1441416619003518,-0.0796211727519924,0.3817865161470606,0.4562689904227981
2007-01-21 00:00:00,0.142607864859185,-0.1122285984874507,0.3997548139017959,0.4995601866987412
2007-01-28 00:00:00,0.13905074974456696,-0.11339379554586376,0.4044803795153413,0.0
2007-02-04 00:00:00,0.13714485737973398,-0.09764163002044837,0.3895614277622895,0.0
2007-02-11 00:00:00,0.1350358835129958,-0.1079898608579889,0.3779129334125486,0.0
2007-02-18 00:00:00,0.12951118197670305,-0.13686546557172305,0.37093060207815154,0.0
2007-02-25 00:00:00,0.12334588114154654,-0.10826915165008102,0.36619715429740374,0.0
2007-03-04 00:00:00,0.1255571533601718,-0.12604600702912402,0.3769051799848421,0.0
2007-03-11 00:00:00,0.1421180277277693,-0.11374752578799371,0.3938356026715025,0.0
2007-03-18 00:00:00,0.16711505383835015,-0.06641978887623193,0.4172022035721251,0.0
2007-03-25 00:00:00,0.18567556232173765,-0.07696318697605758,0.43083273714115633,0.5428563043633807
2007-04-01 00:00:00,0.1872968222373019,-0.05256104790097729,0.4465524474642609,0.506567652245797
2007-04-08 00:00:00,0.17592699876858062,-0.06931684271783975,0.4202285379084214,0.4820766001173049
2007-04-15 00:00:00,0.16599035122445213,-0.0785352156350066,0.4077759513075796,0.4684994432735176
2007-04-22 00:00:00,0.1685515880369734,-0.07574505297443201,0.423179854273919,0.0
2007-04-29 00:00:00,0.18181651091225026,-0.06296058058281218,0.44581451922498316,0.0
2007-05-06 00:00:00,0.19436193476380034,-0.04986525082741111,0.43629953745165095,0.0
2007-05-13 00:00:00,0.19570175896024716,-0.056315774786741685,0.4302250117862003,0.0
2007-05-20 00:00:00,0.18300223338224506,-0.07870949394922339,0.4295510617512971,0.0
2007-05-27 00:00:00,0.1597773546685454,-0.08927634306753124,0.39352295835193163,0.0
2007-06-03 00:00:00,0.13169961253332785,-0.12282040440223532,0.38581378597956484,0.0
2007-06-10 00:00:00,0.10508377485915185,-0.13829367481513302,0.33709318077317063,0.0
2007-06-17 00:00:00,0.08702103548368081,-0.1457650602496813,0.331221102743798,0.0
2007-06-24 00:00:00,0.08309835342233451,-0.17482942859151177,0.3220098578165216,0.0
2007-07-01 00:00:00,0.09320026386594575,-0.1462974071999397,0.32641577855338477,0.0
2007-07-08 00:00:00,0.11058314649428484,-0.144180024627122,0.3565499483413126,0.0
2007-07-15 00:00:00,0.12649878039759838,-0.10885850453878021,0.3769502276933834,0.2386826712418655
2007-07-22 00:00:00,0.1356099515849591,-0.10415648099363231,0.3673182902357298,0.2467707864599921
2007-07-29 00:00:00,0.13642005764265314,-0.10790287069241078,0.37677077286166594,0.2515127291511416
2007-08-05 00:00:00,0.1281142784211549,-0.12111562555994423,0.36428222963512,0.2630338131470007
2007-08-12 00:00:00,0.11067104903184097,-0.140097443631135,0.3615171953278893,0.0
2007-08-19 00:00:00,0.0900709434634066,-0.15319866849270522,0.326697040947337,0.0
2007-08-26 00:00:00,0.08059373157111821,-0.1537794688243658,0.3294595523220569,0.0
2007-09-02 00:00:00,0.09594622931635999,-0.1691927621469899,0.3515612127464973,0.0
2007-09-09 00:00:00,0.13404219186436325,-0.10732040406781035,0.3914675617530826,0.7561750990306653
2007-09-16 00:00:00,0.171981292774101,-0.068156154747395,0.40507180050224,0.7899152378902825
2007-09-23 00:00:00,0.1814364029174254,-0.06932984456265581,0.4265411601442425,0.7142507325453691
2007-09-30 00:00:00,0.15357159792658331,-0.0939872123420736,0.401737900692151,0.7396589305336828
2007-10-07 00:00:00,0.10951196343141231,-0.1410442284984584,0.3697160508617755,0.0
2007-10-14 00:00:00,0.08402649322215835,-0.1574546500599264,0.31273580079125207,0.0
2007-10-21 00:00:00,0.09627999879360238,-0.14798331980772897,0.3450964915819881,0.0
2007-10-28 00:00:00,0.13472840585044296,-0.1035091168443438,0.36717992250866105,0.0
2007-11-04 00:00:00,0.16914442383872808,-0.08411334702482717,0.4046943434693636,0.4298259819629668
2007-11-11 00:00:00,0.17648220584495378,-0.05287564189938734,0.43065888852178114,0.5012281827168871
2007-11-18 00:00:00,0.1562847963780473,-0.0767671496834797,0.40130627062508206,0.4736465506716809
2007-11-25 00:00:00,0.12502731219796265,-0.12792109631626894,0.36062882418141906,0.5952992846484653
2007-12-02 00:00:00,0.09990605473356007,-0.1651222189825993,0.33647396026836224,0.0
2007-12-09 00:00:00,0.08872881051256368,-0.15060501714253618,0.3206691138705475,0.0
2007-12-16 00:00:00,0.09105911977766121,-0.1490556870415435,0.33591841463508454,0.0
2007-12-23 00:00:00,0.10324996398948509,-0.14954069631751601,0.3369471770744866,0.0
2007-12-30 00:00:00,0.12020651411999586,-0.10531096598660694,0.3575143593342839,0.0
2008-01-06 00:00:00,0.13524340218669126,-0.10721192309581604,0.3735144478512647,0.0
2008-01-13 00:00:00,0.14268405710856333,-0.08155657596104704,0.4076087757477279,0.0
2008-01-20 00:00:00,0.14214056887445153,-0.11052149340892839,0.3870084897539904,0.0
2008-01-27 00:00:00,0.13853731348608456,-0.11111084646602445,0.3764507965680841,0.2351003356448263
2008-02-03 00:00:00,0.1363211205597978,-0.10990856180029168,0.38789541705956576,0.234405357157329
2008-02-10 00:00:00,0.13455165070706782,-0.11141813925839916,0.3642987089506212,0.2561014362694924
2008-02-17 00:00:00,0.1296731172699235,-0.12042485819153972,0.39155533597998027,0.2743928709283522
2008-02-24 00:00:00,0.12305897501197739,-0.1214293962070748,0.3768536274237879,0.2186105162792539
2008-03-02 00:00:00,0.12309113273107458,-0.12903683008779296,0.357758369302858,0.2712713508336778
2008-03-09 00:00:00,0.13713488796042778,-0.08910674871394217,0.36086718362656695,0.2613356757867196
2008-03-16 00:00:00,0.16160171811888027,-0.09641027294140642,0.3962259049878636,0.2487824571003485
2008-03-23 00:00:00,0.18240192194052401,-0.06823855301467421,0.42444171983566326,0.2081923767356656
2008-03-30 00:00:00,0.18721240908500608,-0.05996066586452159,0.43308666052251454,0.2613485000328287
2008-04-06 00:00:00,0.17724661753124055,-0.06394125402798675,0.4354476439022159,0.2639653287549197
2008-04-13 00:00:00,0.16595754838758645,-0.09089404803552953,0.40260216966247886,0.266493794476586
2008-04-20 00:00:00,0.1660161617402743,-0.08871864430204815,0.39699298369052205,0.0
2008-04-27 00:00:00,0.17805839980865182,-0.07469975315915311,0.4264876800682522,0.0
2008-05-04 00:00:00,0.19166378482286153,-0.04812233677140443,0.43484409001617064,0.0
2008-05-11 00:00:00,0.1954557537061522,-0.05932204517030873,0.43936091318241677,0.0
2008-05-18 00:00:00,0.1851289285717455,-0.0424000053405712,0.4193933467896248,0.0
2008-05-25 00:00:00,0.16338842442896137,-0.0810910327118248,0.4243394897380933,0.0
2008-06-01 00:00:00,0.13573728894014342,-0.11156839989154438,0.39105706625528225,0.0
2008-06-08 00:00:00,0.10835397144795504,-0.12008824046814448,0.34673987330844147,0.0
2008-06-15 00:00:00,0.0882549869767957,-0.151632706397727,0.32595024333230455,0.0
2008-06-22 00:00:00,0.0816058659768433,-0.17282229261749352,0.3215089613554868,0.0
2008-06-29 00:00:00,0.08954106241910413,-0.15178121613590886,0.337265588347837,0.0
2008-07-06 00:00:00,0.10629455901195832,-0.14136030378536388,0.3397267999392838,0.0
2008-07-13 00:00:00,0.1230037913401522,-0.1279898129483071,0.3457450909359744,0.0
2008-07-20 00:00:00,0.1335125432693315,-0.12075207227141915,0.3739865935244241,0.0
2008-07-27 00:00:00,0.13584956468290044,-0.12138994586744115,0.3738407226802598,0.0
2008-08-03 00:00:00,0.12924663361174046,-0.13763621606902246,0.3932717094044079,0.0
2008-08-10 00:00:00,0.11324752525818266,-0.1564113082120975,0.35028613361587857,0.0
2008-08-17 00:00:00,0.09235850572116555,-0.16984816478320594,0.32895831777484696,0.0
2008-08-24 00:00:00,0.07967208002797105,-0.16968740472500657,0.31032808824691815,0.0
2008-08-31 00:00:00,0.09011624702087646,-0.16843777629642695,0.31929232960577847,0.0
2008-09-07 00:00:00,0.12531673736201987,-0.11372482853174548,0.3487630272548827,0.2423909259317306
2008-09-14 00:00:00,0.16553881299196715,-0.06362483375178082,0.40273427463600553,0.2926609487709223
2008-09-21 00:00:00,0.1815724814937189,-0.04214004335531091,0.4244326410049891,0.2436335728564909
2008-09-28 00:00:00,0.15961978546120467,-0.08082812030292211,0.4040967104631241,0.2213145524408562
2008-10-05 00:00:00,0.11591283845485725,-0.13578932928868356,0.35463311348141185,0.0
2008-10-12 00:00:00,0.08490943592813396,-0.13591436592971304,0.3321601576341238,0.0
2008-10-19 00:00:00,0.09039420439901966,-0.14949035184250423,0.3339378967428088,0.0
2008-10-26 00:00:00,0.126171555784242,-0.1133212285898117,0.36894754681018627,0.0
2008-11-02 00:00:00,0.16352358540038503,-0.06855424248521869,0.4132869633862045,0.0
2008-11-09 00:00:00,0.17642063318838527,-0.06371891743385716,0.4166645956900972,0.0
2008-11-16 00:00:00,0.16021705418412446,-0.08876418495988034,0.42187330915579235,0.0
2008-11-23 00:00:00,0.12949240880905108,-0.12114677691114331,0.36622019214944646,0.0
2008-11-30 00:00:00,0.10239327121437443,-0.12924145572048354,0.34700263054300967,0.4091010615524176
2008-12-07 00:00:00,0.08859229418529063,-0.1500240549624133,0.33275480344567643,0.5914694539880132
2008-12-14 00:00:00,0.0887344154530399,-0.14897909195487938,0.346809740444707,0.5234148947088334
2008-12-21 00:00:00,0.09949042048148418,-0.15423278024268042,0.3492958051069791,0.4760145897507354
2008-12-28 00:00:00,0.11605152435883612,-0.10076137697578524,0.375856208077375,0.0
2009-01-04 00:00:00,0.13193782019820108,-0.09295364501983883,0.3909781028578905,0.0
2009-01-11 00:00:00,0.14095560041240088,-0.09330575602590183,0.3849570880537263,0.0
2009-01-18 00:00:00,0.1415771979212795,-0.12439751703436555,0.3624111133626824,0.0
2009-01-25 00:00:00,0.13808526296250873,-0.10050449763990138,0.38652527101154877,0.0
2009-02-01 00:00:00,0.13552051680788033,-0.1026719972818732,0.3748610759869312,0.0
2009-02-08 00:00:00,0.13395335951560192,-0.10068278686711868,0.3893780392425902,0.0
2009-02-15 00:00:00,0.1297573353836266,-0.10908001117478783,0.35864214000324424,0.0
2009-02-22 00:00:00,0.12298566076712912,-0.12010630904321326,0.36286344707385254,0.0
2009-03-01 00:00:00,0.12110436759749629,-0.11785080356379524,0.3505297336129176,0.0
2009-03-08 00:00:00,0.1325161052162606,-0.12413023876199766,0.37253458934214034,0.0
2009-03-15 00:00:00,0.15596676872111215,-0.09432759924740278,0.40393855257989286,0.0
2009-03-22 00:00:00,0.17857817490031072,-0.05229161974454105,0.42016266324963214,0.2190991098835069
2009-03-29 00:00:00,0.18662050562704602,-0.062498172787973344,0.4318530904388529,0.2437122913129978
2009-04-05 00:00:00,0.17852687879437237,-0.06295025730599649,0.4313476068997888,0.2522535513128495
2009-04-12 00:00:00,0.16632266182723873,-0.08010761338526556,0.41065292975419476,0.2849350474906456
2009-04-19 00:00:00,0.1638949468376825,-0.08386927830238414,0.40655846866711276,0.0
2009-04-26 00:00:00,0.17435149125383737,-0.06441615618085345,0.4171866018716236,0.0
2009-05-03 00:00:00,0.18863106183057599,-0.051211158026188724,0.4382072979074694,0.0
2009-05-10 00:00:00,0.19473995353210383,-0.05054400530849418,0.43583623358929446,0.0
2009-05-17 00:00:00,0.18688564333623842,-0.0725933944625766,0.4259253355354108,0.0
2009-05-24 00:00:00,0.16681037151731956,-0.07400426847806268,0.40619409515032845,0.0
2009-05-31 00:00:00,0.13978044771766035,-0.09190934770530829,0.39359610509970666,0.0
2009-06-07 00:00:00,0.111857374847259,-0.13716353993033767,0.3570728471569059,0.0
2009-06-14 00:00:00,0.08993164688302335,-0.14417572599927417,0.33512075279106224,0.0
2009-06-21 00:00:00,0.08059863746005638,-0.16506147314976186,0.3319830959916476,0.0
2009-06-28 00:00:00,0.08617190874594298,-0.16751182489549657,0.3307859404870175,0.0
2009-07-05 00:00:00,0.10199568151206743,-0.14118867362075652,0.3638284664018393,0.0
2009-07-12 00:00:00,0.11929829624685594,-0.13066266281601777,0.3743694825038745,0.0
2009-07-19 00:00:00,0.13115237307001995,-0.1377514263967657,0.38005238278247244,0.0
2009-07-26 00:00:00,0.13499580782250933,-0.10063440996642986,0.3773763897751168,0.0
2009-08-02 00:00:00,0.13006649759887184,-0.11351683939268101,0.3670981550452057,0.0
2009-08-09 00:00:00,0.11564169144746825,-0.1363874339693911,0.3528453285229276,0.0
2009-08-16 00:00:00,0.0948990866154586,-0.1497549279001529,0.33028789534352854,0.0
2009-08-23 00:00:00,0.07952475923350431,-0.17741998428683062,0.3112586978821099,0.0
2009-08-30 00:00:00,0.08513875837633356,-0.1648654397459682,0.3419817974586181,0.0
2009-09-06 00:00:00,0.11678135204218393,-0.12182671424760125,0.35160820801358184,0.2626317140668684
2009-09-13 00:00:00,0.15828143138258885,-0.09011516592797544,0.3913848196334828,0.2367549396750236
2009-09-20 00:00:00,0.18040930067379657,-0.06126363659314793,0.40859420104071664,0.2500889412752024
2009-09-27 00:00:00,0.16492039703359418,-0.0923946396951193,0.41092201327739264,0.2505244049829053
2009-10-04 00:00:00,0.12275016701876688,-0.11814591040763348,0.3548926026608973,0.0
2009-10-11 00:00:00,0.08704390549591881,-0.14315073804535125,0.3276987671951811,0.0
2009-10-18 00:00:00,0.08553935612240243,-0.16393365754453512,0.32691284202184984,0.0
2009-10-25 00:00:00,0.11765507277398089,-0.12785288488810467,0.3635258301373211,0.0
2009-11-01 00:00:00,0.15705934840423907,-0.09932453387872531,0.40341334617515245,0.524182854969925
2009-11-08 00:00:00,0.17537644439852984,-0.06858762925800885,0.4208101574900245,0.5021508951541798
2009-11-15 00:00:00,0.1636790162244258,-0.09123793473119077,0.42133041376643765,0.4940120737403857
2009-11-22 00:00:00,0.13409977135471107,-0.10979617847438436,0.3815996110735985,0.4796541761355097
2009-11-29 00:00:00,0.10532976871174979,-0.13760990365437323,0.3673634599784971,0.0
2009-12-06 00:00:00,0.08890912930323966,-0.16779087906385834,0.3360411214456533,0.0
2009-12-13 00:00:00,0.08675070538483888,-0.16449593281151884,0.3376574240826365,0.0
2009-12-20 00:00:00,0.09592137877998114,-0.15088933668192125,0.34379716234837543,0.0
2009-12-27 00:00:00,0.11187556126963882,-0.1340701313814451,0.3632070495262684,0.0
2010-01-03 00:00:00,0.12839992834109173,-0.11837757179230238,0.3861728868285065,0.0
2010-01-10 00:00:00,0.13894173039729135,-0.11219850334908274,0.3826405558481224,0.0
2010-01-17 00:00:00,0.14088029670919838,-0.09611909874188274,0.37903652849035574,0.0
2010-01-24 00:00:00,0.13767854794324497,-0.10253114162319021,0.3779904956070721,0.2238249654296031
2010-01-31 00:00:00,0.1347639535646275,-0.09324182951344492,0.38455710765371054,0.2694847009477207
2010-02-07 00:00:00,0.13326033148733576,-0.11486642880733344,0.36150654439684315,0.2120853704395733
2010-02-14 00:00:00,0.12973599136261627,-0.10900553873549323,0.36920666106722355,0.2946049631831026
2010-02-21 00:00:00,0.12306399650506578,-0.12144199516245355,0.37315215016169156,0.0
2010-02-28 00:00:00,0.11956985091279021,-0.14088180248197427,0.35976439726176235,0.0
2010-03-07 00:00:00,0.12831646956771228,-0.12765940451755456,0.3615884714897159,0.0
2010-03-14 00:00:00,0.150308247011648,-0.099242671422965,0.3862178934457261,0.0
2010-03-21 00:00:00,0.17425377615992735,-0.04450096841512094,0.42991370219131675,0.0
2010-03-28 00:00:00,0.18547367055540087,-0.049338847261952035,0.4200797477467042,0.0
2010-04-04 00:00:00,0.1796709863478368,-0.04991299866062013,0.42971428078001317,0.0
2010-04-11 00:00:00,0.16703197738228048,-0.07385042696525859,0.42055430069192723,0.0
2010-04-18 00:00:00,0.1622201825322146,-0.10034815710037062,0.4134770291816656,0.2509391351601104
2010-04-25 00:00:00,0.17077375198639186,-0.08995014678380922,0.42639842974241526,0.2530168931144224
2010-05-02 00:00:00,0.18531846536116756,-0.061657532639703305,0.4318291752905893,0.2574786949971113
2010-05-09 00:00:00,0.19355743063698916,-0.059360492097023626,0.43031239936261445,0.2385652767283557
2010-05-16 00:00:00,0.1882444315011939,-0.05883807571425942,0.45336910364182426,0.7297304465911141
2010-05-23 00:00:00,0.17000984148436793,-0.07420935049741828,0.4149043870162583,0.6884689240274553
2010-05-30 00:00:00,0.1437924235740763,-0.10659384354885332,0.3716661856865885,0.8530076308317582
2010-06-06 00:00:00,0.11555135876282262,-0.1166117570379146,0.36282486293921257,0.7287929985496722
2010-06-13 00:00:00,0.09202129889895128,-0.1678385412647517,0.31896651423975586,0.0
2010-06-20 00:00:00,0.08008703829340531,-0.16594401529573996,0.3232394974071213,0.0
2010-06-27 00:00:00,0.08314157789441681,-0.15079871556393085,0.32345744982916813,0.0
2010-07-04 00:00:00,0.09773769819364703,-0.15157899584625142,0.3366088249311719,0.0
2010-07-11 00:00:00,0.11540553837065586,-0.11904796946797655,0.3679273837769754,0.0
2010-07-18 00:00:00,0.1285324564837361,-0.11301099610141871,0.37029028207909676,0.0
2010-07-25 00:00:00,0.1338648168253687,-0.09854795302149416,0.3862979120354687,0.0
2010-08-01 00:00:00,0.130574196757726,-0.11568815659544501,0.3669036139505709,0.0
2010-08-08 00:00:00,0.11780878018604743,-0.1317055842421477,0.3537197572121032,0.0
2010-08-15 00:00:00,0.09759631243986772,-0.1681949373318605,0.34394071252834546,0.0
2010-08-22 00:00:00,0.08007511121455621,-0.17091969757972184,0.3221938461970415,0.0
2010-08-29 00:00:00,0.08105340863105756,-0.16949830383107714,0.3116703643320403,0.0
2010-09-05 00:00:00,0.10860060825228436,-0.11454908225184596,0.3649039362905373,0.0
2010-09-12 00:00:00,0.15037593891469694,-0.0943840005172859,0.3935691053346424,0.0
2010-09-19 00:00:00,0.17796137650687316,-0.04731332322523199,0.4355580198471032,0.0
2010-09-26 00:00:00,0.16930462585576797,-0.08954729134106915,0.416348904086847,0.0
2010-10-03 00:00:00,0.1298094391198206,-0.12163216912566369,0.3728995605100642,0.2352711725246122
2010-10-10 00:00:00,0.09035221198816157,-0.13899370135579356,0.3460779562032843,0.2430610334192773
2010-10-17 00:00:00,0.08183128062554004,-0.16709763119277174,0.31906260321934515,0.2514127629034814
2010-10-24 00:00:00,0.10937508334442059,-0.1274046001596453,0.36601743078492,0.270255031152629
2010-10-31 00:00:00,0.14986442346675607,-0.10429356171000831,0.4036348341570658,0.5442035605542788
2010-11-07 00:00:00,0.17331464952572745,-0.07529868138386048,0.42237597416698636,0.5107756309185744
2010-11-14 00:00:00,0.16655467246400146,-0.07241804619568201,0.42625079048132597,0.5199650744904835
2010-11-21 00:00:00,0.13875616320669823,-0.0963711879048598,0.40043088383786296,0.4250557340366632
2010-11-28 00:00:00,0.10868757877821297,-0.1204684303266691,0.34070785318856456,0.0
2010-12-05 00:00:00,0.0896921413423218,-0.1511490233320987,0.3522377909136646,0.0
2010-12-12 00:00:00,0.08513082117230798,-0.17169518887709626,0.33449805266106913,0.0
2010-12-19 00:00:00,0.09257366212044438,-0.1540497802668138,0.3219180333132209,0.0
2010-12-26 00:00:00,0.10772016307801299,-0.12882544899240686,0.3572040192199172,0.2425348530655476
2011-01-02 00:00:00,0.12466037767033217,-0.13241537105151244,0.34998532211312305,0.2554680063351311
2011-01-09 00:00:00,0.1366351348113465,-0.10038932733817474,0.4081660312069384,0.2564831112016921
2011-01-16 00:00:00,0.14001338344688577,-0.1048431767669532,0.3862907523161109,0.2455140293976292
2011-01-23 00:00:00,0.1372945975337533,-0.09714563394857476,0.3896911154555207,0.2581305154997862
2011-01-30 00:00:00,0.13406723749671262,-0.10781529650678373,0.38658345213208856,0.2377720384130496
2011-02-06 00:00:00,0.13249633087165016,-0.11570676025374566,0.3717150470159133,0.2423085967333726
2011-02-13 00:00:00,0.12959091604363307,-0.10886337039291685,0.3758058403901394,0.2617888493537915
2011-02-20 00:00:00,0.12323391991893783,-0.11740212599828578,0.36672939298314733,0.0
2011-02-27 00:00:00,0.1184490318970961,-0.11997449215547393,0.3636158775309316,0.0
2011-03-06 00:00:00,0.12457632694335323,-0.12793394874110528,0.37336558600366776,0.0
2011-03-13 00:00:00,0.1447228347023121,-0.1024166195714554,0.3833406981233729,0.0
2011-03-20 00:00:00,0.1694928903845997,-0.06908661387746756,0.41993933178821985,0.2629081491722944
2011-03-27 00:00:00,0.18374093786918855,-0.07351785944376818,0.4435247975795952,0.2325182210643005
2011-04-03 00:00:00,0.18058417234773383,-0.06694727445108078,0.4202026274644036,0.2495206657363298
2011-04-10 00:00:00,0.16801850418237024,-0.08017159599024887,0.40957214123408736,0.2550529640270752
2011-04-17 00:00:00,0.16100963344968863,-0.0842467459617369,0.40055253491846043,0.0
2011-04-24 00:00:00,0.16740031318735693,-0.07546779085467153,0.4443818227545061,0.0
2011-05-01 00:00:00,0.18178865827967705,-0.06454008388168556,0.418862271148564,0.0
2011-05-08 00:00:00,0.19191993322126155,-0.06499981019122245,0.430635907605734,0.0
2011-05-15 00:00:00,0.1891805068188863,-0.07159163841888322,0.43794829814683256,0.0
2011-05-22 00:00:00,0.17295362552226956,-0.07268043955604556,0.4268238547133716,0.0
2011-05-29 00:00:00,0.14773767606567595,-0.07503288709035294,0.3994151235407776,0.0
2011-06-05 00:00:00,0.11939370101117758,-0.11997852420877433,0.3690647310550714,0.0
2011-06-12 00:00:00,0.09448966921358257,-0.15945907072483176,0.3110823596009724,0.0
2011-06-19 00:00:00,0.08007318650360234,-0.15895586927284647,0.3133778125628832,0.0
2011-06-26 00:00:00,0.08049398533777077,-0.16445482707138967,0.3139402383552095,0.0
2011-07-03 00:00:00,0.0935744153127262,-0.15587892981239723,0.32355107992597265,0.0
2011-07-10 00:00:00,0.11135432897186166,-0.1201762108471455,0.362547504695789,0.0
2011-07-17 00:00:00,0.12565748045533898,-0.10665575692162726,0.3690980643171646,0.0
2011-07-24 00:00:00,0.1324613725161799,-0.12751042086677725,0.36691616959538154,0.0
2011-07-31 00:00:00,0.13077368712521034,-0.10415860912969202,0.3711053520604699,0.0
2011-08-07 00:00:00,0.11971449867429312,-0.1247810485102103,0.37165016917329396,0.0
2011-08-14 00:00:00,0.10035998435618763,-0.16359122192592127,0.3355200999912568,0.0
2011-08-21 00:00:00,0.08123515628610378,-0.16267813193894395,0.3361920342111242,0.0
2011-08-28 00:00:00,0.07787457170313875,-0.183791966689716,0.30746638607560833,0.0
2011-09-04 00:00:00,0.10092250705420004,-0.13601379794815258,0.3469555094173503,0.8354627220575196
2011-09-11 00:00:00,0.14200132076449662,-0.10160410873759695,0.3989078882527394,0.7105028024225594
2011-09-18 00:00:00,0.17427786291447375,-0.06280071967518602,0.4093620092150322,0.7951662947920464
2011-09-25 00:00:00,0.17263037761816402,-0.06447009016122277,0.413036022058172,0.6588681807278748
2011-10-02 00:00:00,0.13686971219574076,-0.10618072806457762,0.3757389710629795,0.0
2011-10-09 00:00:00,0.09472279945081236,-0.15379009812709385,0.3519873480412359,0.0
2011-10-16 00:00:00,0.07935549270681153,-0.16511423584808696,0.3139937761902543,0.0
2011-10-23 00:00:00,0.10152622423285337,-0.14821301431072084,0.3432923400447348,0.0
2011-10-30 00:00:00,0.1420753291416219,-0.11574222075198518,0.3810413910649686,0.2581352949593744
2011-11-06 00:00:00,0.17022476134326647,-0.09126689328327656,0.4099775930719911,0.2476377173109587
2011-11-13 00:00:00,0.16873428433902993,-0.07312040207446796,0.4122595567183762,0.2058925113461937
2011-11-20 00:00:00,0.14335870579369414,-0.1066736321169619,0.3967674924823378,0.2883344763834731
2011-11-27 00:00:00,0.1124276060875959,-0.15123904128279905,0.3442837792282367,0.0
2011-12-04 00:00:00,0.09094977423420798,-0.14643777652586307,0.3364389196983951,0.0
2011-12-11 00:00:00,0.08389673799778485,-0.1824357698039303,0.3237240420864862,0.0
2011-12-18 00:00:00,0.08947603762012905,-0.1540876177343137,0.3369223350835049,0.0
2011-12-25 00:00:00,0.10362577239933059,-0.14437685404256076,0.3652452497819157,0.0
2012-01-01 00:00:00,0.1207541922866431,-0.13470649199299248,0.3580320735490984,0.0
2012-01-08 00:00:00,0.1340360339069663,-0.12675868347929373,0.3756228969702086,0.0
2012-01-15 00:00:00,0.13894249222241306,-0.11400044367423906,0.37195220866512935,0.0
2012-01-22 00:00:00,0.13690522113340925,-0.09942607189947289,0.39790410254697905,0.0
2012-01-29 00:00:00,0.13344000055395747,-0.12075249808311675,0.3675164881855154,0.0
2012-02-05 00:00:00,0.13168775904144486,-0.09611263354070401,0.38775118421959187,0.0
2012-02-12 00:00:00,0.12931357313643713,-0.11978253726857205,0.3733741871937706,0.0
2012-02-19 00:00:00,0.12343948407524348,-0.11809125282694236,0.3614901286945211,0.0
2012-02-26 00:00:00,0.1176938778707445,-0.13286191332413153,0.36537663376786933,0.0
2012-03-04 00:00:00,0.12132082347319458,-0.13630282224931514,0.36159687798301665,0.0
2012-03-11 00:00:00,0.13930274075538301,-0.11408610644630768,0.36953817469037614,0.0
2012-03-18 00:00:00,0.16437219084498458,-0.08712403074844483,0.42737358639388023,0.0
2012-03-25 00:00:00,0.18140892173597362,-0.05302181620191082,0.42835831537516555,0.0
2012-04-01 00:00:00,0.1811769082810319,-0.08249473001182187,0.3964029257118291,0.0
2012-04-08 00:00:00,0.16920394025620455,-0.07985685409414794,0.400745920858964,0.0
2012-04-15 00:00:00,0.16026558372596467,-0.09152682608087959,0.4097786157562596,0.4576731453975739
2012-04-22 00:00:00,0.16430101931883562,-0.0801577419673852,0.4099759525680269,0.5620547567251085
2012-04-29 00:00:00,0.17811098462684113,-0.05954359768148634,0.4406358328568243,0.4506688270841016
2012-05-06 00:00:00,0.1898484741759225,-0.047395674793495574,0.43392202323218,0.5296032707932159
2012-05-13 00:00:00,0.1896732511602593,-0.03945800309392106,0.454952676221683,0.2731591487645916
2012-05-20 00:00:00,0.17560881204621437,-0.08824691151148922,0.4260747964898448,0.2483874476649424
2012-05-27 00:00:00,0.15158155248107777,-0.09165984642636477,0.39581269964304167,0.2485391865790469
2012-06-03 00:00:00,0.12334306534289859,-0.11187454314696033,0.3730635185816774,0.2299142169914191
2012-06-10 00:00:00,0.09729895319518184,-0.14767881916884215,0.33791909303535095,0.0
2012-06-17 00:00:00,0.08055116929101633,-0.18690366339209388,0.3082875948659892,0.0
2012-06-24 00:00:00,0.07826706233219846,-0.14527674974898816,0.32696723358441715,0.0
2012-07-01 00:00:00,0.08956102444227393,-0.15587973808684089,0.30429618973535155,0.0
2012-07-08 00:00:00,0.10717911299309645,-0.13262950685258998,0.3564565859878403,0.0
2012-07-15 00:00:00,0.12253473250367714,-0.12713756637042542,0.3768123834576486,0.0
2012-07-22 00:00:00,0.1307890212291612,-0.1107047798457253,0.3721064448167464,0.0
2012-07-29 00:00:00,0.13067118771407935,-0.12200512543519867,0.3661433923178153,0.0
2012-08-05 00:00:00,0.12133428193122266,-0.12114812422606278,0.3581517891913474,0.0
2012-08-12 00:00:00,0.10310802174314845,-0.1434927004739884,0.3472731396665919,0.0
2012-08-19 00:00:00,0.08290912216274576,-0.16846773738817913,0.33051770943104575,0.0
2012-08-26 00:00:00,0.07559255550394739,-0.1567179345167298,0.33113173163411225,0.0
2012-09-02 00:00:00,0.09387498658936574,-0.13814587410004545,0.32740589659125896,0.0
2012-09-09 00:00:00,0.1333431536532793,-0.11121595248039093,0.37064566545830246,0.0
2012-09-16 00:00:00,0.16944036325505554,-0.06821395667431901,0.41359806899773155,0.0
2012-09-23 00:00:00,0.1747861446788333,-0.07027736749417063,0.42933258411649566,0.0
2012-09-30 00:00:00,0.14371014112084812,-0.09572333845757533,0.3847317305026612,0.2582774886955284
2012-10-07 00:00:00,0.10001326299509496,-0.1324689500668673,0.3326310750454571,0.2245093946786919
2012-10-14 00:00:00,0.07816409564388183,-0.1599843617374491,0.3186014781681641,0.2537768507746124
2012-10-21 00:00:00,0.09429583646602283,-0.1474638757491676,0.34175186260231183,0.2634362658511673
2012-10-28 00:00:00,0.13384939278507763,-0.09916634114373568,0.37475603162553917,0.0
2012-11-04 00:00:00,0.16612256499269668,-0.08436506737849539,0.41846860881134906,0.0
2012-11-11 00:00:00,0.17011809099293335,-0.06964382866467408,0.4153203729364936,0.0
2012-11-18 00:00:00,0.14779675064103875,-0.08301722533243572,0.39114712423882436,0.0
2012-11-25 00:00:00,0.11649892761983442,-0.11940444314426477,0.3476482791605672,0.0
2012-12-02 00:00:00,0.09268486853363914,-0.14743054507380235,0.32088504357165537,0.0
2012-12-09 00:00:00,0.08306941925234623,-0.15169614087428976,0.33354589405732943,0.0
2012-12-16 00:00:00,0.08665548501897735,-0.16053924771967124,0.3347319920728625,0.0
2012-12-23 00:00:00,0.09963116052136012,-0.14935259711317297,0.3406647076628091,0.2192359456849647
2012-12-30 00:00:00,0.11671969338385016,-0.11519690264287466,0.36959629611594397,0.2727383089474855
2013-01-06 00:00:00,0.13115216434576146,-0.10293983536589654,0.3561548157182889,0.2771697294712609
2013-01-13 00:00:00,0.13763759348583535,-0.08895491272197306,0.4013758552168153,0.230856015896289
2013-01-20 00:00:00,0.13647777489844748,-0.09982288265032593,0.389121897372256,0.2304897264547719
2013-01-27 00:00:00,0.1328849622222136,-0.12210398257904928,0.37096351149487916,0.2896231381290681
2013-02-03 00:00:00,0.1308617870587885,-0.10945933014808598,0.3731104221911887,0.2323895376377751
2013-02-10 00:00:00,0.12890456736379297,-0.10549761940785768,0.36911162972052497,0.2474975977783849
2013-02-17 00:00:00,0.12363079618706042,-0.1215062388186702,0.37423502927308944,0.0
2013-02-24 00:00:00,0.11724920655845042,-0.1293390965842892,0.3752564398482796,0.0
2013-03-03 00:00:00,0.118559729085036,-0.13980752741490401,0.35169969536418166,0.0
2013-03-10 00:00:00,0.13413280975524514,-0.10516552044301433,0.382370047222962,0.0
2013-03-17 00:00:00,0.1589782371995024,-0.06558973610510288,0.4044478596948835,0.0
2013-03-24 00:00:00,0.1784823065097717,-0.05103389800288061,0.4124666593996059,0.0
2013-03-31 00:00:00,0.1813679696474394,-0.07343144021093845,0.4166076996312785,0.0
2013-04-07 00:00:00,0.1705010761114848,-0.06667633055484318,0.4290825846473283,0.0
2013-04-14 00:00:00,0.1599743312729196,-0.09627544765535975,0.3839059902008318,0.0
2013-04-21 00:00:00,0.16153802580013268,-0.07520256826973967,0.4182955333929661,0.0
2013-04-28 00:00:00,0.17435984598356946,-0.052084406890743756,0.41119179651470195,0.0
2013-05-05 00:00:00,0.18737365174083254,-0.05417120230675848,0.44192174004294593,0.0
2013-05-12 00:00:00,0.18970727950516428,-0.04145753199732902,0.43919326113216584,0.0
2013-05-19 00:00:00,0.17794310582606107,-0.055070714325836684,0.4232946841740577,0.0
2013-05-26 00:00:00,0.15529002621543503,-0.09215245977980044,0.39676479883365345,0.0
2013-06-02 00:00:00,0.1273593147019399,-0.11443359938089295,0.3844737747891517,0.0
2013-06-09 00:00:00,0.1004088306042348,-0.1495844573494657,0.35726863797108777,0.0
2013-06-16 00:00:00,0.08150749748586325,-0.1805470051711984,0.30690271024944404,0.0
2013-06-23 00:00:00,0.07649182377411029,-0.16926473454363547,0.3208628891793591,0.0
2013-06-30 00:00:00,0.08575275248060155,-0.1751909725559219,0.3067970303536688,0.0
2013-07-07 00:00:00,0.1029197679912338,-0.14177529337222697,0.35497143599952413,0.2973504943716852
2013-07-14 00:00:00,0.11917499773596982,-0.11529592088645943,0.3942190051902864,0.214458647945037
2013-07-21 00:00:00,0.128850358961085,-0.11449119847685152,0.3573679096574882,0.251409626443748
2013-07-28 00:00:00,0.13027397227595064,-0.12477702547079869,0.38897392695132316,0.2367812312395295
2013-08-04 00:00:00,0.12265223447889707,-0.11773919071490777,0.3553749922514373,0.5054010898550179
2013-08-11 00:00:00,0.10576789054224817,-0.14836084491265203,0.33329519739355185,0.5166238018978833
2013-08-18 00:00:00,0.08499693923832286,-0.1609953318178207,0.3240970252879689,0.4441546929778859
2013-08-25 00:00:00,0.07417550858037653,-0.1759653013661299,0.3190195723925487,0.533820415269213
2013-09-01 00:00:00,0.08756323257730778,-0.16771268958088,0.33579812338696097,0.5763862352077406
2013-09-08 00:00:00,0.12458799081409964,-0.14138397402892086,0.3819911525250622,0.4468273497441901
2013-09-15 00:00:00,0.16355978102230298,-0.0698503817326373,0.41135621840181014,0.505428722305894
2013-09-22 00:00:00,0.17569388052068974,-0.08267370740538582,0.42389639817827307,0.4713576927421751
2013-09-29 00:00:00,0.15011649273018604,-0.08552171108902779,0.408259154326277,0.0
2013-10-06 00:00:00,0.10605435858067949,-0.12202623795049392,0.34794872136832333,0.0
2013-10-13 00:00:00,0.0782736782214157,-0.17007057861150157,0.33127614150922935,0.0
2013-10-20 00:00:00,0.08785821648536285,-0.16102829306467534,0.33519688095035804,0.0
2013-10-27 00:00:00,0.12536095295036018,-0.1363735254172672,0.35723606387168494,0.2240560984221002
2013-11-03 00:00:00,0.16105113795167386,-0.10321727362527716,0.4104284515656471,0.2699543172321953
2013-11-10 00:00:00,0.17061998924068872,-0.080544719588374,0.4259856221929723,0.2378571900774579
2013-11-17 00:00:00,0.15195424741485045,-0.0867682896376406,0.3813888921942207,0.2681323942682465
2013-11-24 00:00:00,0.12083844592053224,-0.10615910125225003,0.3652581428152223,0.0
2013-12-01 00:00:00,0.09489336160698203,-0.1369336429732296,0.34635263327486254,0.0
2013-12-08 00:00:00,0.0826684600554494,-0.1402717847994919,0.33105766659296487,0.0
2013-12-15 00:00:00,0.08413750401559841,-0.15256552843978524,0.32056132922837044,0.0
2013-12-22 00:00:00,0.09577303978519053,-0.1396540940159626,0.33951361020373094,0.0
2013-12-29 00:00:00,0.11259740660731615,-0.1326354687159668,0.3581097478142117,0.0
2014-01-05 00:00:00,0.12799848450661047,-0.12374726109703879,0.37991175202391125,0.0
2014-01-12 00:00:00,0.1360738379199952,-0.1171748712556834,0.37740136984263817,0.0
2014-01-19 00:00:00,0.13597653916178534,-0.12952342376934797,0.37267969449865856,0.0
2014-01-26 00:00:00,0.13239756024910013,-0.12546397385783756,0.3756889431145961,0.0
2014-02-02 00:00:00,0.13004452162873417,-0.11090643583683382,0.3733607232302574,0.0
2014-02-09 00:00:00,0.1283727478862069,-0.11338194151134282,0.37985186639996626,0.0
2014-02-16 00:00:00,0.12376559285779017,-0.10844067971837631,0.36140009069370427,0.0
2014-02-23 00:00:00,0.11705519040670026,-0.11375044021059094,0.37649817328421514,0.0
2014-03-02 00:00:00,0.1162878371898879,-0.1256656162559662,0.36161182292714134,0.0
2014-03-09 00:00:00,0.12928796209639684,-0.12887024976462333,0.3578650138171245,0.0
2014-03-16 00:00:00,0.15340453759984038,-0.08275669445940365,0.3927089201662418,0.2229023616642469
2014-03-23 00:00:00,0.1749837073330313,-0.08616193604126773,0.4103541277332694,0.2670845856288997
2014-03-30 00:00:00,0.18108724443147742,-0.04849462124601492,0.41097610171733445,0.247466353897146
2014-04-06 00:00:00,0.17181656223809397,-0.08422244619508851,0.4064708128429987,0.2625466988097073
2014-04-13 00:00:00,0.16010622405790242,-0.07749715169687796,0.42857617727843167,0.0
2014-04-20 00:00:00,0.15916354497620805,-0.09302705046735968,0.40099765785221675,0.0
2014-04-27 00:00:00,0.17061278012256587,-0.06880565872482336,0.42213458269418747,0.0
2014-05-04 00:00:00,0.18453566127300383,-0.06449397167483956,0.4235194185167517,0.0
2014-05-11 00:00:00,0.18927351211908294,-0.0668779476520408,0.42244976211853436,0.0
2014-05-18 00:00:00,0.17992532608351866,-0.053054367973838334,0.42028203292994637,0.0
2014-05-25 00:00:00,0.15882945776689306,-0.08525649246167089,0.40697865054607485,0.0
2014-06-01 00:00:00,0.13140366477638477,-0.10896554697160382,0.377846178319204,0.0
2014-06-08 00:00:00,0.10377742672323796,-0.1289994523057668,0.34600457852874905,0.0
2014-06-15 00:00:00,0.08292176555237057,-0.18021010446914867,0.32483488135575783,0.0
2014-06-22 00:00:00,0.07519166649497575,-0.16089172986801567,0.3075882480519512,0.0
2014-06-29 00:00:00,0.08220345867561643,-0.16080709900987852,0.32447119051964235,0.0
2014-07-06 00:00:00,0.09862113808781267,-0.143467320454605,0.3454804830019709,0.0
2014-07-13 00:00:00,0.1155933640640887,-0.12409935541219788,0.36333133697345754,0.0
2014-07-20 00:00:00,0.12664755397768301,-0.13635334124491802,0.3560198163187963,0.0
2014-07-27 00:00:00,0.12958937935180845,-0.1087866998994344,0.3889519763488559,0.0
2014-08-03 00:00:00,0.1236598474823671,-0.13411529735834435,0.37342342420761465,0.2353212305508076
2014-08-10 00:00:00,0.10827750631245685,-0.13983023323551,0.3679523501910354,0.2394383891413469
2014-08-17 00:00:00,0.08739757462043718,-0.1555589465949012,0.3457213592008182,0.2828386158140578
2014-08-24 00:00:00,0.0735719202015718,-0.1944138463061489,0.32734897848408545,0.2424017644937876
2014-08-31 00:00:00,0.08206784708905962,-0.14628421383937032,0.33283960792294415,0.0
2014-09-07 00:00:00,0.11591792330330061,-0.12682901757238915,0.35360939392804513,0.0
2014-09-14 00:00:00,0.15677233543544866,-0.07724184378593221,0.3886947025989026,0.0
2014-09-21 00:00:00,0.17531079132857444,-0.06512655228321157,0.42577328869069386,0.0
2014-09-28 00:00:00,0.1558874289029934,-0.11083039843168963,0.37995338785868693,0.2613462418921036
2014-10-05 00:00:00,0.11265487854998656,-0.1275654886305063,0.3568676597360372,0.2181252483211336
2014-10-12 00:00:00,0.07966429464970662,-0.17764808880580604,0.3419097553229671,0.2744917525534063
2014-10-19 00:00:00,0.08236911867407352,-0.17700570194800833,0.30107984716967406,0.2460367572333564
2014-10-26 00:00:00,0.11679685906990196,-0.1256407495349087,0.3723834264775078,0.0
2014-11-02 00:00:00,0.15508103882311433,-0.08648738048687749,0.41305320009782054,0.0
2014-11-09 00:00:00,0.17017104440974434,-0.0716467960708359,0.42395403148008637,0.0
2014-11-16 00:00:00,0.15571255874422124,-0.08887494311992145,0.40525696456960114,0.0
2014-11-23 00:00:00,0.1253709589506318,-0.11782849662187733,0.3585914150218804,0.2143777367172391
2014-11-30 00:00:00,0.0975629737767077,-0.15677018617182661,0.3321164767379043,0.2458246518156385
2014-12-07 00:00:00,0.0827115131194862,-0.17582988654005707,0.3288071276554355,0.2695081496061497
2014-12-14 00:00:00,0.08194640491710514,-0.17243156412220254,0.3207887999449913,0.2702894618609727
2014-12-21 00:00:00,0.09208585886752955,-0.1639460885906032,0.32460670263416463,0.0
2014-12-28 00:00:00,0.10842900332511513,-0.1274002207070898,0.3383901158253069,0.0
2015-01-04 00:00:00,0.12459662442130118,-0.12706371959616905,0.3548111163810551,0.0
2015-01-11 00:00:00,0.13423256853240356,-0.11469861779354615,0.38219211042127377,0.0
2015-01-18 00:00:00,0.13536423307936463,-0.1233799538678986,0.380161643037111,0.282875293613275
2015-01-25 00:00:00,0.13196595318049728,-0.09808653388069924,0.3863872528434146,0.2200163427232552
2015-02-01 00:00:00,0.1292592844811283,-0.11228671679159363,0.3731830238517538,0.2538521908475565
2015-02-08 00:00:00,0.1277339568511138,-0.13211643246443974,0.3641644865467494,0.243256172815913
2015-02-15 00:00:00,0.12381039148515156,-0.12090213116363199,0.372721261513983,0.0
2015-02-22 00:00:00,0.11704991825905335,-0.11182576269403832,0.3672812604670751,0.0
2015-03-01 00:00:00,0.11448590244726455,-0.13895787117527694,0.35651765206157493,0.0
2015-03-08 00:00:00,0.12483105000562678,-0.12156608294796087,0.36522675652946596,0.0
2015-03-15 00:00:00,0.14774840030839323,-0.10944725023172266,0.39930005474535535,0.0
2015-03-22 00:00:00,0.17095289889087112,-0.07201629687631986,0.4174763669918786,0.0
2015-03-29 00:00:00,0.1802781717182907,-0.07312787852399938,0.4305518952410492,0.0
2015-04-05 00:00:00,0.17305393816644693,-0.05854718953668983,0.432506075219952,0.0
2015-04-12 00:00:00,0.16061624739203217,-0.08273969718898344,0.42384376329765194,0.2344570953190931
2015-04-19 00:00:00,0.15721782556944125,-0.09705284858290955,0.4157054491521679,0.2533675234678292
2015-04-26 00:00:00,0.1669482886480344,-0.08690937610259206,0.4219692212789572,0.2580023398494827
2015-05-03 00:00:00,0.18138395585851663,-0.06768977686758484,0.43188340300390415,0.2541730413635951
2015-05-10 00:00:00,0.18837018569291805,-0.03759871376382218,0.42638081934650507,0.0
2015-05-17 00:00:00,0.18152606978439634,-0.07115713217155989,0.41846104225321434,0.0
2015-05-24 00:00:00,0.16216641134746795,-0.08982459820657254,0.3920020665489583,0.0
2015-05-31 00:00:00,0.13543868391869807,-0.10529601661542462,0.36911704909123544,0.0
2015-06-07 00:00:00,0.10736216901704736,-0.1386911930403751,0.3697619048259849,0.0
2015-06-14 00:00:00,0.08476746769434815,-0.14299898590485968,0.34077148846347055,0.0
2015-06-21 00:00:00,0.0743819109110695,-0.171900737214038,0.3142707256334208,0.0
2015-06-28 00:00:00,0.07896422754895349,-0.17394672285192295,0.3182686465777482,0.0
2015-07-05 00:00:00,0.09433230475150604,-0.15670242563316442,0.34345625158987264,0.4880682314661324
2015-07-12 00:00:00,0.1118098688020582,-0.1359919621679154,0.36009357011415066,0.4831433790931493
2015-07-19 00:00:00,0.12418305193996407,-0.12403745695862692,0.36335712737804504,0.5202179728445927
2015-07-26 00:00:00,0.12862407366633077,-0.11246959031115059,0.37409166288754664,0.5085704165961253
2015-08-02 00:00:00,0.12435457257378033,-0.0990835835923917,0.36470754907918357,0.0
2015-08-09 00:00:00,0.11058561595118326,-0.129164777293472,0.3685607789528732,0.0
2015-08-16 00:00:00,0.09001208333829228,-0.15273544208468784,0.33279023380813677,0.0
2015-08-23 00:00:00,0.07371358145782825,-0.17199430613275626,0.33504346644480715,0.0
2015-08-30 00:00:00,0.07744389141299898,-0.16790728241710015,0.3212108565079782,0.0
2015-09-06 00:00:00,0.10750548837660312,-0.1366672497769653,0.35693679133505873,0.0
2015-09-13 00:00:00,0.14923488918000138,-0.09944754108469589,0.4144508303281923,0.0
2015-09-20 00:00:00,0.17362999593544906,-0.07405147225310157,0.411262010244011,0.0
2015-09-27 00:00:00,0.16084035494690174,-0.07890486086900081,0.40489089511496235,0.0
2015-10-04 00:00:00,0.11960724733935757,-0.1381042744193767,0.358333947952828,0.0
2015-10-11 00:00:00,0.08227959750391159,-0.18070511520694524,0.3213997762747506,0.0
2015-10-18 00:00:00,0.07796072890866841,-0.1637064555962682,0.34047394758006777,0.0
2015-10-25 00:00:00,0.1083514312675544,-0.15638927714090492,0.3471111164194204,0.0
2015-11-01 00:00:00,0.14830965715066133,-0.10691528712783643,0.3902257216126741,0.0
2015-11-08 00:00:00,0.16872274136826787,-0.08726261676029837,0.41097770499644093,0.0
2015-11-15 00:00:00,0.15895371215078627,-0.08285157617786243,0.41532636222099684,0.0
2015-11-22 00:00:00,0.1300097662909062,-0.11777271612043369,0.3879057508291939,0.0
2015-11-29 00:00:00,0.10067203256990015,-0.1571895521972371,0.35910874829518735,0.0
2015-12-06 00:00:00,0.0832135830124757,-0.16898531819506493,0.3235894686793266,0.0
2015-12-13 00:00:00,0.08010562328028362,-0.15955918519798737,0.3209232449321845,0.0
2015-12-20 00:00:00,0.08860186744869915,-0.15693614558919153,0.32812838673501815,0.0
2015-12-27 00:00:00,0.10425643409239685,-0.15246166666269587,0.35228017263026307,0.0
2016-01-03 00:00:00,0.12097423615139355,-0.121424194299983,0.37434777590791635,0.0
2016-01-10 00:00:00,0.13210218807121282,-0.10954963379063762,0.36324741079694656,0.0
2016-01-17 00:00:00,0.13460372603085935,-0.11682290638722162,0.3747920011973366,0.0
2016-01-24 00:00:00,0.1315715264991157,-0.11660334734196945,0.37964181523270946,0.0
2016-01-31 00:00:00,0.12852523194922108,-0.09963521978865439,0.37221326159762214,0.0
2016-02-07 00:00:00,0.12700964980635124,-0.12066350403339265,0.35518308488994615,0.0
2016-02-14 00:00:00,0.12374134829190905,-0.11475084893060702,0.3702295269633768,0.2378528219771048
2016-02-21 00:00:00,0.11717207923243134,-0.13028863224909867,0.33490862210061245,0.2444189627551176
2016-02-28 00:00:00,0.11312224483043064,-0.1289897908843831,0.3532918319567567,0.2541146200942074
2016-03-06 00:00:00,0.12081139136274413,-0.11672397008200924,0.38901249713315045,0.2636135951735701
2016-03-13 00:00:00,0.14210789146504135,-0.08794373942999315,0.39121891927096897,0.516931240726995
2016-03-20 00:00:00,0.166445646611539,-0.07880013942010303,0.40855120757134133,0.4375780307614555
2016-03-27 00:00:00,0.1788999305749302,-0.05030740735057798,0.42515984364534587,0.5482172567638123
2016-04-03 00:00:00,0.17411703746985147,-0.07517283747245565,0.42248278318315524,0.4972734717477374
2016-04-10 00:00:00,0.16144538703954112,-0.07735079907753786,0.4220500327198742,0.0
2016-04-17 00:00:00,0.1557276908105492,-0.06953457674416633,0.40691876833052276,0.0
2016-04-24 00:00:00,0.16344372821419584,-0.09079410396062867,0.40583625824780833,0.0
2016-05-01 00:00:00,0.17797678954593726,-0.07837388601691417,0.42082373647381155,0.0
2016-05-08 00:00:00,0.18700400302270248,-0.05097739094957274,0.45036923912606097,0.0
2016-05-15 00:00:00,0.1827187927479121,-0.08728040241293838,0.42451571368887275,0.0
2016-05-22 00:00:00,0.1652678435386149,-0.08937825656758011,0.409023783764597,0.0
2016-05-29 00:00:00,0.13942845031728557,-0.10060769357995997,0.3906295609654864,0.0
2016-06-05 00:00:00,0.11112080029503825,-0.13849555484139067,0.3736455725175688,0.0
2016-06-12 00:00:00,0.08701322618381893,-0.15953485056289343,0.3409210101779405,0.0
2016-06-19 00:00:00,0.07406990679028691,-0.17198108784175506,0.3229527438796006,0.0
2016-06-26 00:00:00,0.07608233439185322,-0.1762728606604196,0.3052243430022895,0.0
2016-07-03 00:00:00,0.09010594601019901,-0.1719224419058973,0.30248921078081914,0.2471506221393432
2016-07-10 00:00:00,0.10785027151106802,-0.13973606694897464,0.3555796554003354,0.2313031339135408
2016-07-17 00:00:00,0.12146074714824871,-0.13049484894160693,0.3708457516330059,0.2520417655867413
2016-07-24 00:00:00,0.12738393047342042,-0.11686924467763682,0.37759300378387933,0.2695044783603744
2016-07-31 00:00:00,0.12473869538166517,-0.12415990867997836,0.36089235556201865,0.0
2016-08-07 00:00:00,0.11265205182131786,-0.12715758272069053,0.36127177633680596,0.0
2016-08-14 00:00:00,0.09274664773829908,-0.15951687743636592,0.33495382288287556,0.0
2016-08-21 00:00:00,0.07451924421009182,-0.15983087628701922,0.3312024579015524,0.0
2016-08-28 00:00:00,0.07372117237102627,-0.17004824393425402,0.31305873230424874,0.0
2016-09-04 00:00:00,0.0995094703245589,-0.1300814661670198,0.3395586526441432,0.0
2016-09-11 00:00:00,0.14112015527284733,-0.09819685023175095,0.3703070283925897,0.0
2016-09-18 00:00:00,0.17068045068403154,-0.07058774969208514,0.4162384387492015,0.0
2016-09-25 00:00:00,0.1648169981200665,-0.07964116323823398,0.40295668320812283,0.0
2016-10-02 00:00:00,0.12669396481439957,-0.13592446466578342,0.3652264596203897,0.0
2016-10-09 00:00:00,0.08602839962689972,-0.1534134193981491,0.3207431519222503,0.0
2016-10-16 00:00:00,0.07473750874214838,-0.17108455226488087,0.321849985729654,0.0
2016-10-23 00:00:00,0.10022120601255179,-0.1520318087470416,0.342552551302229,0.2821728322080909
2016-10-30 00:00:00,0.1408598310509403,-0.09638028571355711,0.38838332945049925,0.2210184288256478
2016-11-06 00:00:00,0.16624991866090505,-0.09115313005473077,0.4356417875872529,0.2518640564749298
2016-11-13 00:00:00,0.16156403416991086,-0.08201372756345576,0.40975138726475535,0.2449446824913312
2016-11-20 00:00:00,0.13465783668409964,-0.11821565189506303,0.376959147615995,0.0
2016-11-27 00:00:00,0.1041884613832027,-0.12398602152383956,0.3481608916529847,0.0
2016-12-04 00:00:00,0.08418610570518104,-0.16127058198776492,0.32432709744887783,0.0
2016-12-11 00:00:00,0.07863786386985255,-0.17623468897247754,0.33491630403340167,0.0
2016-12-18 00:00:00,0.08535123266477461,-0.1533162381816808,0.3431734679044396,0.2782715967173269
2016-12-25 00:00:00,0.10012105879638154,-0.14288399006998162,0.33149991566849035,0.2563926281916298
2017-01-01 00:00:00,0.11716400983720497,-0.12846359631579848,0.375719605079065,0.246833795990912
2017-01-08 00:00:00,0.12967852987581535,-0.11045968764966108,0.36669111318316133,0.2185019791001313
2017-01-15 00:00:00,0.13365949756796436,-0.11193056536106843,0.3748302720436506,0.0
2017-01-22 00:00:00,0.131189456983769,-0.10220081149246085,0.3846949120083385,0.0
2017-01-29 00:00:00,0.12785591649127592,-0.1152183725996418,0.3892231395999106,0.0
2017-02-05 00:00:00,0.12622495790354032,-0.12710234773806436,0.36172079709738236,0.0
2017-02-12 00:00:00,0.12354425316238288,-0.11775545891843442,0.3807852294310813,0.272006060552015
2017-02-19 00:00:00,0.11736306372463406,-0.12523639761732522,0.3665754435286276,0.2204648335221936
2017-02-26 00:00:00,0.1121543010721522,-0.14014922208853484,0.3722646762221379,0.2667135324131914
2017-03-05 00:00:00,0.11726334064493392,-0.14073348377005848,0.3571427186422244,0.2408155735125999
2017-03-12 00:00:00,0.1365782825488952,-0.11257864613886012,0.3796635054396642,0.2775080785535175
2017-03-19 00:00:00,0.16153140866432897,-0.09214741510979188,0.40317889468135104,0.2397382494226622
2017-03-26 00:00:00,0.17692847352923802,-0.05765744803966372,0.4251871658142129,0.2351485416190013
2017-04-02 00:00:00,0.17491277866851887,-0.07192412103135093,0.4220114371437267,0.247605130404819
2017-04-09 00:00:00,0.1625218211906271,-0.09061644449686684,0.3822796730004743,0.2682005165989965
2017-04-16 00:00:00,0.15470474740813403,-0.0851429100257324,0.40069557718938753,0.2507461435023219
2017-04-23 00:00:00,0.1601723344219522,-0.06976544296435921,0.40543213535020506,0.2670226604361535
2017-04-30 00:00:00,0.17437958199185608,-0.0656400089848184,0.4171733201282952,0.2140306794625282
2017-05-07 00:00:00,0.1851902571410433,-0.048535207919457146,0.43709822219807515,0.0
2017-05-14 00:00:00,0.18348013146923747,-0.07017567462665986,0.41193953181820264,0.0
2017-05-21 00:00:00,0.16810050299388546,-0.0716857462003721,0.4096647856939607,0.0
2017-05-28 00:00:00,0.1433376603159795,-0.08513889844717873,0.39766731317237614,0.0
2017-06-04 00:00:00,0.11501124032668614,-0.12631590713762417,0.354552687575757,0.2621637481281398
2017-06-11 00:00:00,0.08962305227264089,-0.14044314073908112,0.3341011965834081,0.226435647148159
2017-06-18 00:00:00,0.07425432572231123,-0.18741481083595143,0.3248951147897631,0.2366603578920186
2017-06-25 00:00:00,0.07359921720784428,-0.17852168151688372,0.30855948613461415,0.2747402468316823
2017-07-02 00:00:00,0.08599635441113586,-0.17464126440103697,0.32220664446733827,0.0
2017-07-09 00:00:00,0.10374540501288776,-0.15242130006121604,0.3460378268871601,0.0
2017-07-16 00:00:00,0.1184860019070724,-0.1285966745404484,0.35784159357913237,0.0
2017-07-23 00:00:00,0.12587295069144724,-0.12442434487892443,0.3775092626185551,0.0
2017-07-30 00:00:00,0.12481695008610406,-0.12102991080744277,0.36060224764228593,0.0
2017-08-06 00:00:00,0.11444622254358237,-0.12481043334605804,0.3588418675294261,0.0
2017-08-13 00:00:00,0.0955137978152579,-0.16363415198841977,0.3328954290295745,0.0
2017-08-20 00:00:00,0.07589705862320434,-0.16068304113782564,0.31837835036605794,0.0
2017-08-27 00:00:00,0.07090390791845999,-0.18429152177779298,0.30507603338707395,0.0
2017-09-03 00:00:00,0.09206986235239578,-0.16160165910648236,0.32003442726549947,0.0
2017-09-10 00:00:00,0.13261005948813245,-0.11561452980633527,0.37009462227716927,0.0
2017-09-17 00:00:00,0.16652421986328703,-0.10256699147145415,0.39945932427419784,0.0
2017-09-24 00:00:00,0.16768670673073324,-0.0738710386047049,0.41863772511728115,0.0
2017-10-01 00:00:00,0.13369296639886322,-0.10343665008914193,0.37417276866585714,0.0
2017-10-08 00:00:00,0.09078601949178597,-0.15637776829160324,0.3350679046644822,0.0
2017-10-15 00:00:00,0.0727715683989662,-0.17679715320055797,0.33417464080302284,0.0
2017-10-22 00:00:00,0.09259824864194444,-0.14066153531710981,0.3220437946512288,0.2349477436926774
2017-10-29 00:00:00,0.13287646547631576,-0.10001078732883867,0.3857401059431774,0.2721602178640784
2017-11-05 00:00:00,0.16275208947227632,-0.08109570361360957,0.41642547595813517,0.2398443051810966
2017-11-12 00:00:00,0.1634370023430432,-0.08351658222558206,0.4164812314730415,0.2530477332621474
2017-11-19 00:00:00,0.13920860925798917,-0.12023820015412601,0.3833331131683926,0.2838798814159365
2017-11-26 00:00:00,0.10806818599827794,-0.14861979519043247,0.35286838206098314,0.2220859700185952
2017-12-03 00:00:00,0.08563512992841024,-0.16089045177414682,0.33536743422817195,0.1811332017792547
2017-12-10 00:00:00,0.07756442785773522,-0.17620203990869607,0.324844017171226,0.3129009467862134
2017-12-17 00:00:00,0.08236167986986045,-0.17155670557066002,0.3171905294482389,0.0
2017-12-24 00:00:00,0.09606242639894243,-0.1557140323476273,0.35614817139602084,0.0
2017-12-31 00:00:00,0.1132021434034393,-0.1259749507899597,0.36317145860314987,0.0
2018-01-07 00:00:00,0.12696456990861035,-0.11860229887792165,0.3700738375083032,0.0
2018-01-14 00:00:00,0.13249873310169902,-0.12339931696779824,0.36845885742473483,0.5488497646601507
2018-01-21 00:00:00,0.13078936556467433,-0.10219836814202385,0.38845315635316247,0.3881565092093171
2018-01-28 00:00:00,0.1272580269145373,-0.10691424532397584,0.3824781494813786,0.5265058135696048
2018-02-04 00:00:00,0.12540657560950014,-0.1288534066498602,0.36466017433286735,0.5364879125609274
2018-02-11 00:00:00,0.12321407744130979,-0.11087055391752335,0.3812044514274965,0.2176787686878315
2018-02-18 00:00:00,0.1175689086830607,-0.11037086771456361,0.3562305163990936,0.2621613221186211
2018-02-25 00:00:00,0.11153067016832131,-0.1244140719929934,0.35487477420177005,0.2690271510215518
2018-03-04 00:00:00,0.11420567285461981,-0.12878867333262675,0.37048356782075953,0.2511327581719955
2018-03-11 00:00:00,0.13124896576092485,-0.10539168814087341,0.3857228443136521,0.5874375426007716
2018-03-18 00:00:00,0.15629095343117255,-0.07641819744049941,0.40393635479429457,0.4427800403256957
2018-03-25 00:00:00,0.17435743236694184,-0.08395232516879311,0.41054829020450534,0.4988845337176502
2018-04-01 00:00:00,0.17535441967664403,-0.0803551151151119,0.4262812182127992,0.4708978833558825
2018-04-08 00:00:00,0.1637632023016541,-0.08867757484169334,0.40639808064328353,0.0
2018-04-15 00:00:00,0.15414475162291247,-0.08808439945615817,0.3899492555023347,0.0
2018-04-22 00:00:00,0.15720100133492962,-0.09906122871156792,0.4165065229265855,0.0
2018-04-29 00:00:00,0.1706637633943911,-0.07690548819324175,0.4127050883960146,0.0
2018-05-06 00:00:00,0.1829536310330696,-0.05346329968792696,0.4185265937161857,0.0
2018-05-13 00:00:00,0.1837912970793992,-0.06063015385372475,0.42054331017536206,0.0
2018-05-20 00:00:00,0.17063154934613387,-0.07595470900952841,0.41272376862992277,0.0
2018-05-27 00:00:00,0.14713182316021273,-0.09606252753473629,0.40018799428763796,0.0
2018-06-03 00:00:00,0.11899249199785239,-0.1290626556894036,0.3457195180644835,0.0
2018-06-10 00:00:00,0.09255791063734495,-0.13264148071955376,0.3336448310913189,0.0
2018-06-17 00:00:00,0.07492606031511613,-0.18311086646065125,0.32542819158149905,0.0
2018-06-24 00:00:00,0.07155005059515594,-0.17500100951371864,0.3171651131981168,0.0
2018-07-01 00:00:00,0.08205881969765741,-0.1630732614980425,0.3191328861081111,0.0
2018-07-08 00:00:00,0.09953185162357053,-0.143979101317564,0.35812436543240783,0.0
2018-07-15 00:00:00,0.11526733161845555,-0.12682020176621026,0.35155880393336014,0.0
2018-07-22 00:00:00,0.12409419232585552,-0.11437964599297831,0.3821774773605625,0.0
2018-07-29 00:00:00,0.12459605911492953,-0.13404157747222104,0.3745625633727546,0.0
2018-08-05 00:00:00,0.11594712757269938,-0.12103361914404578,0.35972237110163496,0.0
2018-08-12 00:00:00,0.0982350921315558,-0.14514994429771258,0.3487257844962187,0.0
2018-08-19 00:00:00,0.07774909034166122,-0.17244050702793348,0.3309788312249349,0.0
2018-08-26 00:00:00,0.06897325501846722,-0.17392030469861328,0.3230555898253027,0.0
2018-09-02 00:00:00,0.08530576212815347,-0.1421293555282471,0.3425003197085763,0.0
2018-09-09 00:00:00,0.12389122959552337,-0.1228050466136967,0.38949782660965815,0.0
2018-09-16 00:00:00,0.16125505455039263,-0.06305136530856847,0.4100577694686829,0.0
2018-09-23 00:00:00,0.1693510716879945,-0.08098821135145379,0.413153517015703,0.0
2018-09-30 00:00:00,0.1403852780369512,-0.10658319744350794,0.3786487414207626,0.0
2018-10-07 00:00:00,0.09639878353929329,-0.15577293011956864,0.3471190194166428,0.0
2018-10-14 00:00:00,0.07210099846878196,-0.18061268109293052,0.31386276655489453,0.0
2018-10-21 00:00:00,0.08566536232109945,-0.15858806512259757,0.3247176808184443,0.2557632325634187
2018-10-28 00:00:00,0.12452418964002833,-0.12510471552971883,0.37107777070984604,0.2685818075254675
2018-11-04 00:00:00,0.1582558783086317,-0.06722788650445433,0.39791163552349484,0.2419953824555202
2018-11-11 00:00:00,0.1644778833219514,-0.08091525275469369,0.4054192883237121,0.2336595774555935
2018-11-18 00:00:00,0.1435489640562499,-0.1096366730800302,0.380313012042643,0.0
2018-11-25 00:00:00,0.11225543296322095,-0.10994962701438124,0.3653341351507672,0.0
2018-12-02 00:00:00,0.0875608930484546,-0.1725192348059574,0.2948489719359143,0.0
2018-12-09 00:00:00,0.07690578583327141,-0.17552904617645368,0.3300357694404401,0.0
2018-12-16 00:00:00,0.07965955931968657,-0.17960656259651883,0.3285984275863776,0.4573516979156525
2018-12-23 00:00:00,0.09211852033442211,-0.14732599372322827,0.3357616321081991,0.5133183004613944
2018-12-30 00:00:00,0.1091279698203776,-0.13752022916587223,0.3383615282991052,0.5198389465553119
2019-01-06 00:00:00,0.12397098349774867,-0.10124245428574846,0.36542437679588174,0.5094910550676411
2019-01-13 00:00:00,0.13109333742223916,-0.11758702634273602,0.3651420099012948,0.4941732487555006
2019-01-20 00:00:00,0.13033720299078055,-0.12571950715262778,0.3743066254521934,0.5202628858075327
2019-01-27 00:00:00,0.12673139297355993,-0.11835612207388019,0.3525137458884323,0.509445720611965
2019-02-03 00:00:00,0.1245814632692686,-0.1046918784645661,0.3719225128498348,0.4761181448250019
2019-02-10 00:00:00,0.12275485191282137,-0.13674639822643334,0.36112057004356524,0.4964894452224447
2019-02-17 00:00:00,0.11774260615281319,-0.11824044637872475,0.36906972632060797,0.5280958690882783
2019-02-24 00:00:00,0.1111940049052684,-0.12980089739078696,0.35814366663338987,0.5255162460431371
2019-03-03 00:00:00,0.11164208759366835,-0.14154485201189912,0.3499087960875368,0.4498984396461398
2019-03-10 00:00:00,0.12620110104617455,-0.11376311944889148,0.37849398929319933,0.0
2019-03-17 00:00:00,0.15081398618490782,-0.0963609214728596,0.39735598939001915,0.0
2019-03-24 00:00:00,0.17119871548775317,-0.0534058841438409,0.42634982850517755,0.0
2019-03-31 00:00:00,0.17536486165191636,-0.08979187097223457,0.4218278274334427,0.0
2019-04-07 00:00:00,0.16507951506067498,-0.0681071477613239,0.4095862026483038,0.0
2019-04-14 00:00:00,0.15402758551534396,-0.0956047415224307,0.40507212317670915,0.0
2019-04-21 00:00:00,0.1545881657646374,-0.08338850174622539,0.3938612769765305,0.0
2019-04-28 00:00:00,0.16690523496575266,-0.09346874638827526,0.3933432553489583,0.0
2019-05-05 00:00:00,0.18032857854392392,-0.07303786515001184,0.4254848699127729,0.0
2019-05-12 00:00:00,0.18363929915496993,-0.05864872719530295,0.43363697691521863,0.0
2019-05-19 00:00:00,0.1728290629622003,-0.07581637961078713,0.41461856452177326,0.0
2019-05-26 00:00:00,0.15077709262871894,-0.07501414892127098,0.41185918367455665,0.0
2019-06-02 00:00:00,0.1230249490175753,-0.13598703036098023,0.36589091168831345,0.4942011743348466
2019-06-09 00:00:00,0.09577674793571872,-0.14070654587274153,0.34489809230503415,0.5032732076812424
2019-06-16 00:00:00,0.07606876493356954,-0.17087774283382576,0.3189704012321525,0.4904338685186983
2019-06-23 00:00:00,0.06996287214555977,-0.1821217342389342,0.30584958784156724,0.5120917494652126
2019-06-30 00:00:00,0.07834819055605091,-0.16945163210045397,0.3281679391867261,0.0
2019-07-07 00:00:00,0.09525154550988038,-0.15323099265195608,0.32953418263328826,0.0
2019-07-14 00:00:00,0.11181715247453732,-0.11917375523699383,0.3678316531065426,0.0
2019-07-21 00:00:00,0.12205000508493913,-0.1427212563675063,0.3650084708917578,0.0
2019-07-28 00:00:00,0.12408342651419932,-0.11618132067712492,0.3661190575637483,0.2448522496351468
2019-08-04 00:00:00,0.11714198898148642,-0.13881594066679762,0.36135988251796114,0.2728949521677037
2019-08-11 00:00:00,0.10084209670789121,-0.12573767367158337,0.331536534071546,0.2348509815314444
2019-08-18 00:00:00,0.0799744967134525,-0.16150750058753213,0.3210409043411976,0.2474018166657049
2019-08-25 00:00:00,0.0678891686092704,-0.18232707475491647,0.29143214637078835,0.0
2019-09-01 00:00:00,0.07931269173339695,-0.16185738878619113,0.32470407572967785,0.0
2019-09-08 00:00:00,0.11514906984207372,-0.14089273064375837,0.36865169922310614,0.0
2019-09-15 00:00:00,0.15499450374243776,-0.07447155359876945,0.40525010262131844,0.0
2019-09-22 00:00:00,0.16974599427937892,-0.07127187305559132,0.40478499955924896,0.2620219907904812
2019-09-29 00:00:00,0.14656108979218874,-0.11515322361828773,0.3922618000991469,0.2628875887142457
2019-10-06 00:00:00,0.10268803281952113,-0.12668569017425627,0.32777546585826745,0.2575812834586365
2019-10-13 00:00:00,0.07272783264238811,-0.1601891217447637,0.30887481524878335,0.2175091370366365
2019-10-20 00:00:00,0.07959006479558811,-0.1635695515038967,0.31213763564941255,0.0
2019-10-27 00:00:00,0.11598292087357313,-0.1447492421449261,0.3595019372248893,0.0
2019-11-03 00:00:00,0.1528153800231543,-0.09651858637224395,0.3899269727088758,0.0
2019-11-10 00:00:00,0.16460703324696357,-0.08540148870533329,0.3872732782525745,0.0
2019-11-17 00:00:00,0.14756145414661034,-0.09753585979226231,0.3656071675652879,0.2546777873705768
2019-11-24 00:00:00,0.11668222825389185,-0.14006228588427957,0.34950294961454786,0.2320429308593888
2019-12-01 00:00:00,0.08995620043560473,-0.13044819938008143,0.34528512459064764,0.2409737221018717
2019-12-08 00:00:00,0.07668083597519737,-0.1641954228661436,0.3366678752364063,0.2723055596681627
2019-12-15 00:00:00,0.07726986157886592,-0.16433703762249133,0.3309779891486517,0.0
2019-12-22 00:00:00,0.08832516092890304,-0.15575003464561513,0.32416241621067354,0.0
2019-12-29 00:00:00,0.10498259519831732,-0.14051735617597141,0.3771111855695677,0.0
2020-01-05 00:00:00,0.12071547553539369,-0.13299254570771965,0.36379964246177865,0.0
2020-01-12 00:00:00,0.12942082981299052,-0.1052611889086853,0.3751236579690859,0.2532530223804266
2020-01-19 00:00:00,0.12979643682936376,-0.12320671836475053,0.3846910652909934,0.2325941526811069
2020-01-26 00:00:00,0.12626851842296727,-0.12980466057073495,0.37366822314265363,0.2587071894448373
2020-02-02 00:00:00,0.12377480967786898,-0.1221230611235962,0.361462084211155,0.2554456354936291
2020-02-09 00:00:00,0.12217838942861851,-0.10812101159639603,0.37105222456156983,0.0
2020-02-16 00:00:00,0.11784529064772647,-0.12365201051171962,0.34879559871150256,0.0
2020-02-23 00:00:00,0.11108333596917029,-0.15065991491562672,0.35237250764964867,0.0
2020-03-01 00:00:00,0.10956162027927878,-0.1362647309696672,0.35072409486270095,0.0
2020-03-08 00:00:00,0.12150501145764467,-0.13830393350755107,0.35814075933827955,0.0
2020-03-15 00:00:00,0.14519591932393883,-0.08929950015135676,0.37301605608306987,0.0
2020-03-22 00:00:00,0.16748192761790137,-0.08161168331135812,0.3941587656012515,0.0
2020-03-29 00:00:00,0.17487914292613765,-0.07007564709519626,0.4037281315119764,0.0
2020-04-05 00:00:00,0.16637578943873557,-0.08716413382986701,0.41041207817830794,0.0
2020-04-12 00:00:00,0.1543173490706824,-0.09116513475463062,0.40910761366906345,0.0
2020-04-19 00:00:00,0.15238147943748281,-0.09973687506179313,0.38577947746538666,0.0
2020-04-26 00:00:00,0.1631821910202046,-0.10535438691334464,0.4232338339012617,0.0
2020-05-03 00:00:00,0.1773590577730572,-0.0703566868656113,0.4031525790489985,0.2835084925428808
2020-05-10 00:00:00,0.18301786710153703,-0.06713239137344776,0.4093363975357055,0.2112608209475703
2020-05-17 00:00:00,0.17466248415028898,-0.07468726261331465,0.42744817864307116,0.2692291574304137
2020-05-24 00:00:00,0.15423992661693656,-0.07966250564909866,0.38395307826827496,0.2360015290791352
2020-05-31 00:00:00,0.12707037436139557,-0.09193295567857643,0.3878678532582288,0.0
2020-06-07 00:00:00,0.09923731291631423,-0.1419365596319431,0.34515672790765667,0.0
2020-06-14 00:00:00,0.07765948707587403,-0.15752893932346398,0.31582918055643794,0.0
2020-06-21 00:00:00,0.06885788731124158,-0.18552373736956337,0.3126035835440374,0.0
2020-06-28 00:00:00,0.07491738172196405,-0.144956836318443,0.31573584074860306,0.2969348279045153
2020-07-05 00:00:00,0.09095112553085996,-0.14492650849893726,0.3237569275063283,0.2339147456319495
2020-07-12 00:00:00,0.10815246352005714,-0.1509774756195895,0.34982005369830294,0.2264837574923472
2020-07-19 00:00:00,0.11974257359278527,-0.12136198600783335,0.36222970915098196,0.2426666689711877
2020-07-26 00:00:00,0.12328619334026447,-0.1295268316680537,0.37863550421593084,0.0
2020-08-02 00:00:00,0.11802485684212473,-0.11759214411374058,0.3622150108348582,0.0
2020-08-09 00:00:00,0.10327704078977834,-0.16623247747395622,0.3440228695628444,0.0
2020-08-16 00:00:00,0.08247273190104736,-0.1646324147592926,0.3165970667518654,0.0
2020-08-23 00:00:00,0.06759308088567724,-0.2002273612985134,0.32032403288489336,0.0
2020-08-30 00:00:00,0.0741611017685916,-0.16496450904347346,0.3255635033657792,0.0
2020-09-06 00:00:00,0.1065624347635821,-0.13293443557043902,0.3524149219136403,0.0
2020-09-13 00:00:00,0.1478876366652209,-0.11045591101149885,0.4125417936872683,0.0
2020-09-20 00:00:00,0.16884302963380562,-0.06657700758222868,0.3907788905899662,0.0
2020-09-27 00:00:00,0.15202588760432645,-0.09038518209445068,0.3948028343562884,0.0
2020-10-04 00:00:00,0.1094553025254425,-0.12642350900526741,0.35678462645476117,0.0
2020-10-11 00:00:00,0.07461747747092068,-0.17648409910304455,0.32667042001023167,0.0
2020-10-18 00:00:00,0.07451924635065116,-0.16658728323633207,0.3214717330784905,0.0
2020-10-25 00:00:00,0.10744311822253746,-0.14187200633378214,0.3561112414619534,0.0
2020-11-01 00:00:00,0.14651200121990018,-0.1006782676135396,0.39194234523790605,0.0
2020-11-08 00:00:00,0.16376330242291345,-0.07723090198361213,0.3922771497033589,0.0
2020-11-15 00:00:00,0.15112728265642777,-0.08343309547644934,0.40331401778853404,0.0
2020-11-22 00:00:00,0.12126865115738539,-0.12203260500620552,0.3560059400880264,0.0
2020-11-29 00:00:00,0.09280512918506235,-0.16370138926969083,0.3427358666358582,0.0
2020-12-06 00:00:00,0.07690624502120225,-0.16299750922344688,0.3150431867063223,0.0
2020-12-13 00:00:00,0.07521648968818645,-0.18555766064334775,0.29044034818204895,0.2685441296849668
2020-12-20 00:00:00,0.08471587362279573,-0.14229168732691608,0.3236138829230072,0.2614295301428803
2020-12-27 00:00:00,0.1008078711638849,-0.147230990922929,0.35813782054400534,0.2405519194094391
2021-01-03 00:00:00,0.11722214213371782,-0.13066340044605232,0.3541966029433741,0.2294744207627139
2021-01-10 00:00:00,0.12746525581990592,-0.10802382085441481,0.3754368522405672,0.0
2021-01-17 00:00:00,0.12912960453565828,-0.11579129834156665,0.3579181020836979,0.0
2021-01-24 00:00:00,0.12585473483853393,-0.12008309815076829,0.3742799487949813,0.0
2021-01-31 00:00:00,0.12300838352745412,-0.12952216135213976,0.3603661646355876,0.0
2021-02-07 00:00:00,0.12150291491938776,-0.11911702561959012,0.36344723451029326,0.0
2021-02-14 00:00:00,0.11784721496449468,-0.11655632414067249,0.37173423937610706,0.0
2021-02-21 00:00:00,0.1111366310811068,-0.13573175716607275,0.36399452536085586,0.0
2021-02-28 00:00:00,0.10793978665147896,-0.1348167062223077,0.36432189861412007,0.0
2021-03-07 00:00:00,0.11721823241846943,-0.12923138449178975,0.35922153275346147,0.0
2021-03-14 00:00:00,0.13953467863065283,-0.08849478591133081,0.38944139405213196,0.0
2021-03-21 00:00:00,0.16325335849388617,-0.09193666032984338,0.3908211048120255,0.0
2021-03-28 00:00:00,0.1738467088199921,-0.0640740046258462,0.4385456444680933,0.0
2021-04-04 00:00:00,0.1675552113014418,-0.0666388357514969,0.415369754562557,0.0
2021-04-11 00:00:00,0.15496317438863016,-0.08329114638212215,0.40133570654765127,0.0
2021-04-18 00:00:00,0.15061591364216642,-0.09847471975957905,0.38065610323001087,0.0
2021-04-25 00:00:00,0.1595728718561775,-0.07156471583258806,0.39605627349449957,0.0
2021-05-02 00:00:00,0.1740980520819453,-0.050948433437951995,0.4211066724156396,0.2180437669976296
2021-05-09 00:00:00,0.18192842702010834,-0.06637132707179788,0.41810755919098763,0.2646025004075221
2021-05-16 00:00:00,0.17610334613910827,-0.06207366212496079,0.4208737418207176,0.2644514289149032
2021-05-23 00:00:00,0.15748694504305563,-0.07770984513246368,0.3931400580572897,0.2529023036799451
2021-05-30 00:00:00,0.13109185342269467,-0.10895149974716031,0.3547425780565646,0.2681761503157224
2021-06-06 00:00:00,0.10289696994568757,-0.1401647519950259,0.3473356650574033,0.2154567277799726
2021-06-13 00:00:00,0.07966954194130119,-0.1759542981378094,0.338801896851761,0.2783800920297964
2021-06-20 00:00:00,0.06824712090580448,-0.16563796734399547,0.3153057417071815,0.2379870298745087
2021-06-27 00:00:00,0.07181599080943954,-0.1681589624589581,0.3151182015053676,0.0
2021-07-04 00:00:00,0.08668111640276291,-0.1438185018126297,0.3285652939546084,0.0
2021-07-11 00:00:00,0.10429542461203013,-0.13934436955398874,0.33652883217939555,0.0
2021-07-18 00:00:00,0.11717468871758004,-0.12012341419603656,0.38175635255820606,0.0
2021-07-25 00:00:00,0.12221061569668631,-0.12740135423362256,0.3600769353093107,0.2492984251599173
2021-08-01 00:00:00,0.11859515872192625,-0.12880869375541462,0.3646419745909665,0.2801780773994011
2021-08-08 00:00:00,0.1054930056784025,-0.1336349034278905,0.3785889642566189,0.245850691800451
2021-08-15 00:00:00,0.08514646396253062,-0.15924297399327783,0.3465372972074696,0.2246728056402306
2021-08-22 00:00:00,0.06801101553687858,-0.17493723885449367,0.3080875594537801,0.0
2021-08-29 00:00:00,0.06989576881076058,-0.182966699327498,0.31983351429608575,0.0
2021-09-05 00:00:00,0.09829872777815161,-0.15157991450714656,0.3505754256072307,0.0
2021-09-12 00:00:00,0.14009814841251592,-0.11903031201187328,0.3849638266976252,0.0
2021-09-19 00:00:00,0.16664959577060118,-0.08939602767332105,0.4241017631045254,0.0
2021-09-26 00:00:00,0.15660606769276036,-0.08822051222210256,0.4150477246226211,0.0
2021-10-03 00:00:00,0.11648813948913059,-0.13028582290926646,0.34849793974758314,0.0
2021-10-10 00:00:00,0.07769928476068452,-0.17469323070370738,0.31765841445144116,0.0
2021-10-17 00:00:00,0.07057434517612796,-0.15604676533491382,0.30064655480980534,0.2864051449772556
2021-10-24 00:00:00,0.09910051879192923,-0.14044004525113127,0.3492795505511784,0.23620493161928
2021-10-31 00:00:00,0.13945340701944636,-0.12782951785705318,0.390787600081657,0.2293401977994963
2021-11-07 00:00:00,0.16190707238917532,-0.07370523526309694,0.40446819201471784,0.2480497256039679
2021-11-14 00:00:00,0.154129623547579,-0.0925726513695325,0.41580264958527136,0.0
2021-11-21 00:00:00,0.1259235732449966,-0.11147220759859611,0.3613060665671183,0.0
2021-11-28 00:00:00,0.09608182686263095,-0.14354824257728335,0.3428944364340081,0.0
2021-12-05 00:00:00,0.07759557970896233,-0.1711799678910618,0.3284422442863707,0.0
2021-12-12 00:00:00,0.07352244450334515,-0.17069891537559254,0.3100405835898598,0.0
2021-12-19 00:00:00,0.0813219189021335,-0.15736080820697343,0.33373595005150136,0.0
2021-12-26 00:00:00,0.09664547072311055,-0.1443673239567613,0.33957836484163484,0.0
2022-01-02 00:00:00,0.11352063670000662,-0.12273849801898032,0.35050995231183957,0.0
2022-01-09 00:00:00,0.12521782103252654,-0.12310137745807939,0.3697443759141391,0.0
2022-01-16 00:00:00,0.1282999035102168,-0.12362901004888219,0.3652282441313114,0.0
2022-01-23 00:00:00,0.12546871283398098,-0.10700536391357945,0.37092305222630434,0.0
2022-01-30 00:00:00,0.12229910765380661,-0.14342307306905114,0.3775453143569465,0.0
2022-02-06 00:00:00,0.12075144496757505,-0.12423271063522132,0.35974855985654897,0.274921396362601
2022-02-13 00:00:00,0.11772826336969766,-0.11920377406788776,0.3727474167488044,0.2642836700896039
2022-02-20 00:00:00,0.11129326508149334,-0.13698344945974342,0.3527353495079214,0.2362741943897627
2022-02-27 00:00:00,0.10674019010696056,-0.1358566030257615,0.35102012620780343,0.2245207391580323
2022-03-06 00:00:00,0.11338407753286894,-0.1330878440702475,0.35475299733619303,0.0
2022-03-13 00:00:00,0.1339274718734644,-0.11123593548722197,0.3704461384228821,0.0
2022-03-20 00:00:00,0.15857439181978011,-0.08250457276782466,0.4086684034798135,0.0
2022-03-27 00:00:00,0.1722331907834483,-0.07352119605082283,0.4163549860909276,0.0
2022-04-03 00:00:00,0.16852234761281698,-0.07989344666333068,0.39570533128275154,0.2570170991931367
2022-04-10 00:00:00,0.1559005838457256,-0.0914881767676329,0.40680758944084305,0.2661702530297091
2022-04-17 00:00:00,0.1493122234809598,-0.0964785188233919,0.40792136390222244,0.2562500102016323
2022-04-24 00:00:00,0.15615317171154597,-0.09668805090689692,0.4141030486733891,0.2205626375755216
2022-05-01 00:00:00,0.1706067227515229,-0.09511937530704065,0.41685490152038895,0.2504060114661072
2022-05-08 00:00:00,0.18038093707764438,-0.0720232849691913,0.42384978574859256,0.23705281532437
2022-05-15 00:00:00,0.17712615265160836,-0.07290324329212763,0.40689656574016386,0.260916269200681
2022-05-22 00:00:00,0.16048490287299605,-0.07772744522370359,0.4162945370757546,0.2516249040088418
2022-05-29 00:00:00,0.13505363814671886,-0.1067932758653469,0.37062547497780296,0.0
2022-06-05 00:00:00,0.10671337203269889,-0.12734761467955832,0.37758566956469963,0.0
2022-06-12 00:00:00,0.08206548549395881,-0.15953290772100528,0.3352343682411122,0.0
2022-06-19 00:00:00,0.06813433150623857,-0.18462056782114847,0.3228440554300148,0.0
2022-06-26 00:00:00,0.06908900052281211,-0.17594636486824036,0.30572430994930705,0.5116096383809795
2022-07-03 00:00:00,0.08249489423899559,-0.15178548824011198,0.3331881368864533,0.5569774967097912
2022-07-10 00:00:00,0.1002737197062428,-0.12850362332601004,0.3487783596914822,0.5065977487301044
2022-07-17 00:00:00,0.11435062879543333,-0.11870104131115222,0.34416764569359276,0.424815116179125
2022-07-24 00:00:00,0.12086173199520713,-0.12215712729710401,0.3668688666648914,0.4894542993167069
2022-07-31 00:00:00,0.11885623784282626,-0.15017184343839687,0.35406462521579507,0.6180502346828759
2022-08-07 00:00:00,0.10745365189192826,-0.13605425028829324,0.34765933811263083,0.410759272474171
2022-08-14 00:00:00,0.08790408748806487,-0.14487900754975488,0.34581348164995074,0.4817361935262463
2022-08-21 00:00:00,0.06905697604968736,-0.16548193772372807,0.29231123997729946,0.0
2022-08-28 00:00:00,0.06653604857895842,-0.19689400946494554,0.30239110070807773,0.0
2022-09-04 00:00:00,0.09050956767510415,-0.14019310260890575,0.336624791230879,0.0
2022-09-11 00:00:00,0.13180302954311593,-0.1056406927511373,0.3871879929909715,0.0
2022-09-18 00:00:00,0.16320806128295734,-0.07909260370867105,0.404636217113407,0.2484117800866389
2022-09-25 00:00:00,0.16015385297502518,-0.09164609288968267,0.4078414316366431,0.246132619783505
2022-10-02 00:00:00,0.12356636835004776,-0.10486980832247003,0.36782549249328156,0.2315792718518396
2022-10-09 00:00:00,0.08186826373546321,-0.1606870426408147,0.33126406067637215,0.2738763282780165
2022-10-16 00:00:00,0.06784721611060426,-0.18294302492141498,0.3191164028027572,0.0
2022-10-23 00:00:00,0.09115051985111533,-0.15876654932528847,0.3451465901185569,0.0
2022-10-30 00:00:00,0.13177156709614904,-0.1072419768820575,0.3731898688571661,0.0
2022-11-06 00:00:00,0.1590227911831161,-0.08028792896094755,0.406697025809551,0.0
2022-11-13 00:00:00,0.15645718871902642,-0.09689284434364712,0.40233559659814633,0.2537780604528357
2022-11-20 00:00:00,0.1305459106899816,-0.12840406964201131,0.37310440313398047,0.2577374316131395
2022-11-27 00:00:00,0.09974948933302624,-0.14463595777515167,0.33072479551422196,0.2633672624800585
2022-12-04 00:00:00,0.07875825416943014,-0.1532973875161265,0.32383949919038924,0.2251172454539662
2022-12-11 00:00:00,0.07220987856948807,-0.17453302600179535,0.31772857416204403,0.238826252344743
2022-12-18 00:00:00,0.07817245542280563,-0.17768947253916087,0.3185926933341649,0.2441118761714175
2022-12-25 00:00:00,0.09253610726488434,-0.1440544114072175,0.3369462162977893,0.2342647799519235
2023-01-01 00:00:00,0.10964519297014769,-0.1338125935191853,0.3717820608875869,0.282797091531916
2023-01-08 00:00:00,0.12267723093470549,-0.1040083550843961,0.36361535188583877,0.0
2023-01-15 00:00:00,0.12727274609457717,-0.11954895461866663,0.36612525521653466,0.0
2023-01-22 00:00:00,0.1250833000212551,-0.11827426348215656,0.35894808495381236,0.0
2023-01-29 00:00:00,0.12165791911943706,-0.12646079014850634,0.38227791111573406,0.0
2023-02-05 00:00:00,0.11995000213559782,-0.140760996124111,0.3659307206022385,0.0
2023-02-12 00:00:00,0.11747799831805879,-0.09132991610777699,0.36802996679895716,0.0
2023-02-19 00:00:00,0.11149630211053901,-0.11200495256094734,0.35516308821944087,0.0
2023-02-26 00:00:00,0.10591651485993858,-0.12361401020801874,0.368878167913133,0.0
2023-03-05 00:00:00,0.11003076545975247,-0.12309010449863281,0.3435155930907484,0.0
2023-03-12 00:00:00,0.12846764246548975,-0.12081399119871788,0.3822645779217977,0.0
2023-03-19 00:00:00,0.15351939669284076,-0.0986680783218229,0.4029388182495146,0.0
2023-03-26 00:00:00,0.1700216275289182,-0.062158636392602384,0.43748503178662757,0.0
2023-04-02 00:00:00,0.16918637033362344,-0.09503011464879643,0.3969163315131694,0.0
2023-04-09 00:00:00,0.15705335828205158,-0.07268706691279586,0.40318309689509746,0.0
2023-04-16 00:00:00,0.1484758461946625,-0.09652327014600609,0.3935769443267896,0.0
2023-04-23 00:00:00,0.15299418738705203,-0.08431113394203404,0.39249651976827726,0.0
2023-04-30 00:00:00,0.166953196895613,-0.07628801605573327,0.4219462691572181,0.2649736420987346
2023-05-07 00:00:00,0.17839452216507617,-0.06083477903852047,0.4333459376201658,0.2432453964925907
2023-05-14 00:00:00,0.17770936770458295,-0.05925226406674622,0.4241660842735333,0.2043294116507117
2023-05-21 00:00:00,0.16320080896906952,-0.08715346414752115,0.4086272196640409,0.2874515497579628
2023-05-28 00:00:00,0.13892091891992964,-0.11170232593106033,0.3881924976265303,0.0
2023-06-04 00:00:00,0.11064497516894532,-0.13361264703689044,0.3605051551230486,0.0
2023-06-11 00:00:00,0.08481013686601224,-0.14458443195784856,0.3266133431642383,0.0
2023-06-18 00:00:00,0.0685151830681199,-0.17956221653420548,0.296460338470523,0.0
2023-06-25 00:00:00,0.06677562013472943,-0.17907520304014637,0.3032852850147573,0.6446391108439654
2023-07-02 00:00:00,0.07844747859587597,-0.16756964084972745,0.3355629845278941,0.8100905368350579
2023-07-09 00:00:00,0.09612067432418858,-0.1364932175045698,0.3432642856953751,0.7096726229640612
2023-07-16 00:00:00,0.1112770873920908,-0.13937206875857996,0.3483617041238125,0.8355977293569155
2023-07-23 00:00:00,0.11924332084772217,-0.13172011418830096,0.37537627110482563,0.2347751234541808
2023-07-30 00:00:00,0.11881396315493269,-0.12123562150608205,0.37162336117768047,0.2188646260268175
2023-08-06 00:00:00,0.10913254464865492,-0.14074869807519283,0.3567086359954007,0.2453069513419657
2023-08-13 00:00:00,0.09066176703011554,-0.1566439009552558,0.3394544484704932,0.3010532991770359
2023-08-20 00:00:00,0.07063646592032584,-0.15326797965101815,0.3250466750926734,0.2328196698941474
2023-08-27 00:00:00,0.06407693055573682,-0.20379281419832598,0.31502000877204117,0.2703489699853706
2023-09-03 00:00:00,0.08332714692463192,-0.15132262297046803,0.3326942165139978,0.2362511867705412
2023-09-10 00:00:00,0.12318698995448343,-0.13094889057941497,0.37877810959478225,0.2605801733499408
2023-09-17 00:00:00,0.1585937623791457,-0.07171444931283597,0.39724728286494027,0.0
2023-09-24 00:00:00,0.1625513550199563,-0.09390468953345321,0.4112437945826033,0.0
2023-10-01 00:00:00,0.13046859963723934,-0.10201146992375323,0.382543608164288,0.0
2023-10-08 00:00:00,0.08698788860983417,-0.14620432021556176,0.34298609575487016,0.0
2023-10-15 00:00:00,0.06639684628900021,-0.17362987233240598,0.3016564384437356,0.0
2023-10-22 00:00:00,0.083782386075958,-0.14762716740851153,0.35417158540908866,0.0
2023-10-29 00:00:00,0.12361992647251285,-0.13533883001546468,0.35838616616159413,0.0
2023-11-05 00:00:00,0.1551208825495016,-0.08841544113359989,0.412118093735515,0.0
2023-11-12 00:00:00,0.15800792452336418,-0.09415596344891058,0.40840851706077586,0.0
2023-11-19 00:00:00,0.13502639489289953,-0.09520889040384009,0.37868973974933795,0.0
2023-11-26 00:00:00,0.10375959919634431,-0.13341218324437912,0.359782591471288,0.0
2023-12-03 00:00:00,0.08039833202587955,-0.1554150032577626,0.32747337033939683,0.0
2023-12-10 00:00:00,0.0712999794527057,-0.16320371119100816,0.31509786553419794,0.0
2023-12-17 00:00:00,0.0752947963385368,-0.17097438625636194,0.32102476608760083,0.0
2023-12-24 00:00:00,0.08851892346532436,-0.1474099455003525,0.3372741190856049,0.0
2023-12-31 00:00:00,0.10563356044653059,-0.11557424153141124,0.3477664732035185,0.0
2024-01-07 00:00:00,0.11984973393217611,-0.13293356606899523,0.362951175412237,
2024-01-14 00:00:00,0.12601720955932189,-0.10737711295909202,0.37285098980472714,
2024-01-21 00:00:00,0.12466663887406065,-0.11295155356070272,0.35912266487699274,
2024-01-28 00:00:00,0.12108896153948365,-0.11759389125978859,0.3794594780521472,
2024-02-04 00:00:00,0.1191257526804189,-0.1384196953785218,0.3651980978718218,
2024-02-11 00:00:00,0.1170952558832453,-0.1209940562772904,0.35332058020004914,
2024-02-18 00:00:00,0.11169450008202086,-0.12007148325675299,0.3365137265833029,
2024-02-25 00:00:00,0.1054148122570999,-0.15003930464903206,0.3539357414001732,
2024-03-03 00:00:00,0.10717112761200073,-0.13258536997237022,0.3545686176933205,
2024-03-10 00:00:00,0.12324172478144732,-0.11241215808901492,0.3695766374554028,
2024-03-17 00:00:00,0.14817318208528885,-0.09508695600135567,0.3859226457292698,
2024-03-24 00:00:00,0.16721308041150568,-0.07334076758442121,0.3920154659914835,
2024-03-31 00:00:00,0.16946415980768686,-0.07315801183225157,0.4132902917831194,
2024-04-07 00:00:00,0.15833585880879036,-0.07937212365090249,0.4160308017474905,
2024-04-14 00:00:00,0.1480962918915663,-0.09018277457760998,0.39205174227362705,
2024-04-21 00:00:00,0.15015979868335372,-0.09909396423508166,0.3852573558683353,
2024-04-28 00:00:00,0.16321100961019092,-0.07515374462451357,0.39990930258271495,
2024-05-05 00:00:00,0.17599785221107406,-0.06093567944889533,0.414306738966414,
2024-05-12 00:00:00,0.1778364734392193,-0.05024487100624109,0.41986292682267856,
2024-05-19 00:00:00,0.16560221088045027,-0.08740233701261912,0.3983116727807111,
2024-05-26 00:00:00,0.14265956454918588,-0.10413788073984537,0.40693958399214947,
2024-06-02 00:00:00,0.11465138539660939,-0.1336082035535239,0.35874718095438984,
2024-06-09 00:00:00,0.08786359986764491,-0.15727375604389224,0.32288484432151554,
2024-06-16 00:00:00,0.06937765513504306,-0.16868783573796756,0.3034550926451691,
2024-06-23 00:00:00,0.06490831192050363,-0.1760911838693496,0.31805263355815727,
2024-06-30 00:00:00,0.07459420089062554,-0.1834962927369939,0.30807575217504835,
2024-07-07 00:00:00,0.09187510859630527,-0.1348770737322004,0.32501255976966237,
2024-07-14 00:00:00,0.10796408204824663,-0.13175102606210023,0.3641428898503454,
2024-07-21 00:00:00,0.1173581336832427,-0.12595399005552319,0.35155792661538604,
2024-07-28 00:00:00,0.11847548446144109,-0.10348569086078024,0.3730186032275057,
2024-08-04 00:00:00,0.11051215136760721,-0.12690429863917066,0.36113739166261843,
2024-08-11 00:00:00,0.09334497023689484,-0.15232124748893225,0.3199971819977927,
2024-08-18 00:00:00,0.07265000139252895,-0.17706819518642145,0.31376700057493684,
2024-08-25 00:00:00,0.062490812412544464,-0.1764572858337867,0.29773288794445657,
2024-09-01 00:00:00,0.07686137618072209,-0.17936589232308373,0.30926244301824174,
2024-09-08 00:00:00,0.11443683087733006,-0.13518953298997757,0.37963290332921495,
2024-09-15 00:00:00,0.15291203649329316,-0.1027942042101917,0.3983950303938849,
2024-09-22 00:00:00,0.16371365608553767,-0.08458816385378545,0.4082956507441817,
2024-09-29 00:00:00,0.1369787645211991,-0.10101333394806919,0.3623070386031604,
2024-10-06 00:00:00,0.09289391855917764,-0.15011460800686785,0.3399651253998659,
2024-10-13 00:00:00,0.06624704439829651,-0.1736792026583476,0.307638705101583,
2024-10-20 00:00:00,0.07717347321323369,-0.15882873400224093,0.31736919544771813,
2024-10-27 00:00:00,0.11516976034970552,-0.13711232201011278,0.3689396265698315,
2024-11-03 00:00:00,0.15023892252168178,-0.0783854697399457,0.38821759305049175,
2024-11-10 00:00:00,0.1586927075177308,-0.08307714453981527,0.40617527401581377,
2024-11-17 00:00:00,0.13924984371376442,-0.101872529895326,0.38617350428880537,
2024-11-24 00:00:00,0.1080515020004233,-0.13134088697516597,0.3351063215630319,
2024-12-01 00:00:00,0.08251323647754095,-0.15179694626781667,0.33218366838368074,
2024-12-08 00:00:00,0.07081265426788219,-0.17676854854053123,0.3177862720069641,
2024-12-15 00:00:00,0.07271471222296645,-0.1633782374759423,0.3093744315990681,
2024-12-22 00:00:00,0.08463106492776937,-0.16614726827645201,0.32237796263184887,
2024-12-29 00:00:00,0.10152590974837346,-0.14055307369814143,0.34979018520806204,
2025-01-05 00:00:00,0.11674887967418321,-0.11814050546874769,0.3638698183845058,
2025-01-12 00:00:00,0.12450731876981992,-0.12176462350163189,0.37862189010263053,
2025-01-19 00:00:00,0.12418350627460949,-0.10778055754016916,0.36347820353862714,
2025-01-26 00:00:00,0.12058913984657299,-0.12189960639725264,0.38069644345088494,
2025-02-02 00:00:00,0.11830515776106212,-0.12349534622816102,0.3580647384393886,
2025-02-09 00:00:00,0.11658732510608663,-0.12701971469443166,0.3804423978029772,
2025-02-16 00:00:00,0.11184396246278451,-0.12893484869109903,0.3504119746398734,
2025-02-23 00:00:00,0.10517597813282197,-0.13741680199117276,0.3640749074152442,
2025-03-02 00:00:00,0.10480289323344105,-0.1505316086766241,0.33788353753026246,
2025-03-09 00:00:00,0.11832680897540136,-0.11022227004224522,0.35448879191259497,
2025-03-16 00:00:00,0.14262811215863913,-0.08125887353777217,0.3880011284895656,
2025-03-23 00:00:00,0.16382661900903028,-0.09131308527949974,0.40587300234614976,
2025-03-30 00:00:00,0.16928317196793752,-0.07665521869545089,0.43883804900649204,
2025-04-06 00:00:00,0.15965572725767954,-0.09903055141603595,0.4049856331209487,
2025-04-13 00:00:00,0.14814706797747568,-0.09544065273863397,0.3857656513257469,
2025-04-20 00:00:00,0.14770437567497474,-0.10253467664600635,0.3819539509159945,
2025-04-27 00:00:00,0.15945723674752113,-0.09338994314009938,0.3973150342934577,
2025-05-04 00:00:00,0.17322921729416835,-0.06779213225259759,0.4001383418866141,
2025-05-11 00:00:00,0.177497043904254,-0.05416934546435562,0.43100660240489186,
2025-05-18 00:00:00,0.16765765552493583,-0.08243845316138962,0.3961966459202546,
2025-05-25 00:00:00,0.14623587364245969,-0.1038462778316675,0.4013657918195901,
2025-06-01 00:00:00,0.11869354170294064,-0.1470963610520318,0.36513801187161354,
2025-06-08 00:00:00,0.09118423668617244,-0.137372776756741,0.33930245090249933,
2025-06-15 00:00:00,0.07070266289864988,-0.17521830123575313,0.3187982282324397,
2025-06-22 00:00:00,0.0635120393499099,-0.19121160401931273,0.30189438006944885,
2025-06-29 00:00:00,0.0709893054890594,-0.18454923036285611,0.32667353636542157,
2025-07-06 00:00:00,0.0875809217915844,-0.14939722414509407,0.3359952571494934,
2025-07-13 00:00:00,0.10442578086387916,-0.13920284407337544,0.35194708745184894,
2025-07-20 00:00:00,0.11520837134671472,-0.1338325055685756,0.37610773571311157,
2025-07-27 00:00:00,0.11784819335750236,-0.13097666776319009,0.37521593534219644,
2025-08-03 00:00:00,0.11158259515755142,-0.1365786903534816,0.3504492333315198,
2025-08-10 00:00:00,0.09588947438684611,-0.1410132265396665,0.342569136379159,
2025-08-17 00:00:00,0.07499648613724236,-0.16954376535627488,0.3154110238600164,
2025-08-24 00:00:00,0.061729889832689275,-0.1811253759859172,0.3098678814945431,
2025-08-31 00:00:00,0.07119787749440734,-0.17836712058120843,0.31436840475593997,
2025-09-07 00:00:00,0.10573595536165334,-0.13883098328999213,0.3538054739153066,
2025-09-14 00:00:00,0.1462943926110733,-0.09863163153222773,0.40176172376272434,
2025-09-21 00:00:00,0.16359082130597247,-0.06988497171465421,0.4123035630955262,
2025-09-28 00:00:00,0.1428924604461353,-0.09899928456959711,0.38450502587509205,
2025-10-05 00:00:00,0.09939911118515557,-0.13012448538964413,0.3547377510720553,
2025-10-12 00:00:00,0.06738519828429496,-0.18711575396259025,0.32809242146717155,
2025-10-19 00:00:00,0.07148366439863293,-0.1781971913556614,0.31926183779372663,
2025-10-26 00:00:00,0.10660580484446026,-0.1389647131413104,0.3597052818486146,
2025-11-02 00:00:00,0.14444199943071478,-0.09550498898917195,0.38175107944378517,
2025-11-09 00:00:00,0.1584389005924693,-0.08746215334551749,0.4017682180803145,
2025-11-16 00:00:00,0.14309789195802,-0.10403483668028879,0.37283453655119125,
2025-11-23 00:00:00,0.1125523884389798,-0.13542445100907555,0.3520550872271181,
2025-11-30 00:00:00,0.08509243383399923,-0.13980097944662132,0.32310906866854516,
2025-12-07 00:00:00,0.07076599997433991,-0.1815208185392209,0.31345171419450835,
2025-12-14 00:00:00,0.07045672991237285,-0.17253914394482953,0.3222317222274981,
2025-12-21 00:00:00,0.0809074404069121,-0.1741383384034587,0.33732136725143924,
2025-12-28 00:00:00,0.0973637638472091,-0.13090785588119871,0.3504469075675515,
2026-01-04 00:00:00,0.1133950183194907,-0.12872420699163487,0.33308255224787725,
2026-01-11 00:00:00,0.12272310925861364,-0.09982138260512774,0.3873889239828633,
2026-01-18 00:00:00,0.12359680778238273,-0.11263474438645696,0.3454770645675803,
2026-01-25 00:00:00,0.12014805005289725,-0.13256623223796596,0.3783790580504558,
2026-02-01 00:00:00,0.11751222514918103,-0.12738830069624982,0.34842430322083884,
2026-02-08 00:00:00,0.11596876400514922,-0.11969838319085685,0.36214159854655914,
2026-02-15 00:00:00,0.11190937964377223,-0.12500103503450363,0.34411942235084625,
2026-02-22 00:00:00,0.1051383136461462,-0.1474629676178056,0.34298127497687736,
2026-03-01 00:00:00,0.10290952514931179,-0.15883062998436617,0.3541768879251064,
2026-03-08 00:00:00,0.11378830953484441,-0.14233534749757568,0.3718064407198424,
2026-03-15 00:00:00,0.13698099285150586,-0.1032992734195817,0.3778922087321219,
2026-03-22 00:00:00,0.15989867707293245,-0.06099491939932816,0.4159374643993249,
2026-03-29 00:00:00,0.16858396135810455,-0.07476467431528955,0.4186159247503849,
2026-04-05 00:00:00,0.16091687377252892,-0.08883280892801212,0.4089820342139888,
2026-04-12 00:00:00,0.1485861586534904,-0.10389322446540494,0.3853594924947028,
2026-04-19 00:00:00,0.14567070707171215,-0.11036721332726462,0.39487998267915647,
2026-04-26 00:00:00,0.1557703706308336,-0.08334094066621991,0.4057770716403535,
2026-05-03 00:00:00,0.17013626364296297,-0.06541403443181468,0.4188899197326741,
2026-05-10 00:00:00,0.17668777654580112,-0.06759545711481876,0.41250712466003114,
2026-05-17 00:00:00,0.16933732375098992,-0.08913321052557593,0.40287318001928263,
2026-05-24 00:00:00,0.14961638030555588,-0.09209087213886064,0.3826055596360064,
2026-05-31 00:00:00,0.12273374851911321,-0.12024063245826572,0.3849587706162879,
2026-06-07 00:00:00,0.09472955204051145,-0.1543252241885942,0.3318677255179242,
2026-06-14 00:00:00,0.07246484939338357,-0.15131978842250285,0.3359911314269159,
2026-06-21 00:00:00,0.06260376273168326,-0.18277638348132383,0.2953783170144094,
2026-06-28 00:00:00,0.067684542744401,-0.1905925163884881,0.32523808796225256,
2026-07-05 00:00:00,0.08328641826217123,-0.1654241140875047,0.30814948667245645,
2026-07-12 00:00:00,0.10068118901463394,-0.1380036986859394,0.3550111712034413,
2026-07-19 00:00:00,0.11279636084863263,-0.12063993265950984,0.3433752862506167,
2026-07-26 00:00:00,0.11693893556489132,-0.12480492842713489,0.3709208833640576,
2026-08-02 00:00:00,0.11234025370571857,-0.13633216262571615,0.35212494804688765,
2026-08-09 00:00:00,0.09824185385877655,-0.1544611152008379,0.36345111578271905,
2026-08-16 00:00:00,0.07757633071318823,-0.15283979880232687,0.3118578047052556,
2026-08-23 00:00:00,0.061729039329511834,-0.20568339448708398,0.3183801023098102,
2026-08-30 00:00:00,0.06639685532118905,-0.17395401284979697,0.2939579631989936,
2026-09-06 00:00:00,0.09725919690633103,-0.12583539234868615,0.336959441456141,
2026-09-13 00:00:00,0.13889396616388783,-0.10251977072081195,0.3801666890354962,
2026-09-20 00:00:00,0.16216878931192552,-0.08693032489820368,0.3909359584429284,
2026-09-27 00:00:00,0.14802289893419532,-0.11356807749329931,0.3933938340419586,
2026-10-04 00:00:00,0.10629867857288465,-0.12442564638056172,0.34061434266733676,
2026-10-11 00:00:00,0.06976215949355596,-0.17314277678802628,0.30387437141080176,
2026-10-18 00:00:00,0.0668502128538341,-0.1604744174021249,0.30965865128799597,
2026-10-25 00:00:00,0.09812128547083629,-0.13528585991220912,0.3327650336500791,
2026-11-01 00:00:00,0.13782220022538447,-0.097175189624427,0.3972823561363277,
2026-11-08 00:00:00,0.1571936271799817,-0.09085788492853769,0.389203514308473,
2026-11-15 00:00:00,0.14645211629513838,-0.11924398289076354,0.37413080115237246,
2026-11-22 00:00:00,0.11717773758213919,-0.1371263772119609,0.3494044898844575,
2026-11-29 00:00:00,0.0881161652735164,-0.15264566982364,0.31088596947563985,
2026-12-06 00:00:00,0.07117555845918282,-0.184949823129727,0.3116079398028624,
2026-12-13 00:00:00,0.06854437564036148,-0.1849825282358433,0.3144973347054878,
2026-12-20 00:00:00,0.07738065743946068,-0.17559973267998338,0.31567879060719617,
2026-12-27 00:00:00,0.09318900646178684,-0.17415033635389107,0.33226324389907813,
2027-01-03 00:00:00,0.1098145781054878,-0.15230078314042703,0.34403133525163576,
2027-01-10 00:00:00,0.12065143068281778,-0.10751529111472402,0.3659912872965046,
2027-01-17 00:00:00,0.12286915428557346,-0.13564920607405842,0.37644896682551976,
2027-01-24 00:00:00,0.11974827874122082,-0.10923788702804649,0.36694303167218156,
2027-01-31 00:00:00,0.11676694142917056,-0.12462729192480235,0.34977382928356826,
2027-02-07 00:00:00,0.115259919750204,-0.13872383217024273,0.35202373831603845,
2027-02-14 00:00:00,0.11186482158129839,-0.12519475295824853,0.36101482317053357,
2027-02-21 00:00:00,0.10524006125427225,-0.14346175694290939,0.3429799310695452,
2027-02-28 00:00:00,0.10146155767694792,-0.1402720406788526,0.3458413075787429,
2027-03-07 00:00:00,0.1096782144879837,-0.1329831933398362,0.33604551669455746,
2027-03-14 00:00:00,0.1313298483653744,-0.1172847197535129,0.3569624802364188,
2027-03-21 00:00:00,0.15548180335301387,-0.08488242950201341,0.39908882387748734,
2027-03-28 00:00:00,0.1673222641085927,-0.06553974244016225,0.4114618137952897,
2027-04-04 00:00:00,0.1620226469696701,-0.07309477027537803,0.40778929633008243,
2027-04-11 00:00:00,0.14935705949828276,-0.08925987293115262,0.39318410741727905,
2027-04-18 00:00:00,0.1440882390972785,-0.11052923471527823,0.3857782423306758,
2027-04-25 00:00:00,0.15222800541459477,-0.09916948773027784,0.38679305526757135,
2027-05-02 00:00:00,0.1667753680573034,-0.0998820834300419,0.41150962195532015,
2027-05-09 00:00:00,0.1754134199040066,-0.06428766351023002,0.4027113790813397,
2027-05-16 00:00:00,0.17061382445298007,-0.08667258602504607,0.40342260631087756,
2027-05-23 00:00:00,0.15276775405122978,-0.09862378239719577,0.4058040352206621,
2027-05-30 00:00:00,0.1267355814071919,-0.11612787540852265,0.36176343310144277,
2027-06-06 00:00:00,0.09845695349911296,-0.15974927200742725,0.3279281507938786,
2027-06-13 00:00:00,0.07463350540014754,-0.16400599900851662,0.31000222492999896,
2027-06-20 00:00:00,0.062192195917084955,-0.1667808985201383,0.32405215772344964,
2027-06-27 00:00:00,0.0647278133112051,-0.17637314276010393,0.3161937956615755,
2027-07-04 00:00:00,0.07904339811458166,-0.1735185088881421,0.32557346115541486,
2027-07-11 00:00:00,0.09675464554598479,-0.15001800449647454,0.3320226514266349,
2027-07-18 00:00:00,0.110125378180885,-0.14087460415263656,0.37351958682088005,
2027-07-25 00:00:00,0.11575350355637841,-0.12091318009777877,0.36611683582146654,
2027-08-01 00:00:00,0.1127862939629019,-0.14726060905047741,0.36452624901908126,
2027-08-08 00:00:00,0.10035947834408186,-0.1509438302133593,0.33663376077643403,
2027-08-15 00:00:00,0.08029421731190048,-0.14360620546980277,0.330079230129657,
2027-08-22 00:00:00,0.06240905931265665,-0.186463498591968,0.30889659638196526,
2027-08-29 00:00:00,0.062492841075356645,-0.18639355758799794,0.30488545707782244,
2027-09-05 00:00:00,0.08916812880174405,-0.16481180627658779,0.33254617340315595,
2027-09-12 00:00:00,0.13088042814797704,-0.12460939328760798,0.37467480345656207,
2027-09-19 00:00:00,0.15946912930302007,-0.0670102214925167,0.43487696868679937,
2027-09-26 00:00:00,0.15220626154436304,-0.10121122322188503,0.4025588070147683,
2027-10-03 00:00:00,0.1133763084081245,-0.1375957743085691,0.35028192972863964,
2027-10-10 00:00:00,0.07329327455667717,-0.19799373646995158,0.3136455838325923,
2027-10-17 00:00:00,0.06338317490902098,-0.17718520568784132,0.29409752183907345,
2027-10-24 00:00:00,0.08991249149750905,-0.1420839009961408,0.3400441623614723,
2027-10-31 00:00:00,0.13049719625556974,-0.11641379067588217,0.36676470050505433,
2027-11-07 00:00:00,0.15492662361194875,-0.09375133542306507,0.4053970691087043,
2027-11-14 00:00:00,0.149197467765737,-0.08639035447783444,0.40622674097847056,
2027-11-21 00:00:00,0.12183225939899539,-0.1073596588612066,0.364460812269787,
2027-11-28 00:00:00,0.09155430753598509,-0.14910347331160037,0.3330021145607108,
2027-12-05 00:00:00,0.07205337088772257,-0.15441824132426737,0.32365745795530115,
2027-12-12 00:00:00,0.06700031324277306,-0.16511282867137703,0.31350705746494256,
2027-12-19 00:00:00,0.07408110999661438,-0.1673936934502118,0.3204467150443686,
2027-12-26 00:00:00,0.08904301142461472,-0.15158651742100024,0.33683659259186016,
2028-01-02 00:00:00,0.10603916798436698,-0.1285362717994862,0.3691069358970738,
2028-01-09 00:00:00,0.11828646452339607,-0.1267610967098278,0.3609308260344868,
2028-01-16 00:00:00,0.12196444693770177,-0.13022940396174928,0.35908770402036533,
2028-01-23 00:00:00,0.11936604990552967,-0.12397956260550266,0.3762287487886866,
2028-01-30 00:00:00,0.11608395418025311,-0.13691159687965568,0.3633300166625323,
2028-02-06 00:00:00,0.11448523190470582,-0.14058438768718842,0.35928697482304817,
2028-02-13 00:00:00,0.11169406404415748,-0.13445068107618655,0.3455840742209554,
2028-02-20 00:00:00,0.10542181133880514,-0.11768006305561543,0.35170230753185394,
2028-02-27 00:00:00,0.10041836874652675,-0.15750977839088462,0.34726466590508065,
2028-03-05 00:00:00,0.10603387190411837,-0.12551007873420425,0.3278772312937046,
2028-03-12 00:00:00,0.12577070953543978,-0.10354478347499582,0.3745675442408267,
2028-03-19 00:00:00,0.1506428552181835,-0.09590027405135951,0.394621974794619,
2028-03-26 00:00:00,0.16547056114214279,-0.0770070617164322,0.41424679067806847,
2028-04-02 00:00:00,0.16287907304285149,-0.07957679343593599,0.40677513812542077,
2028-04-09 00:00:00,0.15039034522062927,-0.09102964059608648,0.39063257219645775,
2028-04-16 00:00:00,0.14297170547809157,-0.08558290672673668,0.3851819216718536,
2028-04-23 00:00:00,0.14890441085443182,-0.09245660367319639,0.39582442677853136,
2028-04-30 00:00:00,0.16321064358709475,-0.05895536459500572,0.4110936799790673,
2028-05-07 00:00:00,0.17368753587511387,-0.08421361683759043,0.40467458292865344,
2028-05-14 00:00:00,0.1714631218111092,-0.08494200756711226,0.4048696722882489,
2028-05-21 00:00:00,0.1556568282083017,-0.09900569261104103,0.4082080986486184,
2028-05-28 00:00:00,0.13066369780763593,-0.11730541466622621,0.3823671703857746,
2028-06-04 00:00:00,0.10232436285404689,-0.13628143924035677,0.3562282011365152,
2028-06-11 00:00:00,0.07717356841998008,-0.16414465547135207,0.31311225423052047,
2028-06-18 00:00:00,0.06227782515594511,-0.1704455114871596,0.32326893967086223,
2028-06-25 00:00:00,0.06216192013204873,-0.19377742267449546,0.31108614040313864,
2028-07-02 00:00:00,0.07490604792480302,-0.16854691931778196,0.31147582755290587,
2028-07-09 00:00:00,0.09267609149727365,-0.15422895444911003,0.3294256743297975,
2028-07-16 00:00:00,0.10720055605401134,-0.12179521766336496,0.33981705976741977,
2028-07-23 00:00:00,0.11429642097478739,-0.14215744047707676,0.3360489250348748,
2028-07-30 00:00:00,0.11292522963556084,-0.12270383967427603,0.35448998487738204,
2028-08-06 00:00:00,0.10221007133782764,-0.11822774026508295,0.34229309045676704,
2028-08-13 00:00:00,0.08306143122559768,-0.16415037601791868,0.3230534243042042,
2028-08-20 00:00:00,0.06368012821899513,-0.19042964896286527,0.3163352548744175,
2028-08-27 00:00:00,0.05949527502715024,-0.18703267662949055,0.3047860862477607,
2028-09-03 00:00:00,0.08160699407107817,-0.20030874593286782,0.30833138610745536,
2028-09-10 00:00:00,0.1224345332407685,-0.1284735818214955,0.3564812185137657,
2028-09-17 00:00:00,0.15554769227814658,-0.07967853798828159,0.4106026653458289,
2028-09-24 00:00:00,0.15530629165438262,-0.09065935603583034,0.3908714977528044,
2028-10-01 00:00:00,0.12041055236254371,-0.13826928612770792,0.36976240134217386,
2028-10-08 00:00:00,0.07786054283326913,-0.14517611103421604,0.30951480111172514,
2028-10-15 00:00:00,0.061161600441267255,-0.19092911377891006,0.3004185806398145,
2028-10-22 00:00:00,0.08217306574241107,-0.15791009183628088,0.3358230483175214,
2028-10-29 00:00:00,0.12260793422326108,-0.11846125390528126,0.36798891688846186,
2028-11-05 00:00:00,0.15163253796747117,-0.09252592919279162,0.3943152604833925,
2028-11-12 00:00:00,0.15122590548074613,-0.07967343969766477,0.39810142348262767,
2028-11-19 00:00:00,0.12641135499759323,-0.11817556417925468,0.3705586573038314,
2028-11-26 00:00:00,0.09536544530686661,-0.14633362853240886,0.3441916106449183,
2028-12-03 00:00:00,0.0734068614267864,-0.17686939700799817,0.30960012124056524,
2028-12-10 00:00:00,0.06584633390374593,-0.1803990984448189,0.2891193631534542,
2028-12-17 00:00:00,0.0710371840646365,-0.18435459978251637,0.3192090830031883,
2028-12-24 00:00:00,0.08496592702183867,-0.17356554399983962,0.3383192032419532,
2028-12-31 00:00:00,0.10210455871922508,-0.13747337013973374,0.3507282339969119,
2029-01-07 00:00:00,0.11562994463836211,-0.1271795094015665,0.3630925004735466,
2029-01-14 00:00:00,0.12084939812495818,-0.12743753792140486,0.3432646143182735,
2029-01-21 00:00:00,0.11897218113253291,-0.13487982170968452,0.35826747117888136,
2029-01-28 00:00:00,0.11547156020091663,-0.12656190360605543,0.3395050707931984,
2029-02-04 00:00:00,0.11367140523249568,-0.12531418242329614,0.3516033277296521,
2029-02-11 00:00:00,0.11139045177278827,-0.14674698020088303,0.35031424157566643,
2029-02-18 00:00:00,0.10562868325815236,-0.1459612209324225,0.3419391355705099,
2029-02-25 00:00:00,0.09973030200235704,-0.14393195945002427,0.3409941465448084,
2029-03-04 00:00:00,0.10287734795539129,-0.1396139578504426,0.3490748624969428,
2029-03-11 00:00:00,0.12039453447803009,-0.12573908096141537,0.3583599837385181,
2029-03-18 00:00:00,0.14546070451766813,-0.10223567692946742,0.40522064666231306,
2029-03-25 00:00:00,0.16301906137033767,-0.09175656667841503,0.3995298075130693,
2029-04-01 00:00:00,0.16339804559553442,-0.08771456137451916,0.3969714078707489,
2029-04-08 00:00:00,0.1516057270765769,-0.09513125713408005,0.3852963274860225,
2029-04-15 00:00:00,0.14232021654644522,-0.10268414693989197,0.37708635681963937,
2029-04-22 00:00:00,0.1458680823345131,-0.10838169614085238,0.39508474544859506,
2029-04-29 00:00:00,0.15951258579743885,-0.08683487839144452,0.4056560962286683,
2029-05-06 00:00:00,0.17153303800162792,-0.08362826634159157,0.425037818818219,
2029-05-13 00:00:00,0.17186555801278422,-0.09782791479845426,0.4073359665973669,
2029-05-20 00:00:00,0.15825078318590413,-0.09309589976248978,0.4098997250385026,
2029-05-27 00:00:00,0.13448359101664864,-0.11623001387940923,0.3938328786519715,
2029-06-03 00:00:00,0.10629066384900873,-0.1505067544278096,0.34047162480319393,
2029-06-10 00:00:00,0.08004665054523949,-0.1485981116245401,0.3325583343915892,
2029-06-17 00:00:00,0.06285317891178031,-0.18442990953392882,0.33017433191349876,
2029-06-24 00:00:00,0.06002347880055549,-0.1866825758820557,0.3108093175112533,
2029-07-01 00:00:00,0.07092967686008354,-0.15694791473067657,0.31796537998483365,
2029-07-08 00:00:00,0.08848108296500791,-0.15292116763317784,0.3390824312829023,
2029-07-15 00:00:00,0.1040298118016443,-0.12360245970557457,0.34420064346393064,
2029-07-22 00:00:00,0.11257101314005523,-0.12485006986670863,0.35852408062298813,
2029-07-29 00:00:00,0.11276358108096088,-0.1194101168464888,0.3483695487571207,
2029-08-05 00:00:00,0.10377089486304367,-0.12884518794312275,0.3381868321310592,
2029-08-12 00:00:00,0.08579770365419258,-0.16087753463536855,0.3362158761018114,
2029-08-19 00:00:00,0.06544533804353597,-0.1492409380784608,0.31122692097826954,
2029-08-26 00:00:00,0.05738985998357454,-0.19504803660486972,0.2939353575217347,
2029-09-02 00:00:00,0.0746993686331847,-0.15696965029379858,0.33218684285770145,
2029-09-09 00:00:00,0.11374249965817805,-0.13011530198311658,0.35891123008834536,
2029-09-16 00:00:00,0.15049222226079334,-0.09674173877796363,0.39347611155261386,
2029-09-23 00:00:00,0.15721797756122988,-0.07347393823986431,0.4056761416980623,
2029-09-30 00:00:00,0.12718137084803696,-0.12360779065377833,0.3805060710059919,
2029-10-07 00:00:00,0.08331584106004117,-0.17739917709716777,0.32226276118760555,
2029-10-14 00:00:00,0.0602306244166773,-0.19093601238745087,0.30934428475146103,
2029-10-21 00:00:00,0.07508819496386612,-0.16937260748248253,0.32199504744394025,
2029-10-28 00:00:00,0.11431547158605718,-0.13601482403229795,0.3408591564522817,
2029-11-04 00:00:00,0.14733255783435886,-0.09324959520412146,0.37685004203291783,
2029-11-11 00:00:00,0.15244010902928912,-0.09151456976715497,0.39524380237234147,
2029-11-18 00:00:00,0.13080309091319592,-0.11603983625634842,0.37791260955038153,
2029-11-25 00:00:00,0.09949623588885698,-0.13076962263949934,0.34919186044980877,
2029-12-02 00:00:00,0.07523759538734227,-0.16164719349192355,0.33562999382129344,
2029-12-09 00:00:00,0.0651031626655191,-0.17371849322623586,0.2913906576771773,
2029-12-16 00:00:00,0.06827553848191803,-0.1671492879724417,0.30314985735654565,
2029-12-23 00:00:00,0.08099613771406969,-0.171313810722825,0.33103678655128616,
2029-12-30 00:00:00,0.0980495993843806,-0.15712175971901934,0.33197978019710417,
2030-01-06 00:00:00,0.11269108414911624,-0.12555024752902647,0.34367497090738347,
2030-01-13 00:00:00,0.11949492148458439,-0.12428945348414658,0.3467770914709021,
2030-01-20 00:00:00,0.11853329767476745,-0.1331874267095439,0.3574263914135204,
2030-01-27 00:00:00,0.11493104014980225,-0.11662916388655373,0.347251727730341,
2030-02-03 00:00:00,0.11284554206896269,-0.13085254099865765,0.3427805707809364,
2030-02-10 00:00:00,0.11095632220717755,-0.1266395724172161,0.3600987616104464,
2030-02-17 00:00:00,0.10581219682415698,-0.12095121981020293,0.35717628803304463,
2030-02-24 00:00:00,0.0993410421887553,-0.14864237847366055,0.35887403650328253,
2030-03-03 00:00:00,0.10021536729837395,-0.15324849353113476,0.336879380458299,
2030-03-10 00:00:00,0.11528437543252024,-0.12804536517559825,0.35561864391026965,
2030-03-17 00:00:00,0.14002354385398405,-0.10190618707261478,0.395449900735781,
2030-03-24 00:00:00,0.1599760666942202,-0.07847390309807328,0.39877854042877625,
2030-03-31 00:00:00,0.1635003481081313,-0.06894097002055277,0.42342326973391975,
2030-04-07 00:00:00,0.1529145361239831,-0.08742737256436003,0.39250457924719706,
2030-04-14 00:00:00,0.14211685956814746,-0.09633575734905861,0.378841484734308,
2030-04-21 00:00:00,0.14317936058972275,-0.09249800488166318,0.39000636445735504,
2030-04-28 00:00:00,0.15575638588497764,-0.07454646083053781,0.40805751398098156,
2030-05-05 00:00:00,0.16898245357896957,-0.05850274289472626,0.4082637413509024,
2030-05-12 00:00:00,0.17180692412300294,-0.07189462331045465,0.41841213122428433,
2030-05-19 00:00:00,0.16051750108467197,-0.10786834365968115,0.42495848977322026,
2030-05-26 00:00:00,0.13816132949551754,-0.10089624905152,0.37578824139330125,
2030-06-02 00:00:00,0.11031598259886896,-0.13127049527387638,0.3713426300952216,
2030-06-09 00:00:00,0.08321204624344776,-0.17904309179302455,0.32792697037897145,
2030-06-16 00:00:00,0.06390332601266346,-0.1790122818359602,0.31540025841855335,
2030-06-23 00:00:00,0.058342028878588706,-0.18876764476835148,0.3041055195981911,
2030-06-30 00:00:00,0.06716935117975681,-0.1678965949897964,0.320129326351398,
2030-07-07 00:00:00,0.08421053644345924,-0.17687863482769148,0.3286222879370261,
2030-07-14 00:00:00,0.10062473062077067,-0.1368485263093853,0.3555745340822146,
2030-07-21 00:00:00,0.1105797417411758,-0.14799772082355875,0.3602884566504856,
2030-07-28 00:00:00,0.11230870627520827,-0.13058020017794017,0.3628416595315823,
2030-08-04 00:00:00,0.10502763888790471,-0.147616786659974,0.36054424296754717,
2030-08-11 00:00:00,0.08843253479950441,-0.1534337361280985,0.34958802350267293,
2030-08-18 00:00:00,0.06760416687956684,-0.17444561703608072,0.3136676704650168,
2030-08-25 00:00:00,0.056140595532721924,-0.1948535031953024,0.2902520061757674,
2030-09-01 00:00:00,0.06854563964861407,-0.16900063815923286,0.32117750184948013,
2030-09-08 00:00:00,0.10499041415308308,-0.12396595846787642,0.34142959112811444,
2030-09-15 00:00:00,0.14441902850683322,-0.09446980578291614,0.38997998454737526,
2030-09-22 00:00:00,0.15787021528403422,-0.07855118535850225,0.4039959506121391,
2030-09-29 00:00:00,0.1334766177956704,-0.1038402554869271,0.39556380853984485,
2030-10-06 00:00:00,0.08948511688791745,-0.14851967165051924,0.3300160331054114,
2030-10-13 00:00:00,0.06059957406914236,-0.17636115192896576,0.29359366141956234,
2030-10-20 00:00:00,0.06882889501698222,-0.17874696416504923,0.30910710419237597,
2030-10-27 00:00:00,0.10579702898112048,-0.1471773914883384,0.3353221953565272,
2030-11-03 00:00:00,0.14207526892310393,-0.10553865774156951,0.412130662333714,
2030-11-10 00:00:00,0.15275713536441798,-0.09632678143165704,0.40442856915936376,
2030-11-17 00:00:00,0.13489066033966277,-0.1133189078752527,0.3732246028492091,
2030-11-24 00:00:00,0.10388114027505119,-0.15273646265457227,0.3353034889048718,
2030-12-01 00:00:00,0.07753997024398439,-0.1671896805095259,0.3229495657206718,
2030-12-08 00:00:00,0.06479005833863356,-0.17757213723021983,0.30613766071672344,
2030-12-15 00:00:00,0.06582141243946756,-0.17772805287166174,0.32133945354224236,
2030-12-22 00:00:00,0.07716991292855599,-0.1550148931335036,0.30874690340092925,
2030-12-29 00:00:00,0.09391512655125456,-0.1359474211512123,0.3401611027626848,
2031-01-05 00:00:00,0.10948622636176167,-0.13198691202828663,0.3630640627549935,
2031-01-12 00:00:00,0.11787733236542336,-0.12950652809711302,0.37545981646549986,
2031-01-19 00:00:00,0.1180132423034278,-0.14064814355686564,0.34995569210402133,
2031-01-26 00:00:00,0.11445636280800739,-0.1415731019963046,0.3471076216584516,
2031-02-02 00:00:00,0.11203332359951354,-0.14464318204149382,0.350689536032219,
2031-02-09 00:00:00,0.11040203227637353,-0.128848387211861,0.3588160924440486,
2031-02-16 00:00:00,0.10593176579762487,-0.11612889762102155,0.34476029436349764,
2031-02-23 00:00:00,0.09919013895523085,-0.1324995770379135,0.34364820079061964,
2031-03-02 00:00:00,0.09803982288983298,-0.15476789826096035,0.335326809532959,
2031-03-09 00:00:00,0.11051289466017233,-0.139074642428936,0.3608584089211041,
2031-03-16 00:00:00,0.1344258965910388,-0.09981063611502625,0.3918798093538176,
2031-03-23 00:00:00,0.15636770434125172,-0.08937482904405769,0.4062416824604942,
2031-03-30 00:00:00,0.16311839584674853,-0.08272482503846182,0.40175592361850676,
2031-04-06 00:00:00,0.15422255032491283,-0.09227019806520209,0.4137301334487612,
2031-04-13 00:00:00,0.14232884380788807,-0.11176886660542432,0.3867713587749503,
2031-04-20 00:00:00,0.14088821628289872,-0.11012607313340894,0.38483048957058164,
2031-04-27 00:00:00,0.15201995350075886,-0.10088925768693696,0.3825210463236195,
2031-05-04 00:00:00,0.16607786672814212,-0.0885183024220047,0.412954805955254,
2031-05-11 00:00:00,0.1712795241890011,-0.1002596480772413,0.4001576959376122,
2031-05-18 00:00:00,0.16242609685868858,-0.0855424033172974,0.3946771695344715,
2031-05-25 00:00:00,0.14166332493682307,-0.08835952060253272,0.38048472482276474,
2031-06-01 00:00:00,0.1143618080956738,-0.12180124545269042,0.3875617339893722,
2031-06-08 00:00:00,0.08662767487453216,-0.1459379407303161,0.32520587886677804,
2031-06-15 00:00:00,0.0654065695196669,-0.17296036890253877,0.321250998985008,
2031-06-22 00:00:00,0.05713937864560002,-0.1695293961434621,0.3210859789532843,
2031-06-29 00:00:00,0.06367848491945996,-0.17637636039782809,0.3090356022768444,
2031-07-06 00:00:00,0.07991020795592157,-0.16916924757061716,0.31486156576523106,
2031-07-13 00:00:00,0.0970013426768016,-0.1568391643790483,0.3494631163677027,
2031-07-20 00:00:00,0.10832476739661347,-0.1309810152315565,0.3642874600828181,
2031-07-27 00:00:00,0.1115678577492557,-0.12927147527781588,0.3505766682070013,
2031-08-03 00:00:00,0.10597310208956763,-0.14694294809340616,0.3464673974585657,
2031-08-10 00:00:00,0.09090599057569297,-0.1406292447238315,0.34005563765706603,
2031-08-17 00:00:00,0.07005576466531477,-0.17278055831165248,0.32206149328593103,
2031-08-24 00:00:00,0.055692380574431447,-0.18891026626815413,0.29587423903936116,
2031-08-31 00:00:00,0.06322134824266,-0.18588069341023758,0.3048232338943112,
2031-09-07 00:00:00,0.096358849021119,-0.14037828185717857,0.3325933905945402,
2031-09-14 00:00:00,0.13746885055163502,-0.09973781934090062,0.38960123982059214,
2031-09-21 00:00:00,0.15722737612184756,-0.08763968283564394,0.4058400294948109,
2031-09-28 00:00:00,0.13909825154391509,-0.12032670482770569,0.38133137183475163,
2031-10-05 00:00:00,0.0961734191154332,-0.12904597927081898,0.3506451840245272,
2031-10-12 00:00:00,0.0622411723781781,-0.18105316581658062,0.30123812131090166,
2031-10-19 00:00:00,0.06354658686119641,-0.17234511524419335,0.2972748496180537,
2031-10-26 00:00:00,0.0972413638708649,-0.1512321392341319,0.34202277428288563,
2031-11-02 00:00:00,0.13593667082423777,-0.08828717491928656,0.3815069884332404,
2031-11-09 00:00:00,0.15211187923882225,-0.09394957352966349,0.3769151899363553,
2031-11-16 00:00:00,0.13855528044342674,-0.10715603306742674,0.3713112753060629,
2031-11-23 00:00:00,0.10844258401797321,-0.14699633848979385,0.35286412692780506,
2031-11-30 00:00:00,0.08029990907137086,-0.16315852806646544,0.32228194654426456,
2031-12-07 00:00:00,0.06492419697807411,-0.17417470186819997,0.3165345372135202,
2031-12-14 00:00:00,0.06369890817607339,-0.18878826220112846,0.30130437114896,
2031-12-21 00:00:00,0.07352123949641833,-0.15635169557955444,0.3407785833577821,
2031-12-28 00:00:00,0.08974292059416475,-0.1708955941775376,0.3305811711870256,
2032-01-04 00:00:00,0.10603825028703134,-0.15078322964407867,0.3377568539969731,
2032-01-11 00:00:00,0.11597931110808736,-0.13976844433306343,0.3641820147775462,
2032-01-18 00:00:00,0.11737461139078181,-0.1432286274785268,0.37521530383932333,
2032-01-25 00:00:00,0.11403426434749135,-0.11683326967420679,0.3600749189937775,
2032-02-01 00:00:00,0.11125732468235813,-0.1337275537331927,0.35684693177491744,
2032-02-08 00:00:00,0.1097446472544327,-0.13373977187146,0.3424013378419556,
2032-02-15 00:00:00,0.10595576322724262,-0.15018947865291357,0.3334493202966113,
2032-02-22 00:00:00,0.09921557063536127,-0.14838122224839653,0.33567055500030035,
2032-02-29 00:00:00,0.0963288195733212,-0.13808518609967144,0.3505486612785922,
2032-03-07 00:00:00,0.10614031710732544,-0.13797156402275465,0.34624813767248686,
2032-03-14 00:00:00,0.12876544486723485,-0.1250657843545611,0.3769292951811142,
2032-03-21 00:00:00,0.15223703648250086,-0.09860694923632371,0.39561660421581435,
2032-03-28 00:00:00,0.16219859354952468,-0.08598692261919813,0.4098733369997365,
2032-04-04 00:00:00,0.15543306831595244,-0.09579804993585192,0.4041562513499374,
2032-04-11 00:00:00,0.1429082032836606,-0.10277366248681086,0.37898658697417403,
2032-04-18 00:00:00,0.13903229224833527,-0.10896442195644152,0.3740264651365577,
2032-04-25 00:00:00,0.14838170758347893,-0.092975120720484,0.3922167441249258,
2032-05-02 00:00:00,0.16287051163824218,-0.07287287376594448,0.4026018440948659,
2032-05-09 00:00:00,0.17028317267261833,-0.06668348979412606,0.41103333090004457,
2032-05-16 00:00:00,0.16394761910775482,-0.0896728855057474,0.41546023854530545,
2032-05-23 00:00:00,0.14495617111689135,-0.09115683909925831,0.3816409497506691,
2032-05-30 00:00:00,0.11839097064901052,-0.10451371613589558,0.3612907291237941,
2032-06-06 00:00:00,0.0902509189449541,-0.1522218454136752,0.3227165835802944,
2032-06-13 00:00:00,0.06733529563072133,-0.1689092311890347,0.3219315603725984,
2032-06-20 00:00:00,0.056429204232235436,-0.20888139919253365,0.30089674014854495,
2032-06-27 00:00:00,0.06050744641994736,-0.18196341373493144,0.2993324432203135,
2032-07-04 00:00:00,0.07562992138274016,-0.15570740261192897,0.33153346156888247,
2032-07-11 00:00:00,0.0931807391389782,-0.1690436594913974,0.3320659274034809,
2032-07-18 00:00:00,0.10580869179101358,-0.13600746859672816,0.34421991052619894,
2032-07-25 00:00:00,0.11054750453971485,-0.13008611372644305,0.3561170031719477,
2032-08-01 00:00:00,0.10660575430839231,-0.14165005812948625,0.353342256517152,
2032-08-08 00:00:00,0.09316898962864134,-0.164538783307586,0.335668479875632,
2032-08-15 00:00:00,0.07270194158813395,-0.19563166397337797,0.3211316498877861,
2032-08-22 00:00:00,0.05597405610173738,-0.19902907810085038,0.295105461622176,
2032-08-29 00:00:00,0.05877641227525157,-0.19237995270428723,0.3036242678636908,
2032-09-05 00:00:00,0.0880178646623189,-0.14651297571971508,0.35218941532535064,
2032-09-12 00:00:00,0.12980207343299321,-0.1067101288353452,0.36992838658375116,
2032-09-19 00:00:00,0.15528974305256033,-0.09361018891094341,0.40378228587968423,
2032-09-26 00:00:00,0.14386806812106315,-0.10676352461342009,0.39263378180044595,
2032-10-03 00:00:00,0.10317060236069045,-0.14260105287085698,0.3378127523811032,
2032-10-10 00:00:00,0.06509188115897437,-0.18990370019487032,0.3065148012721091,
2032-10-17 00:00:00,0.059368154103745185,-0.17603163197548186,0.27824689913771017,
2032-10-24 00:00:00,0.0888435982788579,-0.16340897045318534,0.3567738569679817,
2032-10-31 00:00:00,0.12901930455051516,-0.1269924466900941,0.3657066328674108,
2032-11-07 00:00:00,0.15046019513407685,-0.10164090947310842,0.41218092315282384,
2032-11-14 00:00:00,0.14167945190035058,-0.10564670549624922,0.3880096614795009,
2032-11-21 00:00:00,0.11309159663623133,-0.12295997365929537,0.3591330571627511,
2032-11-28 00:00:00,0.083493633985145,-0.17052234186854573,0.3307989623544646,
2032-12-05 00:00:00,0.0655198440554333,-0.1797710224710308,0.31102191097919957,
2032-12-12 00:00:00,0.06193119780086036,-0.18517534341236838,0.31334393349859324,
2032-12-19 00:00:00,0.07008182153873117,-0.1718512709940064,0.30648632965025835,
2032-12-26 00:00:00,0.08557475771875117,-0.14813856108406045,0.3198322326819831,
2033-01-02 00:00:00,0.10237577218715174,-0.150022512622528,0.3604579765889957,
2033-01-09 00:00:00,0.11379059452147103,-0.1388573138128966,0.36301710458314285,
2033-01-16 00:00:00,0.11658034374387544,-0.1366770526650404,0.3731856686684121,
2033-01-23 00:00:00,0.1136446903639757,-0.13077621779126777,0.3714132714988789,
2033-01-30 00:00:00,0.11053553839554896,-0.15768867853873983,0.3677024998446058,
2033-02-06 00:00:00,0.1090063641784734,-0.15016161836938577,0.3540094764024291,
2033-02-13 00:00:00,0.10586212847541875,-0.12219263160753538,0.3323883747908647,
2033-02-20 00:00:00,0.09935624065175798,-0.1633209642721549,0.3284008231826095,
2033-02-27 00:00:00,0.09504819481810282,-0.14561068913696715,0.3261366133503203,
2033-03-06 00:00:00,0.10221288894901026,-0.1420857990377473,0.37571605989730905,
2033-03-13 00:00:00,0.12313979617499281,-0.12457111217863573,0.34704900674302963,
2033-03-20 00:00:00,0.14764258116728146,-0.1010129648488256,0.3862816993744008,
2033-03-27 00:00:00,0.16070321903735799,-0.08502418709883183,0.4057293727556538,
2033-04-03 00:00:00,0.15645012114201326,-0.07641063539408749,0.3998299848886835,
2033-04-10 00:00:00,0.1437930484736324,-0.09499547077991247,0.41052436543227566,
2033-04-17 00:00:00,0.1376352897683796,-0.13891422039748194,0.38775240562128077,
2033-04-24 00:00:00,0.14491820705044312,-0.09937329910389331,0.39789519670398643,
2033-05-01 00:00:00,0.1594199994455831,-0.08542969622106825,0.415460914740848,
2033-05-08 00:00:00,0.16882606326944988,-0.07293151526294245,0.4186024738444779,
2033-05-15 00:00:00,0.1650559012689203,-0.09578599493926537,0.3987760629328092,
2033-05-22 00:00:00,0.14800659148614892,-0.09185474308171535,0.403606503219733,
2033-05-29 00:00:00,0.12236750537073313,-0.11149121077745952,0.36288361848060036,
2033-06-05 00:00:00,0.09403932729970939,-0.16228838707038515,0.3262355633204939,
2033-06-12 00:00:00,0.06965693119599273,-0.16329812301364358,0.3144317084167044,
2033-06-19 00:00:00,0.05621691175375523,-0.18031994875594334,0.28707526924679616,
2033-06-26 00:00:00,0.05770223920232409,-0.19595424245539358,0.2972547908710663,
2033-07-03 00:00:00,0.07142257429984292,-0.16258572905169869,0.3082625907826155,
2033-07-10 00:00:00,0.0891894815114567,-0.14552954511405544,0.3480115520961845,
2033-07-17 00:00:00,0.10303542207814807,-0.14625691998883025,0.35999476341248066,
2033-07-24 00:00:00,0.10925294112762077,-0.14008251110635192,0.34782883721377644,
2033-07-31 00:00:00,0.10692827024426599,-0.1324580651416626,0.3393225515859176,
2033-08-07 00:00:00,0.09518311871440273,-0.146565145579619,0.3410504269313403,
2033-08-14 00:00:00,0.0754497676868839,-0.17357180913815698,0.3140505086911827,
2033-08-21 00:00:00,0.05690175019444675,-0.17055655083354818,0.3062374016445174,
2033-08-28 00:00:00,0.05523521189161329,-0.198670326225903,0.2929982000352783,
2033-09-04 00:00:00,0.080122551812852,-0.1601246036039591,0.3399064364805355,
2033-09-11 00:00:00,0.12159346962674412,-0.13859217151369083,0.36298759712438966,
2033-09-18 00:00:00,0.15209281995781385,-0.10227375887596604,0.4121667535954652,
2033-09-25 00:00:00,0.14763277078180545,-0.10858302969787037,0.38775406473267426,
2033-10-02 00:00:00,0.11025751972174706,-0.13207590033632718,0.3653145439441262,
2033-10-09 00:00:00,0.06905338763720822,-0.16922813391877847,0.31431434382884305,
2033-10-16 00:00:00,0.05639166010897921,-0.1758994861762224,0.31497416580120674,
2033-10-23 00:00:00,0.08079965796129397,-0.17284057754169588,0.3385140956212715,
2033-10-30 00:00:00,0.12145047783155138,-0.13387510690977947,0.3458792217588379,
2033-11-06 00:00:00,0.1477815433518094,-0.09351285858436686,0.3986787737577169,
2033-11-13 00:00:00,0.14415048563559826,-0.08816695609673342,0.40194550591827505,
2033-11-20 00:00:00,0.11772896020882846,-0.12447151065491671,0.3760581141453153,
2033-11-27 00:00:00,0.08708660160508061,-0.16182527030081276,0.3408807646283316,
2033-12-04 00:00:00,0.06658733608459098,-0.1844762987562992,0.3165546423092708,
2033-12-11 00:00:00,0.06054060691307836,-0.18260655535103834,0.29866897939179526,
2033-12-18 00:00:00,0.06688121991576843,-0.1611045456753091,0.30646359287064506,
2033-12-25 00:00:00,0.08145159785365833,-0.1642333686319665,0.32638092231986526,
2034-01-01 00:00:00,0.09853219291875553,-0.14485093673629454,0.336418745057773,
2034-01-08 00:00:00,0.11130837525188131,-0.13349085553220377,0.34997071430638516,
2034-01-15 00:00:00,0.11559528840253525,-0.12419216375770001,0.34934415198005375,
2034-01-22 00:00:00,0.11326157182361547,-0.13376330763193237,0.3596074675117422,
2034-01-29 00:00:00,0.10988017474457477,-0.13780241830810727,0.36622866872998033,
2034-02-05 00:00:00,0.10821275224796423,-0.14211433897398654,0.3538725821715162,
2034-02-12 00:00:00,0.10563850667008376,-0.12704136202608593,0.35007174044570116,
2034-02-19 00:00:00,0.0995543048585763,-0.1483471407418341,0.3379855835432669,
2034-02-26 00:00:00,0.09415344172916654,-0.1636589465051502,0.34995695511390634,
2034-03-05 00:00:00,0.09876188990348453,-0.15711977592694407,0.3539408991991273,
2034-03-12 00:00:00,0.11764331045070182,-0.10809136826437951,0.3616285436243183,
2034-03-19 00:00:00,0.1426563013864222,-0.11021536071546861,0.40174547142346684,
2034-03-26 00:00:00,0.15861176045795103,-0.07183316820660865,0.4032016106236297,
2034-04-02 00:00:00,0.15718170593859324,-0.07373551227914363,0.38980208687414253,
2034-04-09 00:00:00,0.14490933633152675,-0.11288468518599692,0.3911186919645203,
2034-04-16 00:00:00,0.1367057748691985,-0.11834674614332091,0.3690281244723954,
2034-04-23 00:00:00,0.14170170413269517,-0.11055134134497444,0.37858747452870134,
2034-04-30 00:00:00,0.15579317808079132,-0.10851334031436596,0.4193346029916275,
2034-05-07 00:00:00,0.16692544832330572,-0.09148714499397381,0.41036256374221647,
2034-05-14 00:00:00,0.16572853214959643,-0.07799470350403179,0.40591000003642463,
2034-05-21 00:00:00,0.1507815268718251,-0.09439153777809761,0.37699950730106724,
2034-05-28 00:00:00,0.12625643535759268,-0.11926700982580699,0.36280199314462164,
2034-06-04 00:00:00,0.09795116219161781,-0.1826222238420799,0.32922761416805746,
2034-06-11 00:00:00,0.07233496026528317,-0.17004715693260727,0.33568806446270966,
2034-06-18 00:00:00,0.05649975855871246,-0.2023304400361389,0.3009650981263232,
2034-06-25 00:00:00,0.055303311625749946,-0.19862299513376788,0.2784791026930037,
2034-07-02 00:00:00,0.06734296092795083,-0.1760370676992474,0.31430776702358365,
2034-07-09 00:00:00,0.08505977014967159,-0.1747502510213569,0.3153987470835947,
2034-07-16 00:00:00,0.10001109453878237,-0.14981761833730609,0.35068066500937023,
2034-07-23 00:00:00,0.10768818791594216,-0.13330972997842264,0.35607555803090973,
2034-07-30 00:00:00,0.10694611889817852,-0.14068465550121148,0.33792200769670416,
2034-08-06 00:00:00,0.09692003297582927,-0.15161828533582875,0.33870746980119515,
2034-08-13 00:00:00,0.0782137141527348,-0.1742425443279084,0.3254360384945034,
2034-08-20 00:00:00,0.0583823831396371,-0.19753008321302903,0.3037506847497565,
2034-08-27 00:00:00,0.05259748953042721,-0.18917449544155832,0.28819508378356745,
2034-09-03 00:00:00,0.07280924291480527,-0.1714029390636048,0.3134407602500369,
2034-09-10 00:00:00,0.11302665652972371,-0.12736754947574128,0.3584357645032571,
2034-09-17 00:00:00,0.14770555690097015,-0.11005900525503132,0.3847597524783096,
2034-09-24 00:00:00,0.15026821391571496,-0.08062268699781938,0.3767720065694736,
2034-10-01 00:00:00,0.11721249949767663,-0.13480667308013453,0.3577313397676475,
2034-10-08 00:00:00,0.07399519833517436,-0.17025767178446663,0.31446184216684153,
2034-10-15 00:00:00,0.054682883149597905,-0.19240638291165682,0.2834306846500302,
2034-10-22 00:00:00,0.07330049956225744,-0.166034736528523,0.3083924760562298,
2034-10-29 00:00:00,0.11337960724635728,-0.1480199777625664,0.36351112573342437,
2034-11-05 00:00:00,0.14408103355990196,-0.10157581485403938,0.39129791387615853,
2034-11-12 00:00:00,0.14586418346798796,-0.10163393419909145,0.400767673118394,
2034-11-19 00:00:00,0.12224687696775542,-0.13988519098580157,0.3790843255659343,
2034-11-26 00:00:00,0.09103268294862554,-0.168613770317295,0.35838805567813864,
2034-12-03 00:00:00,0.06813190791295756,-0.1674374170472391,0.3152745359123111,
2034-12-10 00:00:00,0.059548534642221304,-0.17308277871574954,0.30229065462792515,
2034-12-17 00:00:00,0.06394709342674919,-0.1908896326005514,0.3096782890587245,
2034-12-24 00:00:00,0.07741293794856752,-0.17448727446009296,0.31995391710732846,
2034-12-31 00:00:00,0.09454464626604911,-0.15738353476416186,0.34993255176469074,
2035-01-07 00:00:00,0.10853740363301448,-0.1267010799486145,0.3434475443798177,
2035-01-14 00:00:00,0.11438768086075621,-0.13966704366230845,0.368910706912436,
2035-01-21 00:00:00,0.11285389123989735,-0.12384961693084409,0.3508470817973742,
2035-01-28 00:00:00,0.10929678354557969,-0.14497586744799093,0.3548687373703353,
2035-02-04 00:00:00,0.10739089860105297,-0.13036906019932074,0.3433560310301861,
2035-02-11 00:00:00,0.10528193215463033,-0.136707187476697,0.34906376041061,
2035-02-18 00:00:00,0.09975723803863817,-0.1580645915165849,0.3502865006157362,
2035-02-25 00:00:00,0.09359194462378402,-0.1550724589907789,0.3419393238005647,
2035-03-04 00:00:00,0.0958032242627116,-0.1469408080586508,0.3424033803411598,
2035-03-11 00:00:00,0.11236410605062963,-0.12109145600823554,0.3522177125102522,
2035-03-18 00:00:00,0.13736113958151058,-0.09206560426162794,0.3862075497144992,
2035-03-25 00:00:00,0.15592165548520073,-0.10298084673093205,0.40527716019062854,
2035-04-01 00:00:00,0.15754292282106885,-0.09399171996709355,0.41069210399779954,
2035-04-08 00:00:00,0.1461731067726462,-0.08339261805047068,0.38305716597509176,
2035-04-15 00:00:00,0.13623646664883135,-0.11626517723507326,0.38100682423291055,
2035-04-22 00:00:00,0.1387977108816575,-0.09101524624850604,0.3759555670900592,
2035-04-29 00:00:00,0.15206264117724336,-0.10435696035381772,0.39721969470246465,
2035-05-06 00:00:00,0.16460807244910408,-0.08436652724492302,0.38492598333006,
2035-05-13 00:00:00,0.1659479040658554,-0.07425960746341104,0.3982659601624696,
2035-05-20 00:00:00,0.1532483859081507,-0.0776631664545159,0.3825432478368922,
2035-05-27 00:00:00,0.13002351461477357,-0.10076835318871347,0.3830225609936546,
2035-06-03 00:00:00,0.10194577989984438,-0.1392409095244518,0.34682112895420203,
2035-06-10 00:00:00,0.07532994964598705,-0.17812130365544362,0.31605118784868,
2035-06-17 00:00:00,0.05726721769080291,-0.21287647242428978,0.2902658159078811,
2035-06-24 00:00:00,0.0533445430497721,-0.1998622006354346,0.29817408644322646,
2035-07-01 00:00:00,0.06344646091369281,-0.17903709182086583,0.31013959329498775,
2035-07-08 00:00:00,0.0808293509623311,-0.16530367217321998,0.2961502742014147,
2035-07-15 00:00:00,0.09674499228595991,-0.13898736475082604,0.3309131922008571,
2035-07-22 00:00:00,0.1058561708936182,-0.14603011338017505,0.35728121470265567,
2035-07-29 00:00:00,0.10666628437161757,-0.13763404606373378,0.3690478730051066,
2035-08-05 00:00:00,0.09836051257042944,-0.1396568842495838,0.34091573851972834,
2035-08-12 00:00:00,0.08091729060142257,-0.1726777741129855,0.32947305969886703,
2035-08-19 00:00:00,0.06031719245328461,-0.16840678720314492,0.31928022279544294,
2035-08-26 00:00:00,0.0508399880673725,-0.1815985058620229,0.29471641798384296,
2035-09-02 00:00:00,0.06619249331899538,-0.17216438769104478,0.3190964498948412,
2035-09-09 00:00:00,0.10428846337337415,-0.13948874644757794,0.34234777818676365,
2035-09-16 00:00:00,0.14222757178950127,-0.10815430078616195,0.39114028411898816,
2035-09-23 00:00:00,0.1516826894392071,-0.09491673329204994,0.39268035858596395,
2035-09-30 00:00:00,0.12381789195473165,-0.11350839577674457,0.38318568438574685,
2035-10-07 00:00:00,0.07975826496593716,-0.14960698167332628,0.33401082914942304,
2035-10-14 00:00:00,0.05427280226306916,-0.18501105981281837,0.29052149348516393,
2035-10-21 00:00:00,0.06652631534089498,-0.16540673782779827,0.3136667846402481,
2035-10-28 00:00:00,0.10497472990412596,-0.1424741695418172,0.3309303959871539,
2035-11-04 00:00:00,0.13939075539878196,-0.1035642029851761,0.3936515687606008,
2035-11-11 00:00:00,0.14672854491138324,-0.10540030789191748,0.3792223344838469,
2035-11-18 00:00:00,0.12653114295086085,-0.11351539958238277,0.36089959981604863,
2035-11-25 00:00:00,0.09527366627716881,-0.15554018254565719,0.3443053845588007,
2035-12-02 00:00:00,0.0701524163191249,-0.18135686851266905,0.3178421985032529,
2035-12-09 00:00:00,0.058975179604508,-0.18346471390988514,0.29871998798584837,
2035-12-16 00:00:00,0.06130549637598287,-0.16285588982762375,0.2976477004182727,
2035-12-23 00:00:00,0.07349634809418515,-0.15701457431335844,0.3150925106496261,
2035-12-30 00:00:00,0.09045290573107734,-0.1478122503114163,0.3544072974660283,
2036-01-06 00:00:00,0.10548980130415131,-0.13745724923535033,0.3399862547642649,
2036-01-13 00:00:00,0.1129304637324062,-0.13935212250651954,0.35292405468002375,
2036-01-20 00:00:00,0.11238698300467086,-0.14554318566677457,0.3680677496639355,
2036-01-27 00:00:00,0.10878373512268337,-0.12192867638381485,0.36744027149932984,
2036-02-03 00:00:00,0.10656754970278384,-0.1401384696037203,0.34282605024440316,
2036-02-10 00:00:00,0.10479808735643426,-0.14072602685050536,0.3278999838517862,
2036-02-17 00:00:00,0.09991956142565993,-0.15026229135665595,0.34476545539038417,
2036-02-24 00:00:00,0.09330542667408824,-0.1405719536973161,0.3417876791102503,
2036-03-02 00:00:00,0.09333759189956578,-0.15795479310038565,0.3286737177385203,
2036-03-09 00:00:00,0.10738135463529644,-0.13468254013756945,0.3492331425800209,
2036-03-16 00:00:00,0.13184819230012865,-0.1345976256082855,0.3743357483407179,
2036-03-23 00:00:00,0.1526484036281504,-0.09055308243371835,0.4013139666003629,
2036-03-30 00:00:00,0.1574588982790262,-0.07603856660258596,0.3855647884609642,
2036-04-06 00:00:00,0.1474931142316253,-0.09702575332721836,0.4086603060888748,
2036-04-13 00:00:00,0.13620405259435497,-0.11031062162470934,0.37262039363420946,
2036-04-20 00:00:00,0.13626267345342502,-0.12000139551773531,0.3550285660944657,
2036-04-27 00:00:00,0.14830491902817775,-0.09307552039899683,0.3961001861413287,
2036-05-04 00:00:00,0.16191031154876695,-0.08209776026337906,0.39342726153705165,
2036-05-11 00:00:00,0.16570228793843939,-0.08942250768634497,0.40763507486064887,
2036-05-18 00:00:00,0.15537547031040147,-0.09528423355660742,0.39185800843800533,
2036-05-25 00:00:00,0.1336349736738928,-0.09306680009065668,0.39089662646037493,
2036-06-01 00:00:00,0.10598384569134152,-0.13053360722379873,0.34629611374938135,
2036-06-08 00:00:00,0.07860053570544404,-0.16535097969489973,0.3349006944936882,
2036-06-15 00:00:00,0.058501558740551976,-0.17582746956203446,0.28656085653000996,
2036-06-22 00:00:00,0.05185244524686351,-0.194479436130828,0.29409009524341806,
2036-06-29 00:00:00,0.059787649195398904,-0.1725637939020732,0.3066721158040391,
2036-07-06 00:00:00,0.07654115329452137,-0.1778505438583378,0.31387082732975013,
2036-07-13 00:00:00,0.09325039312900227,-0.16008057667713985,0.31239687595208404,
2036-07-20 00:00:00,0.10375915256443956,-0.14588818183562638,0.34320026212333665,
2036-07-27 00:00:00,0.10609618148427911,-0.15082705729877668,0.3529134029033405,
2036-08-03 00:00:00,0.09949325791940095,-0.15619634441564131,0.34797163972064926,
2036-08-10 00:00:00,0.08349415707210406,-0.1578869132395345,0.3207860546512842,
2036-08-17 00:00:00,0.06260514504137098,-0.1765020577724218,0.309801836398955,
2036-08-24 00:00:00,0.04991872685443992,-0.19077397486034173,0.30897110863187294,
2036-08-31 00:00:00,0.0603629013536266,-0.19473379637170127,0.3057871963581418,
2036-09-07 00:00:00,0.09556339920102586,-0.16059918821478283,0.33751568391291653,
2036-09-14 00:00:00,0.13578548233725224,-0.09070944932125058,0.3864874774726986,
2036-09-21 00:00:00,0.1518191583452817,-0.11133276874649525,0.39477676995202904,
2036-09-28 00:00:00,0.1298664698190455,-0.11131928962305365,0.371691141231034,
2036-10-05 00:00:00,0.08615953031896947,-0.1723020037524118,0.34551156290192775,
2036-10-12 00:00:00,0.0551561352985101,-0.1958718765690081,0.30979869354237166,
2036-10-19 00:00:00,0.06064091127566494,-0.18427305206914682,0.32113171292812076,
2036-10-26 00:00:00,0.09641827016717334,-0.13767591972307477,0.34245291649202486,
2036-11-02 00:00:00,0.13377030728957476,-0.11140617342850243,0.36781945234663416,
2036-11-09 00:00:00,0.14666736258384697,-0.0915533278100708,0.39037409322804517,
2036-11-16 00:00:00,0.13046379108586678,-0.12391101592730594,0.38792341096247906,
2036-11-23 00:00:00,0.09973915321704928,-0.14467131913602507,0.3269113927638101,
2036-11-30 00:00:00,0.07264002312864722,-0.16079941402731843,0.32081718167293327,
2036-12-07 00:00:00,0.058839053605839964,-0.1921667364796811,0.30658282828565897,
2036-12-14 00:00:00,0.058981182379862176,-0.17507202578687972,0.29310639202166033,
2036-12-21 00:00:00,0.0697371949145828,-0.19336589369090032,0.32834005748247375,
2036-12-28 00:00:00,0.08629830629819885,-0.16462590070885422,0.3204485874322546,
2037-01-04 00:00:00,0.1021846096438365,-0.14243245796310547,0.36671130989166667,
2037-01-11 00:00:00,0.11120239736431313,-0.14456105559785945,0.3354279392606659,
2037-01-18 00:00:00,0.11182400237946814,-0.11104533295245358,0.3507934995759769,
2037-01-25 00:00:00,0.10833207492695851,-0.14368547502686171,0.34413953529011465,
2037-02-01 00:00:00,0.10576733627860982,-0.144303291453617,0.36120344664880055,
2037-02-08 00:00:00,0.1042001864926134,-0.13371181873638252,0.3665279570516118,
2037-02-15 00:00:00,0.1000041698676668,-0.15191513468077247,0.3484205023199259,
2037-02-22 00:00:00,0.0932325027582088,-0.14617372045149016,0.35090092138843465,
2037-03-01 00:00:00,0.0913512170956143,-0.1581541846410601,0.3239167037405906,
2037-03-08 00:00:00,0.10276296222143864,-0.15289291532607666,0.3373909941856781,
2037-03-15 00:00:00,0.1262136332333159,-0.11762917897485392,0.3579179154354043,
2037-03-22 00:00:00,0.14882504691955778,-0.11196982478102654,0.38092603357842014,
2037-03-29 00:00:00,0.15686738515333531,-0.07971391768810779,0.39816149777235954,
2037-04-05 00:00:00,0.14877376582769042,-0.0844851703722119,0.4013513018895335,
2037-04-12 00:00:00,0.13656955636759727,-0.12115619176188838,0.37027037257265183,
2037-04-19 00:00:00,0.1341418488850737,-0.09100211335720981,0.3978332846351428,
2037-04-26 00:00:00,0.1445984008082893,-0.11536462869175956,0.38859420692868896,
2037-05-03 00:00:00,0.15887797889205837,-0.09840483649427348,0.40348161141390726,
2037-05-10 00:00:00,0.1649868781006191,-0.0910963591960263,0.40384444832203714,
2037-05-17 00:00:00,0.15713257541180264,-0.0725136654243691,0.39195727001338265,
2037-05-24 00:00:00,0.13705731109991423,-0.1018291343467422,0.37706745047496326,
2037-05-31 00:00:00,0.1100273948073088,-0.13115930875077994,0.34204648043047015,
2037-06-07 00:00:00,0.08210432944392268,-0.17844972791364336,0.32204959229496494,
2037-06-14 00:00:00,0.06017860898674254,-0.17890596995217192,0.300845629420442,
2037-06-21 00:00:00,0.05084560707081054,-0.19374280871715613,0.28261083358114514,
2037-06-28 00:00:00,0.0564188858637351,-0.18788346599773972,0.30108075318431726,
2037-07-05 00:00:00,0.07224266613691213,-0.16730778709062352,0.3294350988577853,
2037-07-12 00:00:00,0.08954528837873715,-0.15532661985396976,0.33670297181207787,
2037-07-19 00:00:00,0.10139937270893357,-0.1444161877669969,0.35142748363225706,
2037-07-26 00:00:00,0.10524281496845893,-0.1335853825804416,0.35569202532845823,
2037-08-02 00:00:00,0.10031351225187099,-0.1356166992377187,0.36435339512811504,
2037-08-09 00:00:00,0.08588871360750519,-0.16938001412900547,0.32848306824549656,
2037-08-16 00:00:00,0.06514611628254059,-0.18299956396695363,0.32225945702693437,
2037-08-23 00:00:00,0.049771796407610716,-0.18499474565586013,0.2958246184166938,
2037-08-30 00:00:00,0.055385803057477784,-0.20255598810084738,0.2931437284717437,
2037-09-06 00:00:00,0.0870284042303784,-0.1736355659867537,0.32740225065455475,
2037-09-13 00:00:00,0.12852849107780343,-0.12129079955578623,0.37026622853873076,
2037-09-20 00:00:00,0.15065636787607287,-0.10029944991795481,0.39950052379775824,
2037-09-27 00:00:00,0.13516747174291452,-0.11597866300004311,0.3607552265393983,
2037-10-04 00:00:00,0.09299724923510813,-0.14722748896177443,0.33552559043656466,
2037-10-11 00:00:00,0.057290995219308985,-0.19725899759911733,0.3087140233189289,
2037-10-18 00:00:00,0.055786453352838106,-0.18737077887507972,0.30378923471153096,
2037-10-25 00:00:00,0.0879021775114565,-0.16636022637586015,0.32499996440243867,
2037-11-01 00:00:00,0.1273064606487431,-0.09920624816866894,0.3570630996633095,
2037-11-08 00:00:00,0.14562356415582337,-0.09801060924583557,0.3921443850257542,
2037-11-15 00:00:00,0.13392614349450868,-0.12469976175193784,0.37660761018273975,
2037-11-22 00:00:00,0.10434690613756306,-0.14641431138503605,0.34814230415970204,
2037-11-29 00:00:00,0.0755769110073908,-0.162537011084502,0.3116962363525212,
2037-12-06 00:00:00,0.05915627911164967,-0.1872572046341265,0.31402475954664666,
2037-12-13 00:00:00,0.05699786270603863,-0.18701911257522894,0.29566707285836613,
MAE,0.15736976646366094,,,
RMSE,0.1910149549067873,,,
