ds,yhat,yhat_lower,yhat_upper,actual
2001-01-07 00:00:00,0.055003927203162356,-0.23068845594066173,0.34486841817214103,0.0
2001-01-14 00:00:00,0.03816868595044136,-0.2466219325975963,0.32222067869901266,0.0
2001-01-21 00:00:00,0.030925862842373433,-0.24992675008433252,0.30207006761272714,0.0
2001-01-28 00:00:00,0.038848287078033075,-0.24072663536244288,0.3054818446025447,0.0
2001-02-04 00:00:00,0.05590245218694348,-0.23181652502375832,0.32707144173019687,0.2739149000112927
2001-02-11 00:00:00,0.06978754772414146,-0.22549302519740594,0.34693545187817476,0.2655525674039216
2001-02-18 00:00:00,0.07407390821163284,-0.20049832913696913,0.34987259390975295,0.2540612300097332
2001-02-25 00:00:00,0.07421159735200322,-0.21559165876479364,0.349586884227125,0.2064713025750525
2001-03-04 00:00:00,0.08063469709028195,-0.21836530243704444,0.35739335976195663,0.0
2001-03-11 00:00:00,0.09604137992830694,-0.1965679880908141,0.3590118219099805,0.0
2001-03-18 00:00:00,0.11051142878637492,-0.16871906346588633,0.38487795450432183,0.0
2001-03-25 00:00:00,0.11014668348763096,-0.1566177138354184,0.3887277607605531,0.0
2001-04-01 00:00:00,0.0907130011603783,-0.17356927334783795,0.3553879628404868,0.0
2001-04-08 00:00:00,0.06235940818709794,-0.21416059595714887,0.34332755629320044,0.0
2001-04-15 00:00:00,0.040626063645397184,-0.24056984960434152,0.3181648281544932,0.0
2001-04-22 00:00:00,0.033049037511663173,-0.26804807099813827,0.32236762987484735,0.0
2001-04-29 00:00:00,0.03499262094133834,-0.2501536503875339,0.31050004023389677,0.0
2001-05-06 00:00:00,0.038422422807412454,-0.22556058242294047,0.33315903166745076,0.0
2001-05-13 00:00:00,0.04355056551716774,-0.23140658614970433,0.32084666850923677,0.0
2001-05-20 00:00:00,0.060048570529018866,-0.2438232018666806,0.33273584194339656,0.0
2001-05-27 00:00:00,0.09541027069908659,-0.1599806250087334,0.40798272439955463,0.0
2001-06-03 00:00:00,0.14206777012568725,-0.12195549298140529,0.42396657563259965,0.0
2001-06-10 00:00:00,0.1775433403693761,-0.10190799453789709,0.4634842846963374,0.0
2001-06-17 00:00:00,0.1799497415247758,-0.09454175032475284,0.4696575524016106,0.0
2001-06-24 00:00:00,0.14593978342833508,-0.13368393712724574,0.4241244493628551,0.0
2001-07-01 00:00:00,0.09477027812735507,-0.18119096996540252,0.3828345512158229,0.0
2001-07-08 00:00:00,0.05427201020801009,-0.2321463551668027,0.3198873456606601,0.0
2001-07-15 00:00:00,0.04083548094825702,-0.22856519935583375,0.35221513413940775,0.0
2001-07-22 00:00:00,0.05048178121510653,-0.24210849151850494,0.327871484916514,0.0
2001-07-29 00:00:00,0.06715725635784728,-0.20823935164229845,0.34607613407321247,0.0
2001-08-05 00:00:00,0.07846892125342474,-0.20571538046147947,0.3547855172276191,0.0
2001-08-12 00:00:00,0.0836254943176237,-0.18569632328800711,0.36184058948068354,0.0
2001-08-19 00:00:00,0.08799257449107026,-0.1719341331421395,0.35407443180148057,0.0
2001-08-26 00:00:00,0.0927995082999661,-0.19838365903021093,0.36069572625307156,0.0
2001-09-02 00:00:00,0.09245511009485972,-0.17410583174160166,0.3915912195789909,0.0
2001-09-09 00:00:00,0.08214576129982934,-0.1880721632948389,0.37123870649364804,0.0
2001-09-16 00:00:00,0.06607985398311703,-0.215104010380526,0.3457004881045422,0.2335126308997227
2001-09-23 00:00:00,0.055631240507359264,-0.2501284229225178,0.32691019654117615,0.2669280658921097
2001-09-30 00:00:00,0.0580672478424918,-0.21475404917772672,0.3439708204157795,0.2433858160377905
2001-10-07 00:00:00,0.06787632790731173,-0.218067960925113,0.33743262544652536,0.2561734871703769
2001-10-14 00:00:00,0.0710262515473635,-0.2272331143383602,0.3562830966310764,0.0
2001-10-21 00:00:00,0.05896720224391262,-0.1968150738630175,0.3658848932813883,0.0
2001-10-28 00:00:00,0.03826802605275463,-0.23457914514955502,0.30743373346916686,0.0
2001-11-04 00:00:00,0.02556909776066507,-0.26176867070771626,0.2955601692217984,0.0
2001-11-11 00:00:00,0.03246457601364321,-0.22824013327269654,0.3179405879470082,0.0
2001-11-18 00:00:00,0.05524958984934866,-0.20807578020836287,0.3315371641641207,0.0
2001-11-25 00:00:00,0.07924294119468811,-0.19876460245101735,0.3581239479659872,0.0
2001-12-02 00:00:00,0.09234977747749909,-0.1822827317991802,0.35911918682944544,0.0
2001-12-09 00:00:00,0.09376507782888246,-0.19140967275395265,0.3831329285262819,0.0
2001-12-16 00:00:00,0.09016482556384614,-0.18808648066937417,0.38415714292999725,0.0
2001-12-23 00:00:00,0.0856554826149262,-0.190714019530503,0.3706572217926699,0.0
2001-12-30 00:00:00,0.07768094825516772,-0.19694983248140574,0.33766737203764857,0.0
2002-01-06 00:00:00,0.06300999751501248,-0.20859725472345364,0.34848102567555905,0.0
2002-01-13 00:00:00,0.04562153610904557,-0.25095711342449856,0.3193056998257936,0.0
2002-01-20 00:00:00,0.03596759839853131,-0.25011540948010846,0.3095996258405882,0.0
2002-01-27 00:00:00,0.041288913203030186,-0.21185530235847516,0.32402417222634844,0.0
2002-02-03 00:00:00,0.057587082163759476,-0.22572259894220703,0.32899977306287975,0.0
2002-02-10 00:00:00,0.07282669182034993,-0.20563420915057962,0.33764678463504455,0.0
2002-02-17 00:00:00,0.07875067022532722,-0.2085128484450567,0.34959847592587123,0.0
2002-02-24 00:00:00,0.07883668075139713,-0.19798186707104115,0.35258886200273065,0.0
2002-03-03 00:00:00,0.08357494585079041,-0.20784187861198145,0.36300218755862557,0.0
2002-03-10 00:00:00,0.09778440661028928,-0.19494547047753885,0.3591241542670143,0.0
2002-03-17 00:00:00,0.1135167199748535,-0.15936579715632038,0.38495955249265634,0.0
2002-03-24 00:00:00,0.11653417406463737,-0.16921031841538187,0.3880420361702346,0.0
2002-03-31 00:00:00,0.10012608992531571,-0.15716294653048635,0.3814929208735544,0.0
2002-04-07 00:00:00,0.0721897163784359,-0.1952684440731981,0.35968603137198496,0.0
2002-04-14 00:00:00,0.0483547151022892,-0.22711705568864415,0.33772028090974904,0.0
2002-04-21 00:00:00,0.03829333669661954,-0.25846285019722,0.34602176238163684,0.0
2002-04-28 00:00:00,0.03920577339025867,-0.2260815567986602,0.3115180434727626,0.0
2002-05-05 00:00:00,0.04269384964089598,-0.2429360564543463,0.3025830796698088,0.0
2002-05-12 00:00:00,0.046985232140490135,-0.22816439276605083,0.33375614443736,0.0
2002-05-19 00:00:00,0.06063366054930883,-0.21989914851736397,0.3191756613294413,0.0
2002-05-26 00:00:00,0.0926480811611586,-0.18064622535757852,0.377969707370697,0.0
2002-06-02 00:00:00,0.1386426753770735,-0.11950960305963781,0.39069609050476195,0.0
2002-06-09 00:00:00,0.1780087871334984,-0.09944350302371471,0.468620138190995,0.0
2002-06-16 00:00:00,0.18726599466855873,-0.06783249283430784,0.46718161437134964,0.0
2002-06-23 00:00:00,0.15890158409412655,-0.12218664005401847,0.44932630995425055,0.2396265626324348
2002-06-30 00:00:00,0.1087236620889197,-0.15889501507402282,0.379992950622817,0.2510827034790253
2002-07-07 00:00:00,0.06457021343897291,-0.21179486742459241,0.33217305654912344,0.2737537591393547
2002-07-14 00:00:00,0.0460259038374667,-0.2218766767384051,0.3226826649266697,0.235536974749185
2002-07-21 00:00:00,0.052587770875782786,-0.22458018849369454,0.3283275090244452,0.0
2002-07-28 00:00:00,0.06920506576495136,-0.2007924922026047,0.3556853167022983,0.0
2002-08-04 00:00:00,0.08186358733326513,-0.19963702722090992,0.35051132359261616,0.0
2002-08-11 00:00:00,0.08775783509363225,-0.18033012230816453,0.3603381187350151,0.0
2002-08-18 00:00:00,0.09195278087350918,-0.20195946540180604,0.3849676522942501,0.2832341267705988
2002-08-25 00:00:00,0.09695023589976608,-0.17869030116986445,0.3871625960761953,0.2130145186286098
2002-09-01 00:00:00,0.09804241803027108,-0.17689208812678925,0.36530810578229034,0.2894090869465604
2002-09-08 00:00:00,0.08951387142920683,-0.17259761376946192,0.3533859445656667,0.2143422676542308
2002-09-15 00:00:00,0.073730312596952,-0.21809322464678904,0.3412673406597899,0.0
2002-09-22 00:00:00,0.061459224196171794,-0.2181866436427296,0.34030165796242573,0.0
2002-09-29 00:00:00,0.061601161992715314,-0.22404167247998996,0.34500926427338674,0.0
2002-10-06 00:00:00,0.07103679762093851,-0.19894167979289107,0.34821659940846444,0.0
2002-10-13 00:00:00,0.07635451105333131,-0.19576620331634387,0.3344639358312227,0.0
2002-10-20 00:00:00,0.0669908762158539,-0.20961972952924374,0.3440580852620938,0.0
2002-10-27 00:00:00,0.04672798122199753,-0.22772629501815306,0.3422143147634995,0.0
2002-11-03 00:00:00,0.031400292077812184,-0.24608274461002944,0.29576016550285444,0.0
2002-11-10 00:00:00,0.03459616703237868,-0.24879673256399082,0.3175358655093653,0.0
2002-11-17 00:00:00,0.05546516232281877,-0.21118776393694993,0.3283278858100065,0.0
2002-11-24 00:00:00,0.08038326602786637,-0.18955493432027654,0.35560583660933354,0.0
2002-12-01 00:00:00,0.09583942851593899,-0.1939419549381075,0.35236403721716514,0.0
2002-12-08 00:00:00,0.09893788979092669,-0.17514470054383757,0.39689551930133254,0.0
2002-12-15 00:00:00,0.0957425366170559,-0.18850043136707606,0.36931208728580023,0.0
2002-12-22 00:00:00,0.09142163257684241,-0.1824681853273259,0.3458487260147236,0.0
2002-12-29 00:00:00,0.08441036631177522,-0.18794667457749975,0.3541677377984763,0.0
2003-01-05 00:00:00,0.07090896314838077,-0.19435308108976845,0.347778905526116,0.0
2003-01-12 00:00:00,0.05332991377660745,-0.2208620047724439,0.310195535411089,0.0
2003-01-19 00:00:00,0.041520425974998595,-0.24831071944391353,0.3248570301344882,0.0
2003-01-26 00:00:00,0.044103847575551997,-0.23627003757451776,0.3138270034033531,0.0
2003-02-02 00:00:00,0.05922668066630207,-0.20745279939120254,0.3375967410740125,0.0
2003-02-09 00:00:00,0.07553336273244958,-0.2042825257470971,0.37003739463180063,0.0
2003-02-16 00:00:00,0.08321992338961545,-0.19362256075569995,0.36681830090628764,0.0
2003-02-23 00:00:00,0.08362697821926032,-0.1987403196020317,0.3736703744536701,0.0
2003-03-02 00:00:00,0.08685563101634922,-0.19867869634963797,0.36227603555502513,0.0
2003-03-09 00:00:00,0.0995951981191252,-0.1719255330053513,0.3921291471640542,0.0
2003-03-16 00:00:00,0.11609444607245953,-0.18377631645745468,0.4091256601143894,0.0
2003-03-23 00:00:00,0.12225893414166761,-0.1503642449394758,0.37881305304178825,0.0
2003-03-30 00:00:00,0.10914889754766151,-0.16302936860080486,0.3790728842237773,0.0
2003-04-06 00:00:00,0.08216909759097207,-0.1905039958192148,0.3630056651420006,0.0
2003-04-13 00:00:00,0.05656017311899321,-0.23530647624479933,0.3506644703008543,0.0
2003-04-20 00:00:00,0.04390418199815081,-0.23503202852886168,0.3191949017275473,0.0
2003-04-27 00:00:00,0.043480523801206886,-0.23488698572964417,0.34637392940764633,0.2604896219668935
2003-05-04 00:00:00,0.04695873133585125,-0.22991724776271244,0.3284765732569328,0.2007374000397782
2003-05-11 00:00:00,0.05071538132601919,-0.23406232639753172,0.35700212991992725,0.2947665787309147
2003-05-18 00:00:00,0.06184325622166763,-0.20325211408783578,0.34268494772808783,0.2440063992624135
2003-05-25 00:00:00,0.090379976515026,-0.18120166424326567,0.35783438539158574,0.5268374352345553
2003-06-01 00:00:00,0.13501588895705227,-0.15745114779989677,0.4036924229139799,0.5071342779713687
2003-06-08 00:00:00,0.17746849860066294,-0.09622134053241832,0.43697020861387814,0.506879113242086
2003-06-15 00:00:00,0.19331513332749603,-0.07045960103799581,0.4627931687496622,0.4591491735519902
2003-06-22 00:00:00,0.17113328155355031,-0.11180997569078566,0.457247345759301,0.0
2003-06-29 00:00:00,0.12289382607549962,-0.1563853016698618,0.4170530166682342,0.0
2003-07-06 00:00:00,0.0757436984999423,-0.23132254349586084,0.3580654675230228,0.0
2003-07-13 00:00:00,0.05205827965275632,-0.2320767789740425,0.33149788919058965,0.0
2003-07-20 00:00:00,0.05500939517223134,-0.22662995427880167,0.3156248361988139,0.2550434255166875
2003-07-27 00:00:00,0.07109223152167804,-0.2045948623643432,0.3656559992174779,0.2628892930063229
2003-08-03 00:00:00,0.08501946605286893,-0.17281944794495796,0.36466933840201154,0.2572826320487147
2003-08-10 00:00:00,0.09184508864119725,-0.19875231983943503,0.3701131696627976,0.2247846494282749
2003-08-17 00:00:00,0.0959617025969361,-0.19432251399405426,0.35458516876525165,0.0
2003-08-24 00:00:00,0.10098026045328282,-0.20257460193080296,0.38538787942502917,0.0
2003-08-31 00:00:00,0.10329850127818341,-0.17408052047180556,0.37373324884139786,0.0
2003-09-07 00:00:00,0.09662456158444847,-0.19324415135098688,0.3925009468308689,0.0
2003-09-14 00:00:00,0.08149753653966271,-0.2146979540875461,0.3610107137485784,0.0
2003-09-21 00:00:00,0.06771881973789322,-0.1983494779518135,0.33963686537254284,0.0
2003-09-28 00:00:00,0.0654626479176026,-0.20843796274438436,0.33931245481342814,0.0
2003-10-05 00:00:00,0.0740580151269815,-0.2061124456895459,0.36563743303218454,0.0
2003-10-12 00:00:00,0.08117208020758346,-0.17831611618384807,0.35932849816626955,0.0
2003-10-19 00:00:00,0.07463107482664696,-0.20335710951578123,0.35407182703927453,0.0
2003-10-26 00:00:00,0.05535196472752667,-0.23422096171246665,0.3324787204255826,0.0
2003-11-02 00:00:00,0.037864994535161456,-0.23530902230707157,0.3315263067763763,0.0
2003-11-09 00:00:00,0.037328729704985866,-0.23310610944897825,0.3221359884942072,0.0
2003-11-16 00:00:00,0.05580847979904391,-0.2135746810148959,0.3164394231618587,0.0
2003-11-23 00:00:00,0.08118948763545568,-0.21069545762098124,0.361648121179465,0.0
2003-11-30 00:00:00,0.09890862466169584,-0.16725646014916745,0.36466455587314534,0.0
2003-12-07 00:00:00,0.10391409047297398,-0.17550220720433296,0.39183159211595453,0.0
2003-12-14 00:00:00,0.1013060686201794,-0.1887757276115148,0.38763908390159474,0.0
2003-12-21 00:00:00,0.09710941314254859,-0.1585671862500393,0.3884480463586333,0.0
2003-12-28 00:00:00,0.09091380204027005,-0.2096314264551833,0.37545067542102023,0.0
2004-01-04 00:00:00,0.07865459162261543,-0.20682966626882554,0.349401988068249,0.0
2004-01-11 00:00:00,0.06122510632894637,-0.20369524808695638,0.32934858916071164,0.0
2004-01-18 00:00:00,0.04756339022406257,-0.22927880698604436,0.31418222675042584,0.0
2004-01-25 00:00:00,0.04734728838305047,-0.24017759768292196,0.3217821432535458,0.0
2004-02-01 00:00:00,0.060899476419989496,-0.2271791066731247,0.3341204955128725,0.0
2004-02-08 00:00:00,0.07793155251410996,-0.18907892294891576,0.343343946268044,0.0
2004-02-15 00:00:00,0.08743045325856189,-0.18603083429127215,0.3724729693377307,0.0
2004-02-22 00:00:00,0.08851729333216227,-0.17485486994051758,0.3736671998629288,0.0
2004-02-29 00:00:00,0.09047699174974111,-0.18271094996695952,0.37293032173189,0.0
2004-03-07 00:00:00,0.10155121189590136,-0.1816294008425443,0.3697068092650174,0.0
2004-03-14 00:00:00,0.11832760285678978,-0.14647928495943413,0.40934178500108226,0.0
2004-03-21 00:00:00,0.1273265620892406,-0.12710110579898942,0.41135578412497553,0.0
2004-03-28 00:00:00,0.1177004568569492,-0.16221755669723886,0.37818239565172274,0.0
2004-04-04 00:00:00,0.09220361511670835,-0.1967999252843216,0.3502379012642606,0.0
2004-04-11 00:00:00,0.06521581132500025,-0.18365400970057333,0.3467009197097267,0.0
2004-04-18 00:00:00,0.04992781271717804,-0.2457419543701262,0.3349246223301983,0.0
2004-04-25 00:00:00,0.04786501166900707,-0.2428730732887967,0.3284305648914053,0.7712263860473879
2004-05-02 00:00:00,0.0511992510780363,-0.21834376977170117,0.3315506929298181,0.7888257981280108
2004-05-09 00:00:00,0.05467025340395135,-0.2259353563186875,0.34160384994997606,0.8177547100708746
2004-05-16 00:00:00,0.06364060493480209,-0.2372269892616859,0.3618763683089853,0.6221931057537262
2004-05-23 00:00:00,0.0886755575477821,-0.19053214674329477,0.3605216933215101,0.0
2004-05-30 00:00:00,0.1313386983488914,-0.1591207103740918,0.4102565791818055,0.0
2004-06-06 00:00:00,0.17604291570535793,-0.10138066027243584,0.4444064024321605,0.0
2004-06-13 00:00:00,0.1980840130934861,-0.08349525047384537,0.4799224799383028,0.0
2004-06-20 00:00:00,0.1824903460030588,-0.09112550693050872,0.4600519581006017,0.0
2004-06-27 00:00:00,0.13711326527411422,-0.13120153983558863,0.4064121087579835,0.0
2004-07-04 00:00:00,0.08772165531603635,-0.17701494494443032,0.386244303368916,0.0
2004-07-11 00:00:00,0.05898783695193846,-0.19755620941985585,0.32166728485465873,0.0
2004-07-18 00:00:00,0.05785307324760526,-0.2151662996888396,0.3419654398887635,0.2731316065936965
2004-07-25 00:00:00,0.07287862368628958,-0.18853307262142988,0.3481608555865374,0.2081509343520201
2004-08-01 00:00:00,0.08792117818283635,-0.20337443435279284,0.3614090109880794,0.276493496243785
2004-08-08 00:00:00,0.09584960681364331,-0.176274590364286,0.35851324423501807,0.2422239628104983
2004-08-15 00:00:00,0.10002257022346372,-0.18172112277914676,0.3831428127421256,0.0
2004-08-22 00:00:00,0.10493321566388805,-0.17304849155218155,0.36717563552240595,0.0
2004-08-29 00:00:00,0.1082473256497254,-0.16496355907057525,0.3928042259466408,0.0
2004-09-05 00:00:00,0.10343711893749671,-0.17357486167603414,0.38540719871353535,0.0
2004-09-12 00:00:00,0.08930574025083698,-0.20778406879537947,0.3647941328234214,0.0
2004-09-19 00:00:00,0.07437798749851714,-0.20230555343647433,0.36520558875914055,0.0
2004-09-26 00:00:00,0.06970539981872748,-0.2035127058087669,0.3574227124378325,0.0
2004-10-03 00:00:00,0.0770321074339718,-0.18956880000656312,0.3368725341038905,0.0
2004-10-10 00:00:00,0.08551548529171352,-0.1952707102291184,0.36536338363790516,0.0
2004-10-17 00:00:00,0.08182453041457921,-0.19678024292982155,0.3576445793823776,0.0
2004-10-24 00:00:00,0.06403118889472918,-0.2153820901744707,0.3337616444590016,0.0
2004-10-31 00:00:00,0.04490909133915352,-0.24247535895633732,0.3261384530926535,0.0
2004-11-07 00:00:00,0.04070937048151428,-0.23324934590129737,0.31800422298803543,0.0
2004-11-14 00:00:00,0.05637815759917436,-0.21339841430018558,0.33317968208647086,0.0
2004-11-21 00:00:00,0.081722179542839,-0.2089680051102492,0.3634315467822011,0.0
2004-11-28 00:00:00,0.1015422396657702,-0.17148968132359937,0.38497634056950025,0.0
2004-12-05 00:00:00,0.10864601673911398,-0.16375245359021118,0.39777681026739,0.0
2004-12-12 00:00:00,0.10683981407026327,-0.15615961404446632,0.4071249177781295,0.0
2004-12-19 00:00:00,0.10274531822555906,-0.1828965847449558,0.3852601818414598,0.0
2004-12-26 00:00:00,0.0972087998124592,-0.1983072573683461,0.3871098361122917,0.0
2005-01-02 00:00:00,0.08621026160204817,-0.17090571825763168,0.35755188471933497,0.0
2005-01-09 00:00:00,0.06923731087245401,-0.2154987485221887,0.3366189896427974,0.0
2005-01-16 00:00:00,0.0540628121051991,-0.22225882833290433,0.33397265890389477,0.0
2005-01-23 00:00:00,0.05106170881965766,-0.22480145966480053,0.3149653843816977,0.0
2005-01-30 00:00:00,0.06268554803747797,-0.2099008455994945,0.3185027789117171,0.2289340767850864
2005-02-06 00:00:00,0.08005899962399284,-0.1967792571022357,0.34856324947844874,0.2614684192604217
2005-02-13 00:00:00,0.09134193999176406,-0.17740392954758943,0.38720787815700564,0.2328901560720661
2005-02-20 00:00:00,0.09343834042851872,-0.19840904263625608,0.3682671235609398,0.2767073478824255
2005-02-27 00:00:00,0.09442397840890832,-0.18258371869108397,0.3781276429415066,0.2504008740463923
2005-03-06 00:00:00,0.10371952562213482,-0.16611190361921208,0.4119369617575012,0.2638583435762534
2005-03-13 00:00:00,0.12030528503383253,-0.14900329460664252,0.3938485593423867,0.254827996078141
2005-03-20 00:00:00,0.1317599846295877,-0.1483467629319466,0.4205117051562422,0.2309127862992134
2005-03-27 00:00:00,0.12571159531412485,-0.1422289617203697,0.41122516642421464,0.0
2005-04-03 00:00:00,0.10219462614799057,-0.17029783575270663,0.3956758795844658,0.0
2005-04-10 00:00:00,0.074279804654173,-0.19539600468009588,0.3623609660796647,0.0
2005-04-17 00:00:00,0.05640118811708382,-0.21394580713076505,0.335324435209049,0.0
2005-04-24 00:00:00,0.052413420623951865,-0.2218496322596124,0.332525858714862,0.0
2005-05-01 00:00:00,0.055411263265111074,-0.22335187054083178,0.3263277486848799,0.0
2005-05-08 00:00:00,0.058783431369371156,-0.20277322214561966,0.3518658140868418,0.0
2005-05-15 00:00:00,0.06597573921887215,-0.20285676065087438,0.34625378128938644,0.0
2005-05-22 00:00:00,0.08758391232236956,-0.19033227446604584,0.3673918633998863,0.0
2005-05-29 00:00:00,0.1277544718274609,-0.13472657156739165,0.40648714481434994,0.0
2005-06-05 00:00:00,0.17386737739328492,-0.106014129748155,0.4475367386633833,0.0
2005-06-12 00:00:00,0.20158690532874254,-0.07552177576909408,0.47979767824522856,0.0
2005-06-19 00:00:00,0.19284595870921495,-0.08122768742712516,0.4701009243436435,0.5134922854556503
2005-06-26 00:00:00,0.1512085134041456,-0.11033229562224683,0.4363034973693414,0.5481000817868388
2005-07-03 00:00:00,0.1004104066382494,-0.18347143309186703,0.39451150227611054,0.5502758087225504
2005-07-10 00:00:00,0.06685045361251933,-0.19581711869107765,0.36086380326412926,0.3881318240349602
2005-07-17 00:00:00,0.06122403763615977,-0.2322893228165679,0.34983652373594776,0.0
2005-07-24 00:00:00,0.07463728565025354,-0.21160921486096318,0.34908918289469804,0.0
2005-07-31 00:00:00,0.0905646409213847,-0.1833941934332463,0.3641243398755384,0.0
2005-08-07 00:00:00,0.09973213860252861,-0.20498565323984203,0.3535135756044351,0.0
2005-08-14 00:00:00,0.10412900796406396,-0.17375411429883397,0.38860947591456385,0.0
2005-08-21 00:00:00,0.10884895917787753,-0.1678150143797134,0.3858018206307785,0.0
2005-08-28 00:00:00,0.11292124345462712,-0.1649967330896117,0.39728989962485767,0.0
2005-09-04 00:00:00,0.10992257769191692,-0.17200235150091064,0.3811247377598549,0.0
2005-09-11 00:00:00,0.09708003552645547,-0.1851635744686238,0.36813780543282515,0.0
2005-09-18 00:00:00,0.08139158224417013,-0.21088317616874197,0.383848150632854,0.0
2005-09-25 00:00:00,0.07436868891465072,-0.18998905852897136,0.3532236973118001,0.0
2005-10-02 00:00:00,0.08005110491476976,-0.19072951248450287,0.36096680010663384,0.0
2005-10-09 00:00:00,0.08943703560093758,-0.18120889436171383,0.39495446779548116,0.2235146342878645
2005-10-16 00:00:00,0.0885245229339151,-0.19927092008617792,0.3526507914969965,0.2476450099829841
2005-10-23 00:00:00,0.07265764497161768,-0.20995344730064863,0.36493394802995216,0.2705888279196123
2005-10-30 00:00:00,0.05246261307937716,-0.23108995351263223,0.3284327178476054,0.2582515278095388
2005-11-06 00:00:00,0.04476822230701975,-0.24156753354480998,0.314685867765537,0.0
2005-11-13 00:00:00,0.05727032570513575,-0.22140066131883446,0.34362256478924114,0.0
2005-11-20 00:00:00,0.08205390922998176,-0.19501602123061962,0.36034922062202146,0.0
2005-11-27 00:00:00,0.10373745300222376,-0.18286029933610642,0.37616598967397247,0.0
2005-12-04 00:00:00,0.11308650900558902,-0.169011041100618,0.38066777965621157,0.9459605909695707
2005-12-11 00:00:00,0.11231950293905293,-0.19714570134584808,0.3923586898614648,1.067458173960924
2005-12-18 00:00:00,0.10835091566740856,-0.1632285819488637,0.40436832149377144,0.9587065257810528
2005-12-25 00:00:00,0.10331908635463889,-0.1917328468367006,0.36406428490300846,1.027874709288452
2006-01-01 00:00:00,0.09354968625691154,-0.18657408830019367,0.37263082439414774,0.264703924006107
2006-01-08 00:00:00,0.07729808119077915,-0.1950670423585213,0.3547304617267466,0.248813559295899
2006-01-15 00:00:00,0.06097371711853779,-0.22215556263965874,0.3357136577939672,0.2577040860123581
2006-01-22 00:00:00,0.055276517325007504,-0.20592081374360766,0.3325374860345259,0.2287784306856356
2006-01-29 00:00:00,0.06466401651124849,-0.20073148954671094,0.3234135345851957,0.0
2006-02-05 00:00:00,0.08196592726703053,-0.20984554418345658,0.3505655741379845,0.0
2006-02-12 00:00:00,0.09492667695501936,-0.16612682465864753,0.3653442174584941,0.0
2006-02-19 00:00:00,0.09831966829852867,-0.18557585969109436,0.37040229276702696,0.0
2006-02-26 00:00:00,0.09866724205123452,-0.1814607180672606,0.3574736938189205,0.54396537935859
2006-03-05 00:00:00,0.10615474194438265,-0.15506210116568286,0.3995862639761546,0.503798432997329
2006-03-12 00:00:00,0.12211960438888933,-0.1762188675824266,0.4015769975511646,0.4896692788539887
2006-03-19 00:00:00,0.13559855258997114,-0.14113624335173247,0.42167643823559486,0.4625669087900921
2006-03-26 00:00:00,0.1331271284889667,-0.13607874698973738,0.4062510561421546,0.5226205653682104
2006-04-02 00:00:00,0.112041798691258,-0.16805780644890433,0.376787232511042,0.5926052433235661
2006-04-09 00:00:00,0.08369588874704827,-0.20969879502702216,0.3629761373884314,0.4822147671521283
2006-04-16 00:00:00,0.06334981716107095,-0.21104358672818585,0.3441752007709403,0.4025594241560952
2006-04-23 00:00:00,0.057183313241234865,-0.20153654793084053,0.34432977814035814,0.0
2006-04-30 00:00:00,0.0596041343248772,-0.21623752945031316,0.33544041755149895,0.0
2006-05-07 00:00:00,0.06299558644438488,-0.23664490633432045,0.3329580102183076,0.0
2006-05-14 00:00:00,0.06878838499967177,-0.21486201505966945,0.3513681545453021,0.0
2006-05-21 00:00:00,0.08713349785988116,-0.1871729143431421,0.3613559217612511,0.0
2006-05-28 00:00:00,0.12439514164446337,-0.15181798869507585,0.4019448224384209,0.0
2006-06-04 00:00:00,0.17108821020986428,-0.11060482081723216,0.4620403836496487,0.0
2006-06-11 00:00:00,0.2038647961082978,-0.05718226902971371,0.49119116319019396,0.0
2006-06-18 00:00:00,0.20209426879786221,-0.06280105119830784,0.4519057525712953,0.0
2006-06-25 00:00:00,0.16500449700119138,-0.11600873147836993,0.4031800419289608,0.0
2006-07-02 00:00:00,0.11369509326237956,-0.16159780455015682,0.39137041395698413,0.0
2006-07-09 00:00:00,0.07566053309389695,-0.21522039689158806,0.3652038816023316,0.0
2006-07-16 00:00:00,0.06522280701268987,-0.20102389224924155,0.33224264473184734,0.0
2006-07-23 00:00:00,0.07645291632224743,-0.21170793489507678,0.3444541188548028,0.0
2006-07-30 00:00:00,0.09295859425797234,-0.1770941288384067,0.37064116940840164,0.0
2006-08-06 00:00:00,0.10345424682333706,-0.17418915404482072,0.3788369837689166,0.0
2006-08-13 00:00:00,0.10826549897530512,-0.1624243025681213,0.3712923693231993,0.0
2006-08-20 00:00:00,0.11276165758033338,-0.1553642021104631,0.3862721772246306,0.0
2006-08-27 00:00:00,0.11735906898954446,-0.1564245633529746,0.4079696297500447,0.0
2006-09-03 00:00:00,0.11606423857203174,-0.13654425721460856,0.38380829731918664,0.0
2006-09-10 00:00:00,0.10474909332944288,-0.17737924246844644,0.37361459563999166,0.0
2006-09-17 00:00:00,0.08870329922027768,-0.17570502254871,0.3632599369806373,0.0
2006-09-24 00:00:00,0.07947628259700353,-0.1917322338759221,0.36543348041389934,0.0
2006-10-01 00:00:00,0.0832037129406103,-0.19587056110031836,0.3521447536563871,0.0
2006-10-08 00:00:00,0.09300274221712021,-0.20252787086893237,0.3724041286857036,0.2685955664467456
2006-10-15 00:00:00,0.09470219233213972,-0.1953968124346545,0.36928476436940094,0.2437402393825816
2006-10-22 00:00:00,0.08112757027499007,-0.20492395543953762,0.34085314462497396,0.2586628619087561
2006-10-29 00:00:00,0.06044189257364775,-0.21524243391879994,0.3313036792233942,0.2290013322619167
2006-11-05 00:00:00,0.04951723520862726,-0.25902727861988234,0.307676047121487,0.4969965561563818
2006-11-12 00:00:00,0.058575493915484375,-0.24064583614913165,0.3196893388188169,0.5340444287678091
2006-11-19 00:00:00,0.08226745378429917,-0.21041770615502897,0.3648769430575892,0.4941822781596913
2006-11-26 00:00:00,0.10550488671673569,-0.18928040982166383,0.40339021345850407,0.4747767369161176
2006-12-03 00:00:00,0.11719130228122875,-0.15039713336673594,0.3894105596201528,0.0
2006-12-10 00:00:00,0.11771300280530858,-0.1554479229498133,0.37440203016731466,0.0
2006-12-17 00:00:00,0.11394127703210198,-0.15377720465804157,0.36605075773440987,0.0
2006-12-24 00:00:00,0.10927269836021666,-0.16002515797548583,0.387539102560163,0.0
2006-12-31 00:00:00,0.10065717110711986,-0.15546182703001316,0.38064532281222196,0.2490036924680159
2007-01-07 00:00:00,0.08534264253815987,-0.20215650664304674,0.3649436597519463,0.269511441299556
2007-01-14 00:00:00,0.06824164609984759,-0.20501985617824575,0.3524657483765792,0.2298730530801171
2007-01-21 00:00:00,0.06000720781500067,-0.21222642211805637,0.3416911973976339,0.251611813152311
2007-01-28 00:00:00,0.06691028695205145,-0.22016028367146384,0.33989781477929315,0.0
2007-02-04 00:00:00,0.08371331468432526,-0.1997483739272683,0.3626647247246544,0.0
2007-02-11 00:00:00,0.09817079977725726,-0.18167617827496618,0.3572276014377592,0.0
2007-02-18 00:00:00,0.10309260457798486,-0.17449508340514192,0.38750277906356434,0.0
2007-02-25 00:00:00,0.10316464717846915,-0.18580122051187392,0.395730754321649,0.6131409265753588
2007-03-04 00:00:00,0.10889737165876746,-0.1589907852472126,0.39058168976208396,0.3773307668898672
2007-03-11 00:00:00,0.12386253449477388,-0.16052221232450475,0.4107593631460493,0.495022554852806
2007-03-18 00:00:00,0.1388965813137022,-0.13404544445739092,0.41530653687587255,0.514505751681968
2007-03-25 00:00:00,0.1399075896851954,-0.13912635674514073,0.42096089655684504,0.2480002856211614
2007-04-01 00:00:00,0.12164623108402178,-0.1654760622645048,0.3919386583480048,0.2564907782366195
2007-04-08 00:00:00,0.09339467059003694,-0.17800081186389616,0.3648520473006101,0.270365030291265
2007-04-15 00:00:00,0.07078600302855635,-0.20301671046079034,0.34726156355801735,0.2251439058509541
2007-04-22 00:00:00,0.0622328015936159,-0.21787124008155523,0.33266500824505363,0.0
2007-04-29 00:00:00,0.06380000290286302,-0.22112491639362403,0.32622999237324285,0.0
2007-05-06 00:00:00,0.06725683596013911,-0.19509483615958617,0.35242539033270365,0.0
2007-05-13 00:00:00,0.0720111112727488,-0.21617049712327413,0.35813912128779946,0.0
2007-05-20 00:00:00,0.08733269953788003,-0.20879977527394172,0.36958177527857694,0.4837328752629809
2007-05-27 00:00:00,0.12137814942763574,-0.15917710434768623,0.3957857782664792,0.4689621114439545
2007-06-03 00:00:00,0.1678585891222743,-0.1200198059494762,0.4515927262541582,0.4880905695762638
2007-06-10 00:00:00,0.2049839421312496,-0.05981453484040755,0.4892688451550029,0.5592144437168008
2007-06-17 00:00:00,0.21015306703963554,-0.04505039637753869,0.48848088723116345,0.2813267506033559
2007-06-24 00:00:00,0.17832899392455778,-0.12998481874172596,0.4744520524951746,0.2508864952551045
2007-07-01 00:00:00,0.1274420265046443,-0.16156346122624587,0.3962183324847553,0.2545875248872799
2007-07-08 00:00:00,0.08540946632680224,-0.169138031620933,0.35131469070648474,0.2131992292542593
2007-07-15 00:00:00,0.06994163441502738,-0.21051694869531778,0.3367468652143607,0.0
2007-07-22 00:00:00,0.07841981259183911,-0.19281903141700357,0.36009150543560037,0.0
2007-07-29 00:00:00,0.09512566279500431,-0.20788073043229227,0.3651743818341102,0.0
2007-08-05 00:00:00,0.10698079685990416,-0.17035492602809515,0.39407924556160484,0.0
2007-08-12 00:00:00,0.11240832077753649,-0.1587474663644008,0.3944564946299963,0.0
2007-08-19 00:00:00,0.11669817375409389,-0.15991507919891618,0.4035688904437603,0.0
2007-08-26 00:00:00,0.12160392366107743,-0.17176282182186775,0.38522701256689296,0.0
2007-09-02 00:00:00,0.12185766729509785,-0.15654592337856726,0.37219597137486266,0.0
2007-09-09 00:00:00,0.1122475814479107,-0.14789793537974855,0.3807645283528529,0.2660462093457694
2007-09-16 00:00:00,0.09624797336918219,-0.17678075271900812,0.39619198329192795,0.2450979478502933
2007-09-23 00:00:00,0.08503593594891451,-0.17275392903685854,0.34286551423346323,0.2702675764795708
2007-09-30 00:00:00,0.08657224815475756,-0.18673728385806293,0.3740070701295783,0.2185882663243663
2007-10-07 00:00:00,0.0962897794692152,-0.19327151977766477,0.3882981142242547,0.0
2007-10-14 00:00:00,0.10034722037013998,-0.18842338612471826,0.37936359340682263,0.0
2007-10-21 00:00:00,0.0893447555858653,-0.17670734303251384,0.36481559830609467,0.0
2007-10-28 00:00:00,0.06875218612032286,-0.21611628423612922,0.34144047622212625,0.0
2007-11-04 00:00:00,0.054949554113230506,-0.23609766918559,0.3265705410394823,0.0
2007-11-11 00:00:00,0.06037551834658135,-0.20092570343482868,0.32471784276565535,0.0
2007-11-18 00:00:00,0.08245356031784186,-0.18822513027671145,0.36896989718683043,0.0
2007-11-25 00:00:00,0.10686924932502523,-0.16488688502770343,0.39052622655183866,0.0
2007-12-02 00:00:00,0.12092140655225311,-0.15329757477454975,0.40444200064792996,0.0
2007-12-09 00:00:00,0.12298154410111756,-0.154930936709611,0.40845062884914396,0.0
2007-12-16 00:00:00,0.11952373590207856,-0.15143237277615917,0.3983976989276641,0.0
2007-12-23 00:00:00,0.11509994327903303,-0.1484424032289226,0.3757613851327588,0.0
2007-12-30 00:00:00,0.1075273972225903,-0.16501174057481988,0.3877428840750198,0.2227133010591178
2008-01-06 00:00:00,0.09331197780374921,-0.18353737726927277,0.3790665427554501,0.2863463802601251
2008-01-13 00:00:00,0.07580476689591793,-0.2245955139649215,0.36603094700363137,0.2445621622038125
2008-01-20 00:00:00,0.06525502149434581,-0.21974300910330158,0.35224347909409526,0.2463781564769445
2008-01-27 00:00:00,0.0694934390967556,-0.18777304896172264,0.34604716251741074,0.2240463564982498
2008-02-03 00:00:00,0.0853707663079821,-0.18319572629341047,0.3552377745131288,0.2608028774659418
2008-02-10 00:00:00,0.10107498003517669,-0.15636393018427147,0.3756215373497822,0.2710478106484786
2008-02-17 00:00:00,0.10769310870542384,-0.15371682342903892,0.3896985457226688,0.2441029553873298
2008-02-24 00:00:00,0.10786324708524415,-0.18431977243755238,0.3844985003774276,0.0
2008-03-02 00:00:00,0.11197275081761691,-0.15189095273044612,0.38781359838064766,0.0
2008-03-09 00:00:00,0.1256227952844077,-0.16477756959735834,0.4121168372299984,0.0
2008-03-16 00:00:00,0.14172138823471322,-0.14967812077860393,0.4180719268413968,0.0
2008-03-23 00:00:00,0.14603043291670967,-0.13067017566379469,0.4117212855590353,0.0
2008-03-30 00:00:00,0.13091356241059074,-0.16320757788860674,0.4449294225791444,0.0
2008-04-06 00:00:00,0.10329544674815788,-0.1672882381278416,0.3772940617219369,0.0
2008-04-13 00:00:00,0.07870757256316846,-0.19033817743084674,0.3742128864241645,0.0
2008-04-20 00:00:00,0.06761766482986356,-0.19852318434257893,0.3529683929875219,0.0
2008-04-27 00:00:00,0.06803249553672278,-0.20374448361161213,0.34803946921831186,0.0
2008-05-04 00:00:00,0.07152863391481207,-0.21253316865783767,0.3618340304128418,0.0
2008-05-11 00:00:00,0.07557260370071925,-0.2068535642474309,0.34930295523649496,0.0
2008-05-18 00:00:00,0.08817103259940849,-0.19583535557987414,0.37676203882168846,0.0
2008-05-25 00:00:00,0.11880394190648995,-0.1410993148025737,0.4127152829180782,0.0
2008-06-01 00:00:00,0.16433430148898426,-0.10877939685178678,0.4408551242799464,0.0
2008-06-08 00:00:00,0.2050337354955208,-0.06846129633802533,0.4880365507106575,0.0
2008-06-15 00:00:00,0.2169657997738374,-0.07959189325743862,0.4889037012095272,0.0
2008-06-22 00:00:00,0.19101706689694475,-0.08680206136988747,0.4720443081763103,0.0
2008-06-29 00:00:00,0.1415016537762867,-0.12396500988198494,0.4022748254115189,0.0
2008-07-06 00:00:00,0.09606475410933557,-0.17670792772937743,0.3798064551068328,0.0
2008-07-13 00:00:00,0.07546106384131157,-0.21017446071959622,0.3493279779436167,0.0
2008-07-20 00:00:00,0.08063934029980066,-0.1776006223757221,0.3428366738644588,0.0
2008-07-27 00:00:00,0.09710290667169799,-0.1720837640461645,0.38271171978110075,0.0
2008-08-03 00:00:00,0.11028242791383555,-0.17332222983493323,0.3760859687661533,0.0
2008-08-10 00:00:00,0.11652693296027622,-0.17457325147838298,0.39399879801993853,0.0
2008-08-17 00:00:00,0.12067684609190041,-0.1600254447248331,0.3996703483060755,0.0
2008-08-24 00:00:00,0.12570096630324362,-0.149648785716957,0.3751445699590156,0.0
2008-08-31 00:00:00,0.1273102044324277,-0.13706208846293239,0.4117441835027726,0.0
2008-09-07 00:00:00,0.1195183109781826,-0.14846509641721706,0.39995095935916775,0.0
2008-09-14 00:00:00,0.10395416175559015,-0.16303054367972314,0.3722338014178621,0.0
2008-09-21 00:00:00,0.09103948901611833,-0.1932220857048822,0.371394341317721,0.0
2008-09-28 00:00:00,0.09022987318251033,-0.19970619942505918,0.3772252963464703,0.0
2008-10-05 00:00:00,0.09938361047172796,-0.18132520675053226,0.37128165997068896,0.8969354955043407
2008-10-12 00:00:00,0.10546788864025769,-0.17368021702552994,0.3851783958278499,0.9143953418769116
2008-10-19 00:00:00,0.09722360491802104,-0.16122972136896613,0.3798120813832005,1.0260828425895714
2008-10-26 00:00:00,0.07729069764432434,-0.19733804349470013,0.3742152370916296,1.1625863200291762
2008-11-02 00:00:00,0.061039543289076834,-0.22059650114381607,0.3405673421388422,0.0
2008-11-09 00:00:00,0.06274081258446837,-0.2119292066295969,0.34435850101998156,0.0
2008-11-16 00:00:00,0.08270835546832002,-0.19279460655849895,0.3561562855238234,0.0
2008-11-23 00:00:00,0.10786947764782773,-0.1760742858874958,0.39154315057406813,0.0
2008-11-30 00:00:00,0.1242454042876816,-0.1462822782928696,0.4097077613918256,0.5092133708554069
2008-12-07 00:00:00,0.1280813525404572,-0.1237294527742267,0.39754320436080054,0.47137845905779
2008-12-14 00:00:00,0.12509706057230735,-0.16181677847093323,0.4252368633851177,0.5482718569446052
2008-12-21 00:00:00,0.12083131100861275,-0.18753215926880829,0.40330702974802835,0.471136313142198
2008-12-28 00:00:00,0.11416477006483511,-0.14444120255593557,0.4018520013638598,0.2478543467177718
2009-01-04 00:00:00,0.10115462602663125,-0.17876322599514444,0.3728667223556031,0.232585996539397
2009-01-11 00:00:00,0.08359621901661975,-0.17823213000412225,0.38357112870423116,0.2492194355818036
2009-01-18 00:00:00,0.0710071442023173,-0.2095823666419323,0.3439088661008603,0.2703402211610274
2009-01-25 00:00:00,0.07247387962934536,-0.2066685755653615,0.35406140567586003,0.2615806067868735
2009-02-01 00:00:00,0.08701407614646905,-0.19545658547745415,0.3665670719182058,0.2715219365774207
2009-02-08 00:00:00,0.10365457340963666,-0.17181541464817607,0.3711075738883799,0.2270985567815978
2009-02-15 00:00:00,0.11206443820399095,-0.18129532581187824,0.3832191409180211,0.2397988998541079
2009-02-22 00:00:00,0.11270165489117197,-0.162153292383097,0.37924267528829486,0.0
2009-03-01 00:00:00,0.11539053569028601,-0.15303586704782884,0.3942784940826175,0.0
2009-03-08 00:00:00,0.12748289633749552,-0.13660688856802622,0.39432306612144513,0.0
2009-03-15 00:00:00,0.1441509045093441,-0.13235052473757186,0.42694747451774445,0.0
2009-03-22 00:00:00,0.15149067079656978,-0.11495395345867881,0.41856276938664383,0.0
2009-03-29 00:00:00,0.13975696667534826,-0.14914109112868906,0.4260958388500256,0.0
2009-04-05 00:00:00,0.1133084704698307,-0.16104224518437665,0.3832081569059345,0.0
2009-04-12 00:00:00,0.087097145777213,-0.1919097091344959,0.3529301699282211,0.0
2009-04-19 00:00:00,0.07338852886963537,-0.17578096877525934,0.35935887002897005,0.0
2009-04-26 00:00:00,0.07234495520677679,-0.2092019653933717,0.352391597512026,0.0
2009-05-03 00:00:00,0.0757851331612691,-0.2308710220794667,0.3398568349680364,0.0
2009-05-10 00:00:00,0.0794009419810111,-0.18244013507598916,0.36387387472426935,0.0
2009-05-17 00:00:00,0.08962092798356856,-0.1885193994640269,0.360705362673271,0.2456965911086911
2009-05-24 00:00:00,0.11675408412758173,-0.16340524405756196,0.39860628257272085,0.2943218744438388
2009-05-31 00:00:00,0.1606695456298795,-0.12004289858828732,0.44269646620524683,0.2255353672652192
2009-06-07 00:00:00,0.20412394476551537,-0.07008585921355678,0.5037106760030073,0.2344461671822508
2009-06-14 00:00:00,0.22250285693342461,-0.050640154771993295,0.49728527016455937,0.0
2009-06-21 00:00:00,0.20291532885697428,-0.07510244563010021,0.48651531252629954,0.0
2009-06-28 00:00:00,0.15571204455770896,-0.12557906269571356,0.41931920155657426,0.0
2009-07-05 00:00:00,0.10756982221932071,-0.18137161919110806,0.39344632995915013,0.0
2009-07-12 00:00:00,0.08184670157628908,-0.21485201405152238,0.3700659206888615,0.4925884521900293
2009-07-19 00:00:00,0.08321699137101957,-0.182469701219034,0.3652863741480047,0.4724254151696718
2009-07-26 00:00:00,0.09894180048467272,-0.17201808111960293,0.35906192364406797,0.5219530761143159
2009-08-02 00:00:00,0.11333787905992457,-0.17154354155666818,0.40382294963810356,0.5130330565259831
2009-08-09 00:00:00,0.12058573955631931,-0.14663302814202978,0.41533568083771755,0.0
2009-08-16 00:00:00,0.12470668837177377,-0.16590278413989873,0.3872146972289371,0.0
2009-08-23 00:00:00,0.129695079819371,-0.15923821398872828,0.39293072165128234,0.0
2009-08-30 00:00:00,0.13243998596946127,-0.15671677761783898,0.43006087451876884,0.0
2009-09-06 00:00:00,0.1265139806070411,-0.1534554559509631,0.41607376464570495,0.0
2009-09-13 00:00:00,0.11174687040837379,-0.14820533044525447,0.405367512401483,0.0
2009-09-20 00:00:00,0.09746351827839458,-0.18086469211718653,0.3810441319513984,0.0
2009-09-27 00:00:00,0.09423818650844307,-0.18190807842342116,0.3672550154706622,0.0
2009-10-04 00:00:00,0.10237484203053268,-0.20185420955870093,0.3808293005022755,0.0
2009-10-11 00:00:00,0.11009047192029574,-0.16312706366892665,0.3906479981383011,0.0
2009-10-18 00:00:00,0.10469179577383042,-0.18381744078607737,0.3517666139261943,0.0
2009-10-25 00:00:00,0.08594985456269064,-0.1980215021501051,0.35951558978100806,0.0
2009-11-01 00:00:00,0.06774341506267524,-0.20628835957800284,0.3556354853379603,0.0
2009-11-08 00:00:00,0.0657278583005963,-0.23927552889688142,0.3383873190388211,0.0
2009-11-15 00:00:00,0.08313043956562198,-0.16173943467215862,0.3824226303722253,0.0
2009-11-22 00:00:00,0.10855830046396792,-0.15596208274046502,0.4185300758717891,0.0
2009-11-29 00:00:00,0.1271415127133621,-0.13989526393558743,0.38980100997397416,0.2522333631156577
2009-12-06 00:00:00,0.13296557575520127,-0.13804660113737105,0.40996443639546937,0.2574157798087301
2009-12-13 00:00:00,0.13065103671740938,-0.16688715039866303,0.41274719798849113,0.2764529612034064
2009-12-20 00:00:00,0.126495387557861,-0.15328997425245583,0.3852009789327748,0.2138978958722056
2009-12-27 00:00:00,0.12058232787501795,-0.1541702391383472,0.39582226369376805,0.0
2010-01-03 00:00:00,0.10882808651431587,-0.179288124512882,0.3737897478946313,0.0
2010-01-10 00:00:00,0.09154655896240844,-0.18498237004188167,0.36787903115571935,0.0
2010-01-17 00:00:00,0.0772373904225171,-0.194404610833872,0.3531172891244552,0.0
2010-01-24 00:00:00,0.07590131074250925,-0.19611346162740412,0.36011318250459334,0.2668065390615369
2010-01-31 00:00:00,0.08872255217615166,-0.1979269914043062,0.3574972341760637,0.2675792178385255
2010-02-07 00:00:00,0.10593919345451108,-0.1691274173821427,0.4026581952880434,0.2002325596605867
2010-02-14 00:00:00,0.11615950501641728,-0.15224022108828084,0.3902790011704066,0.2653816834393508
2010-02-21 00:00:00,0.11761269727399058,-0.1738805024590952,0.3841701413856023,0.0
2010-02-28 00:00:00,0.11914477025220598,-0.14129389158283318,0.38454134417176666,0.0
2010-03-07 00:00:00,0.1295164260161454,-0.154372225349111,0.39274838604784557,0.0
2010-03-14 00:00:00,0.1462709295348566,-0.13808440310972797,0.4338386926587086,0.0
2010-03-21 00:00:00,0.1563009079744993,-0.11411611943054462,0.4478507521060587,0.0
2010-03-28 00:00:00,0.1480999082957208,-0.13047276836672528,0.42996821272682845,0.0
2010-04-04 00:00:00,0.12333757515111292,-0.15180862362435654,0.3976636816770024,0.0
2010-04-11 00:00:00,0.0959219655847734,-0.18985369310706157,0.3497421416759102,0.0
2010-04-18 00:00:00,0.07958820792168662,-0.19776226076946585,0.3608529748027782,0.0
2010-04-25 00:00:00,0.07678824717969365,-0.20608580101134844,0.3722941617991228,0.0
2010-05-02 00:00:00,0.08001396968083033,-0.18964232570430667,0.3369672025615409,0.0
2010-05-09 00:00:00,0.08342675621022673,-0.19506890700162843,0.38041710537458945,0.0
2010-05-16 00:00:00,0.09164002144667224,-0.1998704690817032,0.37154392007211956,0.0
2010-05-23 00:00:00,0.11529003318168837,-0.18129327535282774,0.38440060793501624,0.0
2010-05-30 00:00:00,0.15701289165057988,-0.12626583976385175,0.4495427536283501,0.0
2010-06-06 00:00:00,0.20238142212289933,-0.07942997603487334,0.45368005995270144,0.0
2010-06-13 00:00:00,0.22676209833546024,-0.056726176337254186,0.5131374187714965,0.0
2010-06-20 00:00:00,0.21388591292096293,-0.07024291370474706,0.49569299919123455,0.0
2010-06-27 00:00:00,0.16990280177245562,-0.10203351774266672,0.44420158444342706,0.0
2010-07-04 00:00:00,0.11984455871647716,-0.16504054806407303,0.40132234535271805,0.0
2010-07-11 00:00:00,0.08914632752814544,-0.1993880540198264,0.3719365007409404,0.0
2010-07-18 00:00:00,0.08625912957191761,-0.17647010941739832,0.35769881075245974,0.0
2010-07-25 00:00:00,0.10070763205985542,-0.17629669014459298,0.3710858535196384,0.0
2010-08-01 00:00:00,0.11613608228598636,-0.1756342269112448,0.40572043666405255,0.0
2010-08-08 00:00:00,0.12456233555256199,-0.14632672234601368,0.3857749049142038,0.2187962837329262
2010-08-15 00:00:00,0.1288193920365161,-0.1686677908006306,0.3999650013819618,0.2396521863551787
2010-08-22 00:00:00,0.1336771244952972,-0.14388563474231236,0.42228601685915484,0.2752386714883298
2010-08-29 00:00:00,0.13733919888965115,-0.14144493680737313,0.40568971823954525,0.266312858423565
2010-09-05 00:00:00,0.13327929782893602,-0.12030899474241563,0.3949604048372647,0.0
2010-09-12 00:00:00,0.11964732294891707,-0.17080955704113399,0.3866648793924513,0.0
2010-09-19 00:00:00,0.10438367723605822,-0.1916780114282013,0.38802935314585113,0.0
2010-09-26 00:00:00,0.09877458401812522,-0.17560437005886048,0.3733139281133882,0.0
2010-10-03 00:00:00,0.10550142407493862,-0.16902936477880592,0.38898779517961857,0.0
2010-10-10 00:00:00,0.11441965788989612,-0.16938744867719246,0.38442706257321246,0.0
2010-10-17 00:00:00,0.1118702772754798,-0.1972643278061269,0.37425298811572416,0.0
2010-10-24 00:00:00,0.09481471636640684,-0.20013316682842458,0.3655521330002909,0.0
2010-10-31 00:00:00,0.07521060701101692,-0.20363741465701157,0.3490451450829184,0.0
2010-11-07 00:00:00,0.06960343584999389,-0.21937050886365206,0.360520605739286,0.0
2010-11-14 00:00:00,0.08406025694744586,-0.19418887205585283,0.3570543456367536,0.0
2010-11-21 00:00:00,0.10925987944057054,-0.17942425971472542,0.3733406649816751,0.0
2010-11-28 00:00:00,0.12987413305036252,-0.15357463865627885,0.4161476001655709,0.0
2010-12-05 00:00:00,0.13787740226282874,-0.14216055567666575,0.41338105991389756,0.0
2010-12-12 00:00:00,0.13647362071318364,-0.14006217581336977,0.43189245251573705,0.0
2010-12-19 00:00:00,0.13244016203522027,-0.13886871819536434,0.42137016752706935,0.0
2010-12-26 00:00:00,0.127139720126454,-0.14601649965871594,0.4002760925135593,0.256837190950555
2011-01-02 00:00:00,0.11665539488166693,-0.15011324556568578,0.3999353667823255,0.2703453324624814
2011-01-09 00:00:00,0.09995798512412021,-0.18555183292695215,0.36371744831430786,0.2384519845166961
2011-01-16 00:00:00,0.08429527832688258,-0.19067923636774775,0.3805214307060048,0.2343654920702674
2011-01-23 00:00:00,0.0802171864420844,-0.18420525550317657,0.35996586869501757,0.2270919514863147
2011-01-30 00:00:00,0.09099646183455148,-0.18187103998430287,0.3534418490512885,0.2726412837977413
2011-02-06 00:00:00,0.10840814957726627,-0.18102359850792077,0.3909130118606169,0.2627364261576648
2011-02-13 00:00:00,0.12039541566377046,-0.1514982572774652,0.38744583415000944,0.2375303385582791
2011-02-20 00:00:00,0.12299499188981419,-0.13519133283532175,0.41025398822428244,0.0
2011-02-27 00:00:00,0.1236994229404139,-0.15156959086593175,0.3921874571680031,0.0
2011-03-06 00:00:00,0.13228674798989612,-0.1487154421942905,0.407051608606934,0.0
2011-03-13 00:00:00,0.14868935415716297,-0.1286937326560757,0.44044378410111124,0.0
2011-03-20 00:00:00,0.16102415716028315,-0.1318199688815272,0.42515902290268376,0.0
2011-03-27 00:00:00,0.15642810984075095,-0.10162249919487748,0.4374103210519313,0.0
2011-04-03 00:00:00,0.1338487737119105,-0.15101770905881395,0.39990063935992626,0.0
2011-04-10 00:00:00,0.10571617304166739,-0.19030275212883152,0.3868003198088118,0.0
2011-04-17 00:00:00,0.086847347611293,-0.20814981854760523,0.3518406953010935,0.0
2011-04-24 00:00:00,0.08203242857460821,-0.1931901678002373,0.3672240072886216,0.0
2011-05-01 00:00:00,0.08487756976062036,-0.20290819596827808,0.37299511399650015,0.0
2011-05-08 00:00:00,0.08829419428523641,-0.1786327295967024,0.3701289835583381,0.0
2011-05-15 00:00:00,0.09492882158786953,-0.17695084255155163,0.3659712055627753,0.0
2011-05-22 00:00:00,0.11525448868933058,-0.14436716892399282,0.3832502175969773,0.0
2011-05-29 00:00:00,0.1543523444715234,-0.12645941765843044,0.4350964160143848,0.0
2011-06-05 00:00:00,0.2008421237299522,-0.07801363764145727,0.46016245243806,0.0
2011-06-12 00:00:00,0.23071126946778725,-0.03966753804798315,0.5000711180765178,0.0
2011-06-19 00:00:00,0.22479961338717722,-0.05937212253809196,0.4830111451803594,0.0
2011-06-26 00:00:00,0.18493579545084743,-0.09634136325616935,0.4627462491070205,0.0
2011-07-03 00:00:00,0.13387000780267785,-0.15670993564753993,0.4086960122568394,0.0
2011-07-10 00:00:00,0.09851781293454873,-0.16381137882258284,0.37486148318188517,0.0
2011-07-17 00:00:00,0.09104681304860462,-0.2151109706189201,0.3726147120900092,0.0
2011-07-24 00:00:00,0.1037025285919341,-0.17148212644870836,0.3823170478574506,0.0
2011-07-31 00:00:00,0.11994905784412346,-0.15742504692789044,0.40317203031577714,0.0
2011-08-07 00:00:00,0.12968706744113917,-0.15128139395284523,0.41240267928917673,0.0
2011-08-14 00:00:00,0.13427284616659965,-0.12736084396757918,0.4124716910817032,0.0
2011-08-21 00:00:00,0.13895133586446182,-0.12971380289715895,0.40249786687390027,0.0
2011-08-28 00:00:00,0.14330790156774786,-0.12645542199974086,0.4213122828261648,0.0
2011-09-04 00:00:00,0.1410534813483525,-0.1446364267618528,0.40358574740463116,0.2282083481800195
2011-09-11 00:00:00,0.12884349255734562,-0.15588007420744904,0.432486497166184,0.2574294388824583
2011-09-18 00:00:00,0.11301028397079765,-0.17894650071864765,0.3953132614362602,0.2789889331180956
2011-09-25 00:00:00,0.10513085157166122,-0.17521226978083598,0.39134944496057406,0.2353732798194265
2011-10-02 00:00:00,0.11011149143164883,-0.17570338611310576,0.37901697500354414,0.0
2011-10-09 00:00:00,0.11976900328224094,-0.14164877380201774,0.39053264940092625,0.0
2011-10-16 00:00:00,0.11997327554747289,-0.14954092836638883,0.39790133513046144,0.0
2011-10-23 00:00:00,0.10503092368218159,-0.16425356759616183,0.3894763802754352,0.0
2011-10-30 00:00:00,0.0846161803216019,-0.20401898932679463,0.3608775909554611,0.0
2011-11-06 00:00:00,0.0756397502841253,-0.21380360986625202,0.32764321951700026,0.0
2011-11-13 00:00:00,0.08683973040595888,-0.18247338186972567,0.3609891603771971,0.0
2011-11-20 00:00:00,0.11129721044608584,-0.17106952222673066,0.4149839988567471,0.0
2011-11-27 00:00:00,0.13369025103209123,-0.12641376154920242,0.3932756069425848,0.0
2011-12-04 00:00:00,0.14401351666644577,-0.13022197694249166,0.4002509585131406,0.0
2011-12-11 00:00:00,0.14377868767836982,-0.12459792115271262,0.40878864212498156,0.0
2011-12-18 00:00:00,0.13992462185382867,-0.14107454696675437,0.42658399522553214,0.0
2011-12-25 00:00:00,0.13510091592814272,-0.12648732473943736,0.43317104596703904,0.0
2012-01-01 00:00:00,0.12585121518131925,-0.14322043764117331,0.42133764306839994,0.0
2012-01-08 00:00:00,0.10999840691222232,-0.1822899270932426,0.39023982706105415,0.0
2012-01-15 00:00:00,0.09336539330249831,-0.18048892977118702,0.37031387470315,0.0
2012-01-22 00:00:00,0.08671157467630572,-0.18694725406359508,0.35826339297404863,0.2418276966845864
2012-01-29 00:00:00,0.09521247818583536,-0.18228618106839584,0.3640609040567625,0.2864353445537633
2012-02-05 00:00:00,0.11244747443877617,-0.16506825334410735,0.367907753357704,0.2333853536154293
2012-02-12 00:00:00,0.1261137193661232,-0.16368591559409168,0.38082095802964455,0.2383516051462209
2012-02-19 00:00:00,0.13017484745784777,-0.15264654536632444,0.4047003687867932,0.0
2012-02-26 00:00:00,0.13044878210709598,-0.14941159034634643,0.42038795374623356,0.0
2012-03-04 00:00:00,0.13730451604305147,-0.12646600972915745,0.4207567840187392,0.0
2012-03-11 00:00:00,0.15299269835015963,-0.11493038265043476,0.43464036615392115,0.0
2012-03-18 00:00:00,0.1672326060202363,-0.10965083980882656,0.4546606087539848,0.0
2012-03-25 00:00:00,0.16625170286087307,-0.11473800610708923,0.455079881644382,0.0
2012-04-01 00:00:00,0.14633369991976536,-0.15819946441248517,0.4139974817394581,0.0
2012-04-08 00:00:00,0.11804239723901891,-0.1676273618589802,0.4049090815268438,0.0
2012-04-15 00:00:00,0.0968432531028468,-0.1959971236672141,0.36466443304858387,0.2520963704029556
2012-04-22 00:00:00,0.08982508224095212,-0.2020676888493504,0.34785422805299104,0.2064947099240614
2012-04-29 00:00:00,0.0920202617273776,-0.1799934053309823,0.36356937594671357,0.2254710475102027
2012-05-06 00:00:00,0.09551745746983564,-0.18575163865946503,0.3818912893888353,0.3159378721627803
2012-05-13 00:00:00,0.10093409122262068,-0.17715498082997122,0.3937011961234536,0.0
2012-05-20 00:00:00,0.11811833939966135,-0.1770768026443586,0.3889177039523849,0.0
2012-05-27 00:00:00,0.1542052193754565,-0.12832725800722977,0.44550942520295145,0.0
2012-06-03 00:00:00,0.20098673965410224,-0.09228451618475864,0.4749407518173186,0.0
2012-06-10 00:00:00,0.23567307428292614,-0.03588271345725391,0.5147936747794707,0.0
2012-06-17 00:00:00,0.23677142405246387,-0.022185611251481024,0.5307152460967126,0.0
2012-06-24 00:00:00,0.201788506737732,-0.0765855664953094,0.4624443836547104,0.0
2012-07-01 00:00:00,0.15061568821997975,-0.13686335020913754,0.43437999578424663,0.0
2012-07-08 00:00:00,0.11099901030223003,-0.15886432398028716,0.39854665062547306,0.0
2012-07-15 00:00:00,0.09865045956111965,-0.15698783770933972,0.37275122523672205,0.0
2012-07-22 00:00:00,0.10892836263698394,-0.15140983694119664,0.39141243384145574,0.0
2012-07-29 00:00:00,0.12564433651475554,-0.16258985792061642,0.3910693501263087,0.0
2012-08-05 00:00:00,0.13676462189609093,-0.14888927090408316,0.4060978319294333,0.0
2012-08-12 00:00:00,0.1418789819467965,-0.1253617992620058,0.4243733100055976,0.0
2012-08-19 00:00:00,0.14636876685388528,-0.12729927742210173,0.428519124824933,0.0
2012-08-26 00:00:00,0.151195299155903,-0.1389604064998064,0.4191094718717954,0.0
2012-09-02 00:00:00,0.150621932657128,-0.12069758913976675,0.44107086738549733,0.0
2012-09-09 00:00:00,0.14005210355676131,-0.13769580236626788,0.432441447053486,0.0
2012-09-16 00:00:00,0.12405789437987465,-0.139433627981295,0.40913229323879435,0.0
2012-09-23 00:00:00,0.11408784346142785,-0.1499307850498705,0.39739305692029486,0.0
2012-09-30 00:00:00,0.11704377802836799,-0.15526899663842225,0.39416096088712416,0.0
2012-10-07 00:00:00,0.12695030700674714,-0.14696795655780798,0.40072155762611394,0.0
2012-10-14 00:00:00,0.12970906300522592,-0.1530272924559673,0.4070332674595447,0.0
2012-10-21 00:00:00,0.11724219166960112,-0.16103533493906763,0.40668930462904407,0.0
2012-10-28 00:00:00,0.09663161906219735,-0.18865414178994083,0.37822647316971136,0.2196643080564329
2012-11-04 00:00:00,0.08461626875233806,-0.21221853113896216,0.3654867437900377,0.2321936497896476
2012-11-11 00:00:00,0.09234634048938432,-0.19371123066581403,0.34125369163428776,0.2911070840594236
2012-11-18 00:00:00,0.11556170736903276,-0.15598663909013877,0.4130950088050643,0.2570349580944958
2012-11-25 00:00:00,0.1394263111407739,-0.13470891712706323,0.4017606199291617,0.2223154366467315
2012-12-02 00:00:00,0.152166797421466,-0.13827791635627162,0.41736482150708365,0.2731139312063492
2012-12-09 00:00:00,0.15338167505401804,-0.11059808053565467,0.43387985846928484,0.2466618152197218
2012-12-16 00:00:00,0.14982634514524235,-0.15137517330292521,0.4149508390634952,0.2579088169271975
2012-12-23 00:00:00,0.14537566368076849,-0.1347248641789915,0.4279266036625169,0.0
2012-12-30 00:00:00,0.1372996869259436,-0.14751545888212397,0.4039846588520086,0.0
2013-01-06 00:00:00,0.1225158285907383,-0.14248896136605832,0.39853650480232355,0.0
2013-01-13 00:00:00,0.10531584935965654,-0.16556997827455722,0.3751956984858164,0.0
2013-01-20 00:00:00,0.09623277044653276,-0.18458203725381023,0.3706874242054874,0.0
2013-01-27 00:00:00,0.10219496918861438,-0.18939622021588615,0.38495876151572916,0.0
2013-02-03 00:00:00,0.1187857653497976,-0.14725152680669312,0.3920653930160161,0.0
2013-02-10 00:00:00,0.13388290716290902,-0.13018133585907504,0.3953586279702298,0.0
2013-02-17 00:00:00,0.13957440491731,-0.13616696205682682,0.4112768883883195,0.2666043656407418
2013-02-24 00:00:00,0.13974812227991473,-0.14869577877607554,0.44290152959331297,0.277979282833142
2013-03-03 00:00:00,0.1449189656200098,-0.13678450730026176,0.4110503673525317,0.2475645060205127
2013-03-10 00:00:00,0.15949939879873692,-0.14123704319008185,0.4526151174545686,0.2078518455056034
2013-03-17 00:00:00,0.1751261297566747,-0.11072071681141221,0.4709465635327993,0.0
2013-03-24 00:00:00,0.17759067414832425,-0.09322691473980713,0.43904959793381115,0.0
2013-03-31 00:00:00,0.1606603986447406,-0.12855489589467822,0.42153184154575113,0.0
2013-04-07 00:00:00,0.13270467630041483,-0.1300445855948048,0.41106028893215235,0.0
2013-04-14 00:00:00,0.1093734612158799,-0.17509246774589265,0.39738871215523164,0.0
2013-04-21 00:00:00,0.09992733377470098,-0.1612868122881546,0.40612325208592454,0.0
2013-04-28 00:00:00,0.10117754932293839,-0.16240213366805367,0.3956390249803883,0.0
2013-05-05 00:00:00,0.1047645717208216,-0.1683953939742267,0.3818267857897458,0.0
2013-05-12 00:00:00,0.10930500801847998,-0.17363258514226626,0.3963759733594622,0.269330148487209
2013-05-19 00:00:00,0.12360578730598817,-0.1267439578313731,0.3955587181080664,0.2487929484369203
2013-05-26 00:00:00,0.15641095568308055,-0.13774539585300044,0.42823726921687094,0.2099939018277405
2013-06-02 00:00:00,0.20270351293178296,-0.08193387359165147,0.4892700854997298,0.27188300124813
2013-06-09 00:00:00,0.2414618157902355,-0.027702276487182598,0.5130958965982446,0.5103069153760235
2013-06-16 00:00:00,0.2494726803948048,-0.01418226682519963,0.5480793196218592,0.484619820292963
2013-06-23 00:00:00,0.22003957186723433,-0.07077499662200651,0.47194243775116856,0.5210890403761097
2013-06-30 00:00:00,0.16969463411841543,-0.10347904936709523,0.4390556960483229,0.4839842239549039
2013-07-07 00:00:00,0.126330262679444,-0.16038229418403932,0.3891043053507774,0.0
2013-07-14 00:00:00,0.10893151922894354,-0.15802057194958585,0.3893190987361684,0.0
2013-07-21 00:00:00,0.11627109997487811,-0.16820936169158401,0.40554740571384135,0.0
2013-07-28 00:00:00,0.1330538310521349,-0.13723918677258445,0.41399246132587186,0.0
2013-08-04 00:00:00,0.14556430482545255,-0.1384140777045776,0.4222219687320862,0.2166457159315552
2013-08-11 00:00:00,0.1514124556412356,-0.12178608598751872,0.4332714519286261,0.2799287746949838
2013-08-18 00:00:00,0.15575316239007786,-0.1345794021937884,0.42385180689128116,0.270752634235499
2013-08-25 00:00:00,0.16084464598604944,-0.13523670087128842,0.4510230317478485,0.2326728751379617
2013-09-01 00:00:00,0.16178292843982983,-0.12489676617191525,0.43603117628220306,0.0
2013-09-08 00:00:00,0.15300763137948278,-0.12182077574959249,0.43382749402483983,0.0
2013-09-15 00:00:00,0.13725417184969368,-0.12639845204921984,0.4119844714870226,0.0
2013-09-22 00:00:00,0.12544143846287353,-0.1571511427648109,0.3928373238886537,0.0
2013-09-29 00:00:00,0.12617065882829165,-0.1559885408535383,0.40666592977245697,0.1920061622759952
2013-10-06 00:00:00,0.13583670047666074,-0.155962611928898,0.4064536125941099,0.273217370348519
2013-10-13 00:00:00,0.14086594390030266,-0.14160023976032293,0.4041900569475739,0.241788655159549
2013-10-20 00:00:00,0.13106729494922512,-0.13454141884392173,0.41967670950256974,0.2929878122159366
2013-10-27 00:00:00,0.1107895983464213,-0.17490109819751926,0.39121906808312656,0.0
2013-11-03 00:00:00,0.09606953988209121,-0.15959058244369384,0.3879010420612568,0.0
2013-11-10 00:00:00,0.10012857291410374,-0.18215742660890505,0.38134897300275494,0.0
2013-11-17 00:00:00,0.12153741984575818,-0.15344519709902604,0.38562761852416416,0.0
2013-11-24 00:00:00,0.1464234819973833,-0.12334863060077678,0.41947191194581224,0.0
2013-12-01 00:00:00,0.16153170598872305,-0.08284275436757896,0.4146411204098735,0.0
2013-12-08 00:00:00,0.16439221815294666,-0.11000847400373526,0.44772875140252316,0.0
2013-12-15 00:00:00,0.16121987070918856,-0.12443880160337356,0.4319458005692185,0.0
2013-12-22 00:00:00,0.1569850842235672,-0.11616025886409048,0.4293069356059343,0.2349948656489033
2013-12-29 00:00:00,0.1499099060474688,-0.12454329419074717,0.4413109174446992,0.2626765900481001
2014-01-05 00:00:00,0.13628441525351362,-0.15485845870186477,0.42769325645159506,0.2398797401591533
2014-01-12 00:00:00,0.11883280217165525,-0.17018952017030708,0.3958940406802617,0.262448804143843
2014-01-19 00:00:00,0.10754894145110513,-0.1757768425362769,0.3783222504127669,0.2202151054025088
2014-01-26 00:00:00,0.11080472304745119,-0.16451910877950926,0.37558945493877505,0.2405204556201326
2014-02-02 00:00:00,0.1263126341337063,-0.13979726233662587,0.3982051109275098,0.2892637241926811
2014-02-09 00:00:00,0.14254907424120727,-0.13822158413311042,0.4064233352975256,0.2500007147846774
2014-02-16 00:00:00,0.14999408537465922,-0.13499149993909343,0.41796232826031954,0.0
2014-02-23 00:00:00,0.15042497703503985,-0.1409074671126388,0.42638336682348044,0.0
2014-03-02 00:00:00,0.15405566010481236,-0.10385518175907205,0.429838104627685,0.0
2014-03-09 00:00:00,0.16722481699484984,-0.12080905015744414,0.44788006626021876,0.0
2014-03-16 00:00:00,0.18372769412806217,-0.08505632420674897,0.45800378759301696,0.4764434674485329
2014-03-23 00:00:00,0.18940286409183543,-0.0955448925994282,0.4680989783931503,0.5667967979405657
2014-03-30 00:00:00,0.17573289236031223,-0.09944090961710181,0.4745623296122523,0.4743552134351307
2014-04-06 00:00:00,0.14863642502864874,-0.11451669247677937,0.4412874855783733,0.4824045211757706
2014-04-13 00:00:00,0.12347011416174505,-0.15826046345954042,0.38892354908687016,0.2293435988202319
2014-04-20 00:00:00,0.1114558859509566,-0.16925372303323583,0.4065709073044818,0.2502696703459267
2014-04-27 00:00:00,0.11144138714620641,-0.15868376484012087,0.3724035420167938,0.2806640007993053
2014-05-04 00:00:00,0.11504769247365182,-0.17383302045297538,0.3950827292181119,0.2397227300345359
2014-05-11 00:00:00,0.11900693013132979,-0.17576551668185209,0.39837666645014197,0.0
2014-05-18 00:00:00,0.1307281238382742,-0.15138043575781385,0.41206693672014755,0.0
2014-05-25 00:00:00,0.16008304224573405,-0.12850544611387998,0.4355952015536558,0.0
2014-06-01 00:00:00,0.2051600480925781,-0.07390591696781865,0.482238763640557,0.0
2014-06-08 00:00:00,0.24717890493025518,-0.031758709912727,0.5282816656484959,0.6958368117924398
2014-06-15 00:00:00,0.2618525490076222,-0.001188230040436944,0.5279316326683259,0.8957039996201286
2014-06-22 00:00:00,0.2385147810301951,-0.04560888293164131,0.5001239683639596,0.7235245985793872
2014-06-29 00:00:00,0.189930052937094,-0.08433492460843214,0.4721306539623013,0.6849345900080445
2014-07-06 00:00:00,0.14343912883819443,-0.13460388221515213,0.4171085326913317,0.0
2014-07-13 00:00:00,0.12089603652426587,-0.17362399226789343,0.40177427140165684,0.0
2014-07-20 00:00:00,0.12472663295554934,-0.15259985054789643,0.4128977426857432,0.0
2014-07-27 00:00:00,0.14107430408641333,-0.12854797653721894,0.4016993304158157,0.0
2014-08-03 00:00:00,0.154875027643252,-0.11093500160725839,0.42864771682279873,0.0
2014-08-10 00:00:00,0.16161717263510142,-0.10607415927308811,0.4522366337253581,0.0
2014-08-17 00:00:00,0.16585729885344805,-0.12034161268122873,0.43368400542844127,0.0
2014-08-24 00:00:00,0.17100076251393576,-0.10210994137190771,0.44291876151214427,0.0
2014-08-31 00:00:00,0.17320916475516146,-0.0981620327136824,0.46688094419593107,0.0
2014-09-07 00:00:00,0.1662789499771659,-0.11110994577595884,0.4396734487425674,0.0
2014-09-14 00:00:00,0.15110961221395888,-0.11257638502408518,0.4314624938363568,0.0
2014-09-21 00:00:00,0.13772235236664832,-0.14332755085449084,0.40726514360309957,0.0
2014-09-28 00:00:00,0.13606742515857292,-0.13453578914516162,0.4110177568320895,0.0
2014-10-05 00:00:00,0.14498397951930433,-0.14117253593191081,0.43191100513300396,0.0
2014-10-12 00:00:00,0.15188879149133083,-0.1314861805680812,0.45534072586758384,0.0
2014-10-19 00:00:00,0.14489527627686602,-0.13049092045719374,0.4104187740874987,0.0
2014-10-26 00:00:00,0.12549496888460032,-0.16142388242577504,0.40944825794458134,0.2703800276403419
2014-11-02 00:00:00,0.10851685693050007,-0.17116186956374574,0.3855866830170166,0.2127291468784599
2014-11-09 00:00:00,0.10884218379159837,-0.16891701706718482,0.40303950195323374,0.2538006815212865
2014-11-16 00:00:00,0.12795280165368222,-0.15047989571892006,0.40625074294119357,0.2630901439599116
2014-11-23 00:00:00,0.15339761468127025,-0.12287631858661774,0.41806059159495934,0.0
2014-11-30 00:00:00,0.1707920985889047,-0.09604978514193627,0.41727485735345066,0.0
2014-12-07 00:00:00,0.17551705558111183,-0.0854568154672897,0.45263365752790585,0.0
2014-12-14 00:00:00,0.1728927276149116,-0.09678204136240331,0.44891708494100113,0.0
2014-12-21 00:00:00,0.1687918190630621,-0.11895501148504167,0.4275414915251011,0.2336425868740367
2014-12-28 00:00:00,0.16256288969305274,-0.11462642713687687,0.43174694503082256,0.2990758454003231
2015-01-04 00:00:00,0.15016948849830342,-0.12297553511632786,0.45543800593567485,0.2629759817050388
2015-01-11 00:00:00,0.1328017436508181,-0.16074035925463143,0.42091136909769666,0.2043055860206013
2015-01-18 00:00:00,0.11960171030287421,-0.17286213965953112,0.3831411914279805,0.0
2015-01-25 00:00:00,0.12006419415615674,-0.16461391021190613,0.39875520611576254,0.0
2015-02-01 00:00:00,0.13407792992576545,-0.137109447395046,0.43167451111127175,0.0
2015-02-08 00:00:00,0.15111189306019515,-0.13817927040643535,0.43079728835702624,0.0
2015-02-15 00:00:00,0.16036548884751922,-0.11997485928297064,0.4315225743995363,0.0
2015-02-22 00:00:00,0.16140626932882235,-0.10788330227984383,0.44433198695525883,0.0
2015-03-01 00:00:00,0.16371513839370103,-0.09992453040340815,0.45863944401159784,0.0
2015-03-08 00:00:00,0.17525158219520182,-0.12368770250713751,0.45316232580792526,0.0
2015-03-15 00:00:00,0.192128316106105,-0.09947874944742166,0.461319795364157,0.0
2015-03-22 00:00:00,0.20070615679632312,-0.09074108220687949,0.4756639435645282,0.0
2015-03-29 00:00:00,0.19049017422752743,-0.0934855365800692,0.47365209834539135,0.0
2015-04-05 00:00:00,0.16477322595707233,-0.10378232378597363,0.4400126763574502,0.0
2015-04-12 00:00:00,0.1381441107549035,-0.12334984780750763,0.4163389452114161,0.2203826781970429
2015-04-19 00:00:00,0.12349919974454285,-0.17329505672429113,0.41737012388475636,0.2417862184905111
2015-04-26 00:00:00,0.1219052767711656,-0.1661624833225836,0.3934518387311957,0.2697240589215808
2015-05-03 00:00:00,0.12539938272448165,-0.1603869781797616,0.411783188959089,0.2681070443908649
2015-05-10 00:00:00,0.12902787919909892,-0.1474222107087218,0.41536291287549365,0.0
2015-05-17 00:00:00,0.13851706400821287,-0.1270369838037746,0.4077693303060287,0.0
2015-05-24 00:00:00,0.1643668242253345,-0.1115142371467967,0.44153325982931735,0.0
2015-05-31 00:00:00,0.207586689843641,-0.10678063466351262,0.4826902243136668,0.0
2015-06-07 00:00:00,0.25202550376716476,-0.02098883052407069,0.5355150665715273,0.4667875207070226
2015-06-14 00:00:00,0.27298273856411126,0.014035932652069483,0.5463153478263507,0.5096165737952599
2015-06-21 00:00:00,0.2561630623138702,-0.024375204445974186,0.5473152619199012,0.530419323535549
2015-06-28 00:00:00,0.21025891293761767,-0.06451565662932163,0.4929784227032421,0.4931765819621682
2015-07-05 00:00:00,0.16136850134302533,-0.12274724566492629,0.4579027839000641,0.0
2015-07-12 00:00:00,0.13374816179329713,-0.1452476973593539,0.3996788754798885,0.0
2015-07-19 00:00:00,0.13358292123791088,-0.14400666057921624,0.40259006748108744,0.0
2015-07-26 00:00:00,0.14898093853641442,-0.131043208355838,0.4422531998327518,0.0
2015-08-02 00:00:00,0.1639338136817268,-0.14220785143618891,0.46437775483326005,0.765015804195617
2015-08-09 00:00:00,0.1717468884792949,-0.10949410486646627,0.43707085153514136,0.7094735565212996
2015-08-16 00:00:00,0.1760135114298954,-0.11665865831778072,0.4641291130585765,0.8312615596635835
2015-08-23 00:00:00,0.18107132076616483,-0.08293319658875356,0.4488056027870842,0.6942490796194997
2015-08-30 00:00:00,0.18432262299717667,-0.09604743589668283,0.4542672544325653,0.0
2015-09-06 00:00:00,0.1792593657081636,-0.07543452703773196,0.4767000650962251,0.0
2015-09-13 00:00:00,0.1650212070534635,-0.126029215247852,0.42570919183588246,0.0
2015-09-20 00:00:00,0.15041035134762812,-0.14827136422905013,0.41498484081913284,0.0
2015-09-27 00:00:00,0.1463358326663977,-0.12207476267040707,0.41822511428940773,0.5723297367383293
2015-10-04 00:00:00,0.15406561856588893,-0.12370570043832735,0.4255825148835388,0.4783766691106347
2015-10-11 00:00:00,0.16242886050944844,-0.09887887165564876,0.44923507035400567,0.4187164858036177
2015-10-18 00:00:00,0.15828791118043878,-0.12072095877771843,0.43192404630864245,0.5305771083474183
2015-10-25 00:00:00,0.14027740510295472,-0.124329365191784,0.42523368707949916,0.0
2015-11-01 00:00:00,0.12155574014931629,-0.1543043353837495,0.39424421568417756,0.0
2015-11-08 00:00:00,0.11819578462936593,-0.1612628566696353,0.40134299372910803,0.0
2015-11-15 00:00:00,0.1345749457441855,-0.1488229959935709,0.40575524128103135,0.0
2015-11-22 00:00:00,0.16008512523523014,-0.10570923965340678,0.4333444272077764,0.0
2015-11-29 00:00:00,0.1796190286782195,-0.0913685454659256,0.4570401328725592,0.0
2015-12-06 00:00:00,0.18640722310471983,-0.08817698113391906,0.47509740627603975,0.0
2015-12-13 00:00:00,0.1845396700526896,-0.09667949893800329,0.49032699810925484,0.0
2015-12-20 00:00:00,0.18054176149850162,-0.09256695494153161,0.445670672267375,0.2351881252266439
2015-12-27 00:00:00,0.1750034221427472,-0.13736119914923367,0.4615583815851673,0.2704877259994077
2016-01-03 00:00:00,0.1638711667551833,-0.10513370571855024,0.4426960882269095,0.2313323132983356
2016-01-10 00:00:00,0.14690167878103147,-0.12527126774733277,0.43818639030901474,0.2629918354756128
2016-01-17 00:00:00,0.1321186836410972,-0.15640770966899237,0.4061364185032104,0.0
2016-01-24 00:00:00,0.1297872182857464,-0.13760520686510258,0.4144877162154191,0.0
2016-01-31 00:00:00,0.14194053470937018,-0.12215494087034123,0.40884922879120056,0.0
2016-02-07 00:00:00,0.15939544044481982,-0.1009927144766683,0.43522669383203716,0.0
2016-02-14 00:00:00,0.1704450207080323,-0.09716202018411502,0.44522327626688185,0.2758834831566379
2016-02-21 00:00:00,0.1724324100098101,-0.10042024418955947,0.43655663779250165,0.2127439408061319
2016-02-28 00:00:00,0.17370451060391423,-0.11743498467495067,0.4609150399002896,0.2593298886170979
2016-03-06 00:00:00,0.183478246986511,-0.09090000492719733,0.48341566018286886,0.2520426874201322
2016-03-13 00:00:00,0.20025538366619575,-0.07317589673826108,0.4879220883358874,1.2393777576396217
2016-03-20 00:00:00,0.21136939164996252,-0.0643657624269422,0.4961122436424763,1.465562751726326
2016-03-27 00:00:00,0.20471990183356537,-0.09434240480536005,0.48699269419872904,0.988703457709038
2016-04-03 00:00:00,0.18088657313409104,-0.08329208990730055,0.47434352320888007,1.306356032925014
2016-04-10 00:00:00,0.15323610857054032,-0.11566365759864133,0.4380188740863655,0.0
2016-04-17 00:00:00,0.13598581507534058,-0.13661902455837988,0.4235442062276713,0.0
2016-04-24 00:00:00,0.13252199192649397,-0.1463387419202843,0.42378030416472473,0.0
2016-05-01 00:00:00,0.13572240295896196,-0.12868458724913134,0.4040985458071409,0.0
2016-05-08 00:00:00,0.1392200394931299,-0.14263735497014662,0.41622431435286544,0.4473872081951229
2016-05-15 00:00:00,0.14685481436607895,-0.1402170665450626,0.4191386551637393,0.5897547590874149
2016-05-22 00:00:00,0.16925533143379068,-0.12095301410569226,0.4374810263582793,0.4830361476566337
2016-05-29 00:00:00,0.21007854606669088,-0.07494962203571667,0.4944946684985654,0.4798218850608283
2016-06-05 00:00:00,0.256094189967082,-0.020991081511117865,0.5633032052978217,0.0
2016-06-12 00:00:00,0.28284203781371026,-0.013358406343174145,0.5649102563712142,0.0
2016-06-19 00:00:00,0.27283379983830713,-0.01352147868796677,0.5613580652976444,0.0
2016-06-26 00:00:00,0.2304986738836283,-0.05264147357084148,0.5026257483712728,0.0
2016-07-03 00:00:00,0.18002929394697403,-0.09358953589786706,0.43452113577821494,0.0
2016-07-10 00:00:00,0.14752796376319585,-0.12031423693225463,0.45331597017320524,0.0
2016-07-17 00:00:00,0.14294585064871257,-0.15002557426841656,0.42435339885675905,0.0
2016-07-24 00:00:00,0.15684438648106355,-0.09883160228655127,0.4498473717953497,0.0
2016-07-31 00:00:00,0.17273432833971877,-0.09187907889189179,0.4519949428540818,0.0
2016-08-07 00:00:00,0.18176262997737425,-0.08881527633211703,0.45712520865670314,0.0
2016-08-14 00:00:00,0.18621747352900542,-0.12116067353882543,0.46964721204605203,0.0
2016-08-21 00:00:00,0.1910972480433703,-0.0847270862430734,0.48379894361487624,0.0
2016-08-28 00:00:00,0.19515427939535512,-0.08537168256560629,0.4695910431204572,0.5146986066065415
2016-09-04 00:00:00,0.19191766466441446,-0.09438985036637113,0.4788940289302766,0.4901210927799654
2016-09-11 00:00:00,0.17891383302598324,-0.09044538344009503,0.470077874933813,0.4992510345339083
2016-09-18 00:00:00,0.16346293432981238,-0.11832992481516147,0.4281735636165875,0.4959292660795847
2016-09-25 00:00:00,0.1570183010911173,-0.14014252448626074,0.417020188926108,0.0
2016-10-02 00:00:00,0.16317408203645634,-0.10761404843507794,0.44705481764387184,0.0
2016-10-09 00:00:00,0.172535600835243,-0.08831321448461993,0.44835869265566464,0.0
2016-10-16 00:00:00,0.1711951860150396,-0.11848140459448486,0.44157819509542096,0.0
2016-10-23 00:00:00,0.15502859621276996,-0.12660938149151185,0.4338447659952174,0.2768771602254318
2016-10-30 00:00:00,0.13511936259719246,-0.12318427830303219,0.4104752423847258,0.2467789658114063
2016-11-06 00:00:00,0.1282231392504457,-0.14114854626850631,0.4031807946433056,0.2375465111976754
2016-11-13 00:00:00,0.1415008462161823,-0.1295316168947533,0.40313430082125173,0.2387973627654864
2016-11-20 00:00:00,0.1665564181319636,-0.12851138171879412,0.43919988315215,0.2438812062008283
2016-11-27 00:00:00,0.1880072111358376,-0.09778393691230292,0.45345903124252085,0.2453497810607219
2016-12-04 00:00:00,0.19701536654250762,-0.07111216265691123,0.46521247659664294,0.264792016661376
2016-12-11 00:00:00,0.19613820024527517,-0.09511566516587336,0.47376686558898284,0.2459769960770736
2016-12-18 00:00:00,0.19225768270066002,-0.07103001800730238,0.474850335096813,0.0
2016-12-25 00:00:00,0.18725421338297626,-0.08326938538460821,0.4803671149865232,0.0
2017-01-01 00:00:00,0.17736113094170372,-0.09308531247817203,0.45777282319361645,0.0
2017-01-08 00:00:00,0.1610637632942387,-0.12439358528362243,0.43729030706661215,0.0
2017-01-15 00:00:00,0.14505707018776823,-0.12940231271257607,0.40174206371501225,0.0
2017-01-22 00:00:00,0.1400059524788021,-0.12355751914425134,0.43134614803026317,0.0
2017-01-29 00:00:00,0.1499800299618987,-0.14328582055672062,0.4102309280657008,0.0
2017-02-05 00:00:00,0.16744760580385154,-0.12200022859549703,0.45307733517682824,0.0
2017-02-12 00:00:00,0.18020236958463634,-0.10084542811212316,0.44151690087235895,0.4790432095350374
2017-02-19 00:00:00,0.18343297084957397,-0.09971948519149326,0.4650132497767336,0.508211417640329
2017-02-26 00:00:00,0.18399720271420048,-0.08171590327457456,0.4522157790863923,0.5854384527087048
2017-03-05 00:00:00,0.19196206839919963,-0.09092386395250643,0.4553511513041229,0.4273069201159289
2017-03-12 00:00:00,0.20820066442083113,-0.07401762105364071,0.4697899206995964,0.2325266704114149
2017-03-19 00:00:00,0.2214287355794543,-0.04051808271770063,0.505945319622447,0.2717057499718426
2017-03-26 00:00:00,0.21836393393959244,-0.05783955495105583,0.5158310622686362,0.2112971687334218
2017-04-02 00:00:00,0.1968762132948997,-0.08274522705264847,0.46658792314557695,0.2844704108833206
2017-04-09 00:00:00,0.1686926258779598,-0.09521518189256697,0.4508460976825617,0.0
2017-04-16 00:00:00,0.148943661999145,-0.12813577274087823,0.42613389055300077,0.0
2017-04-23 00:00:00,0.143348612000746,-0.12602290108997555,0.42106473119854754,0.0
2017-04-30 00:00:00,0.14602342183662467,-0.13549004861708358,0.40854017197544595,0.0
2017-05-07 00:00:00,0.14952241966594793,-0.13322048661805153,0.40470804096412044,0.2162966416566796
2017-05-14 00:00:00,0.15568286733279138,-0.12542324788889098,0.45009350758849315,0.2815603192356923
2017-05-21 00:00:00,0.17478106846805969,-0.12001005808204512,0.4668542992681809,0.2768276701210439
2017-05-28 00:00:00,0.21277003528518396,-0.054926796885254564,0.48186768988919376,0.2253153689865841
2017-06-04 00:00:00,0.25952935048847925,-0.012473641796036689,0.5341967122329,0.2492802999269863
2017-06-11 00:00:00,0.29146610806353296,0.010276417430455709,0.5655911160370524,0.2678575811219477
2017-06-18 00:00:00,0.28841663476445367,0.010849482118183512,0.5651350841693323,0.2511436646705153
2017-06-25 00:00:00,0.25047414149566705,-0.03597365548796422,0.5204874947551857,0.2317184542805505
2017-07-02 00:00:00,0.19931062282717282,-0.07314104142505898,0.47762419135618933,0.2471379003297095
2017-07-09 00:00:00,0.16225418378601014,-0.10391575456583929,0.428567585084921,0.2538863553242823
2017-07-16 00:00:00,0.15291706145291917,-0.12209329569132338,0.4344581554882236,0.2391755478574288
2017-07-23 00:00:00,0.16474705100811793,-0.12593754667336649,0.4335359152408928,0.2598001964885794
2017-07-30 00:00:00,0.18128252709358486,-0.08454901395015499,0.46336200642487474,0.2489667424855304
2017-08-06 00:00:00,0.19162547328950125,-0.07492605065782179,0.47407305205230277,0.2652072511024045
2017-08-13 00:00:00,0.19645530430763122,-0.08869808020875161,0.46456290000494577,0.2480646770074509
2017-08-20 00:00:00,0.2011138504602919,-0.07581485198001947,0.47760956217083966,0.2377613294046141
2017-08-27 00:00:00,0.2057416772772394,-0.07096354145396558,0.49627797802013185,0.210381209914022
2017-09-03 00:00:00,0.20423452637787853,-0.07469846823127016,0.4661863873875245,0.2755588648026826
2017-09-10 00:00:00,0.19271508790021788,-0.08149389182512137,0.48396602961938984,0.2764661074090845
2017-09-17 00:00:00,0.17682569035088253,-0.09591655260836496,0.45517337215377845,0.2375938178742108
2017-09-24 00:00:00,0.16814159678745413,-0.11081815396506478,0.45175163600283147,0.0
2017-10-01 00:00:00,0.17239883435591072,-0.09915767966912281,0.45652090190797817,0.0
2017-10-08 00:00:00,0.18227231811866013,-0.0999843362454145,0.4578130816073231,0.0
2017-10-15 00:00:00,0.1835844418928348,-0.10902419384576995,0.441029620857713,0.0
2017-10-22 00:00:00,0.1696435103552698,-0.11925693851465757,0.46000289612643425,0.0
2017-10-29 00:00:00,0.14912645517854695,-0.1453083649121053,0.4344667791712354,0.0
2017-11-05 00:00:00,0.13893976111773737,-0.12893077926491797,0.41971352135407697,0.0
2017-11-12 00:00:00,0.14882224532823338,-0.1349057550748477,0.4060119261829007,0.0
2017-11-19 00:00:00,0.17289225805600814,-0.09726163652482803,0.42738350846756357,0.2264900398227133
2017-11-26 00:00:00,0.19596437859811922,-0.08774459100825605,0.45920186628873444,0.2633758797972751
2017-12-03 00:00:00,0.20729632010616694,-0.08078842732033181,0.4993455932848647,0.2095261752556136
2017-12-10 00:00:00,0.20765754691881205,-0.07184486691690395,0.5073117246040939,0.3006079051243978
2017-12-17 00:00:00,0.2039559411871382,-0.08170183928980898,0.5017977816318202,0.2199684364932629
2017-12-24 00:00:00,0.1993424773790821,-0.07449470359445173,0.4707599398947439,0.2643388503040381
2017-12-31 00:00:00,0.19062145379562523,-0.09190012192568744,0.4595914958589517,0.2892158304882118
2018-01-07 00:00:00,0.17522219936552832,-0.11708600444689082,0.4357270445067686,0.2264768827144872
2018-01-14 00:00:00,0.1583640371094566,-0.13751996684266204,0.434809387335149,0.0
2018-01-21 00:00:00,0.15073861034920608,-0.14342338581138608,0.42010011221858523,0.0
2018-01-28 00:00:00,0.15827267533769035,-0.12998322601961432,0.43584976695014577,0.0
2018-02-04 00:00:00,0.17532727552691116,-0.10654855889629111,0.4690770528831689,0.0
2018-02-11 00:00:00,0.18962073245977695,-0.07504446346689073,0.47281566987991175,0.799493800107689
2018-02-18 00:00:00,0.1943385971271504,-0.08248489148270904,0.47250264260698605,0.6972500292716297
2018-02-25 00:00:00,0.1945534017038092,-0.11017008604717243,0.4635303224835967,0.7306722704351409
2018-03-04 00:00:00,0.20074639260658556,-0.09645202963963395,0.481790910332617,0.7725839001855402
2018-03-11 00:00:00,0.21605632755767268,-0.06549716602602582,0.48904231322016645,0.0
2018-03-18 00:00:00,0.23093557182493768,-0.05141051178797773,0.5289729669151597,0.0
2018-03-25 00:00:00,0.23137946860210867,-0.041788428094030494,0.49766286098834756,0.0
2018-04-01 00:00:00,0.21264263327326435,-0.06798828601289394,0.49759587566858765,0.0
2018-04-08 00:00:00,0.18444669386061371,-0.08020637032522435,0.4655990420608373,0.0
2018-04-15 00:00:00,0.1623877345142372,-0.10174755838130731,0.46239164623033524,0.0
2018-04-22 00:00:00,0.15444330448254626,-0.09914081523847171,0.42409791089960763,0.0
2018-04-29 00:00:00,0.15632204751636009,-0.1357239131547156,0.4168737992241074,0.0
2018-05-06 00:00:00,0.15988302172907787,-0.11431019497091072,0.450863894502807,0.2235530945976616
2018-05-13 00:00:00,0.16493490791377877,-0.12328210706095566,0.45880745352001445,0.2887314423342108
2018-05-20 00:00:00,0.18095630620292058,-0.10110456609970905,0.46512774629024206,0.2636390026669827
2018-05-27 00:00:00,0.21578166691454018,-0.05108551270431905,0.47309759913359956,0.2240764604011449
2018-06-03 00:00:00,0.26248308207432175,0.002117962423755698,0.5374366548277951,0.2563350289410738
2018-06-10 00:00:00,0.29891625849761116,0.01887715969367562,0.5791238989494705,0.2252556021200345
2018-06-17 00:00:00,0.30282440656881016,0.042648341568293724,0.5963679119311354,0.2720734346713157
2018-06-24 00:00:00,0.2700121294851868,-0.004343788660238074,0.5532758930488404,0.2463359342675758
2018-07-01 00:00:00,0.2190823133535006,-0.06170717458861416,0.4859588876197209,0.0
2018-07-08 00:00:00,0.17792287756124947,-0.11194427180897093,0.4734819252609997,0.0
2018-07-15 00:00:00,0.16359071394265845,-0.11627585119649803,0.4459402025948803,0.0
2018-07-22 00:00:00,0.17278147431943677,-0.10815237858635413,0.4851469730512309,0.0
2018-07-29 00:00:00,0.18959817647410793,-0.1049296556243326,0.4454282953523879,0.0
2018-08-05 00:00:00,0.20129940677936192,-0.07749200349987087,0.47110996455811033,0.0
2018-08-12 00:00:00,0.2067048117850656,-0.0769213840971214,0.483293269693937,0.0
2018-08-19 00:00:00,0.2111495526043186,-0.06413158947665085,0.4783586598773956,0.0
2018-08-26 00:00:00,0.21612724910818176,-0.0523239867422928,0.5091931353652941,0.246841098424152
2018-09-02 00:00:00,0.21620308391547727,-0.06168991282666547,0.4965035227213864,0.2494426117667141
2018-09-09 00:00:00,0.20635825760943755,-0.05932508334766115,0.4934598388069478,0.2554901348975948
2018-09-16 00:00:00,0.19043503048829885,-0.09648842022147652,0.4672572125146874,0.248226154911539
2018-09-23 00:00:00,0.17971669200844675,-0.09498704004154276,0.44381049619624674,0.0
2018-09-30 00:00:00,0.1818237054449771,-0.10034039861543026,0.44513764618626483,0.0
2018-10-07 00:00:00,0.19171417812747313,-0.08746353789154948,0.4707828039308656,0.0
2018-10-14 00:00:00,0.19544163102663187,-0.0935411480769143,0.4573589651496624,0.0
2018-10-21 00:00:00,0.18402417695571255,-0.08365385678207454,0.4542799953085221,0.0
2018-10-28 00:00:00,0.16348426281122136,-0.1045071091207212,0.43819585740554945,0.0
2018-11-04 00:00:00,0.15034257905111945,-0.11155371105746453,0.42657705929531037,0.0
2018-11-11 00:00:00,0.15662296646265067,-0.12544382867751774,0.4392752134375461,0.0
2018-11-18 00:00:00,0.17918199944333785,-0.09469442587265095,0.4548302603665431,0.0
2018-11-25 00:00:00,0.2035123986907864,-0.08241847582449269,0.4859496746484826,0.0
2018-12-02 00:00:00,0.21720985491038888,-0.06369203682532348,0.5060366104191452,0.0
2018-12-09 00:00:00,0.21906015338510876,-0.06321698424363409,0.5101945248313782,0.0
2018-12-16 00:00:00,0.2156455019082586,-0.0642450451160069,0.4961992324885268,0.248116358309425
2018-12-23 00:00:00,0.2112982376694166,-0.08558748063412264,0.4870240191205391,0.2430297192772726
2018-12-30 00:00:00,0.2036447830218989,-0.06137137542856558,0.4850378861334716,0.2602819084443542
2019-01-06 00:00:00,0.18931666713537568,-0.10066550799192842,0.47190862834426583,0.2485720139689481
2019-01-13 00:00:00,0.17197904809879636,-0.08711642092544467,0.4524962175353506,0.2616133245660865
2019-01-20 00:00:00,0.16198928738859428,-0.11604974898982462,0.42524439949723264,0.2230648083889066
2019-01-27 00:00:00,0.16688901541029452,-0.10335169129579425,0.44094080043949113,0.2347087771331802
2019-02-03 00:00:00,0.183102517423617,-0.10010153535072822,0.46900564475442086,0.2806130899118266
2019-02-10 00:00:00,0.19869784604813426,-0.07029850043893446,0.4755502374088759,0.0
2019-02-17 00:00:00,0.20508410274038993,-0.06323117524802024,0.4818837386080786,0.0
2019-02-24 00:00:00,0.2053221462182836,-0.08500748777482647,0.4908790205389247,0.0
2019-03-03 00:00:00,0.20985965098682008,-0.07033739176712933,0.4716471751864438,0.0
2019-03-10 00:00:00,0.22391198788304667,-0.04851241862949654,0.4979586882040893,0.5277885578915649
2019-03-17 00:00:00,0.2399547968025419,-0.03426333505724824,0.5127868732606424,0.5258494109416993
2019-03-24 00:00:00,0.24374050677225298,-0.03971041525996069,0.5143290237794216,0.3868856867206523
2019-03-31 00:00:00,0.2280903196777818,-0.03970602156445152,0.5319728438315019,0.5594763444460837
2019-04-07 00:00:00,0.2004197034904976,-0.061610426711589894,0.4808606366991916,0.0
2019-04-14 00:00:00,0.17631883126991457,-0.10439409101592861,0.44694550119318327,0.0
2019-04-21 00:00:00,0.1658625444112342,-0.1113792452940181,0.42479914885331194,0.0
2019-04-28 00:00:00,0.16664973597174149,-0.11394053934020887,0.43538774495648486,0.0
2019-05-05 00:00:00,0.17026090551667092,-0.0970108007101925,0.4377179472045086,0.2752965174274372
2019-05-12 00:00:00,0.17454013428068238,-0.10928586850472682,0.4520385729341721,0.2260666973944005
2019-05-19 00:00:00,0.18777420825180335,-0.07340981051563633,0.45984899109400934,0.2293705578949588
2019-05-26 00:00:00,0.21921745755573208,-0.063593916878915,0.4932298288139714,0.2692662272832034
2019-06-02 00:00:00,0.26511098799827293,0.006595518759572178,0.5318704264861616,0.2316289745147032
2019-06-09 00:00:00,0.3052774552277543,0.025767286196078987,0.6018703212679621,0.261231576903184
2019-06-16 00:00:00,0.3159953025539212,0.012927170936603172,0.5792267990299805,0.2715283420546685
2019-06-23 00:00:00,0.2889458939757401,-0.0058809274328049665,0.5812817590928042,0.2356111065274443
2019-06-30 00:00:00,0.23919772093098224,-0.04525712685613981,0.5109594162825364,0.0
2019-07-07 00:00:00,0.19450635998750207,-0.07237503062044892,0.4761545348736738,0.0
2019-07-14 00:00:00,0.1750499593262974,-0.1277080580503942,0.44366253002523975,0.0
2019-07-21 00:00:00,0.18104783026252155,-0.10698371163193032,0.4468320631548431,0.0
2019-07-28 00:00:00,0.1977154307189848,-0.0738509400200652,0.47344360397430635,0.5782539197629639
2019-08-04 00:00:00,0.21075372077586668,-0.0776615559856714,0.47173905520150194,0.4757543043986328
2019-08-11 00:00:00,0.21693668722775628,-0.05946441756198137,0.49568567065031505,0.4990929078259576
2019-08-18 00:00:00,0.22122447376758236,-0.0460446497032396,0.4921239925872644,0.4468988680124456
2019-08-25 00:00:00,0.22635592908566585,-0.0553199641708792,0.5059549305562547,0.5364731013482391
2019-09-01 00:00:00,0.227828383740121,-0.053747812074222495,0.48362282581393545,0.548703505711566
2019-09-08 00:00:00,0.21978436860499823,-0.06914898818164616,0.4874970383172482,0.48888319308236
2019-09-15 00:00:00,0.20422054958356456,-0.06565443575848062,0.4833096152991688,0.4259401998578347
2019-09-22 00:00:00,0.19173857215326925,-0.09129008405453751,0.4684829057744289,0.0
2019-09-29 00:00:00,0.1915238911315987,-0.08633964480013728,0.48250206133110196,0.0
2019-10-06 00:00:00,0.20094522757439157,-0.08375615930461566,0.48277836121089157,0.0
2019-10-13 00:00:00,0.20677133916645152,-0.05882511178482788,0.4743391353479094,0.0
2019-10-20 00:00:00,0.1980826468204592,-0.08744828679087635,0.46537472448822303,0.501313647788976
2019-10-27 00:00:00,0.17809134061094933,-0.092340659206263,0.45719450209143714,0.4762725567449976
2019-11-03 00:00:00,0.16240967856905328,-0.1259446540460114,0.42216749783769275,0.5290064123727174
2019-11-10 00:00:00,0.1649759179055943,-0.12046980101239507,0.4498696742306113,0.4934073830933091
2019-11-17 00:00:00,0.18552091264452236,-0.10941279021694134,0.4761100922759098,0.8036318102853359
2019-11-24 00:00:00,0.2106873745430195,-0.06840576429398881,0.4760889795093561,0.6549016949290887
2019-12-01 00:00:00,0.22672286081709703,-0.05012390873856268,0.514859738749085,0.8304275827348281
2019-12-08 00:00:00,0.23030309645742855,-0.05030140146521969,0.5156027296711474,0.7110389120507477
2019-12-15 00:00:00,0.22732688921417582,-0.04324469367753403,0.49956160922554127,0.0
2019-12-22 00:00:00,0.22315211214533898,-0.04274519746165695,0.5135477490271636,0.0
2019-12-29 00:00:00,0.21643364934653103,-0.0712986657808547,0.5162492242632866,0.0
2020-01-05 00:00:00,0.20329406497301944,-0.07351046624663954,0.4881968018148598,0.0
2020-01-12 00:00:00,0.18583605098220127,-0.10221315408218357,0.461917002710668,0.4627680068180199
2020-01-19 00:00:00,0.17374793757304863,-0.10849818750984608,0.4594959835633322,0.5672250903707171
2020-01-26 00:00:00,0.17589136194350796,-0.08596060461140331,0.4563512022224245,0.4536119663189372
2020-02-02 00:00:00,0.19084809218976218,-0.09724521135695155,0.4566150844792153,0.5163949364923258
2020-02-09 00:00:00,0.20744614198553543,-0.03966733978442388,0.47667864958571593,0.2532905910467884
2020-02-16 00:00:00,0.21561108281497326,-0.06152097996417519,0.4925805188373229,0.2550330631860475
2020-02-23 00:00:00,0.21624352980805253,-0.07796960220974133,0.5011995580045439,0.2446788007580407
2020-03-01 00:00:00,0.2193146458429468,-0.07063661550479206,0.4756775610058209,0.2469975450091234
2020-03-08 00:00:00,0.23185162042110316,-0.05874022707220983,0.5056493316866816,0.0
2020-03-15 00:00:00,0.24856242572010356,-0.018132621585116054,0.5361192637332507,0.0
2020-03-22 00:00:00,0.25543852444758836,-0.01424864741457596,0.5499485631723786,0.0
2020-03-29 00:00:00,0.2431307072922133,-0.059073692561700225,0.5266931135275172,0.0
2020-04-05 00:00:00,0.21652351433753894,-0.055541100956823464,0.49937992113768936,0.5042075811238161
2020-04-12 00:00:00,0.19072264293359725,-0.0898326912032143,0.4536893998437085,0.4995224282880754
2020-04-19 00:00:00,0.17765820525492637,-0.10638963812062785,0.4561757273367347,0.4812638900057349
2020-04-26 00:00:00,0.17704804764250562,-0.10848629546696253,0.4682936943150947,0.5150061005823735
2020-05-03 00:00:00,0.18062760004995268,-0.10270408992190086,0.46533592525112466,0.0
2020-05-10 00:00:00,0.18442648693332164,-0.09966309646689178,0.4628529505314779,0.0
2020-05-17 00:00:00,0.1952104518686963,-0.09982797793484263,0.46889812883352755,0.0
2020-05-24 00:00:00,0.22316286603746763,-0.050997592084111976,0.4911355254602829,0.0
2020-05-31 00:00:00,0.26756791222633075,-0.03832362956852628,0.546588481963964,0.5209828851558749
2020-06-07 00:00:00,0.31065563693841913,0.015609110901060597,0.5769354749422148,0.5040715997516245
2020-06-14 00:00:00,0.3278942546874598,0.030517517307308104,0.5815504684561912,0.4544612862196932
2020-06-21 00:00:00,0.307119406515678,0.037420210262245485,0.5732315906976873,0.5204842288728071
2020-06-28 00:00:00,0.2594970872259492,-0.03628928273175941,0.5180274498152282,0.6893358372370691
2020-07-05 00:00:00,0.21195284952172494,-0.07229568794861757,0.5047162572308812,0.8852428070284056
2020-07-12 00:00:00,0.18736363237835857,-0.10523238941259688,0.4683187360622963,0.7782012257180472
2020-07-19 00:00:00,0.18965103466672362,-0.0844487556669552,0.47396610461057925,0.6472201300164779
2020-07-26 00:00:00,0.20568290819265134,-0.06832210012611092,0.4907014509370252,0.0
2020-08-02 00:00:00,0.21996535525172273,-0.04619232121814773,0.49190205842709755,0.0
2020-08-09 00:00:00,0.22711618538884298,-0.03854489719798265,0.5161550686317302,0.0
2020-08-16 00:00:00,0.23134953126509086,-0.05501954215190524,0.5060045664457234,0.0
2020-08-23 00:00:00,0.236472835125076,-0.041374858473436,0.500125752339331,0.2789195670262705
2020-08-30 00:00:00,0.23912649899220859,-0.04451641018657421,0.5263262078433468,0.207978478675507
2020-09-06 00:00:00,0.23294401977747936,-0.04312269309950767,0.5173766565158864,0.2658750427969294
2020-09-13 00:00:00,0.2181077380252665,-0.054642468846747366,0.4985435713829468,0.247226911501293
2020-09-20 00:00:00,0.2041867842029066,-0.08248666549406991,0.46543029727020524,0.0
2020-09-27 00:00:00,0.2015634709709209,-0.08402208149721727,0.48977809953546914,0.0
2020-10-04 00:00:00,0.21005530051718813,-0.05944991585554321,0.49384698504205476,0.0
2020-10-11 00:00:00,0.21759631727683781,-0.05717491228752755,0.5030990568864171,0.0
2020-10-18 00:00:00,0.21174374729191714,-0.07834518049891809,0.4658870907169071,0.2814693391179465
2020-10-25 00:00:00,0.1928407957153742,-0.08727296996978581,0.47789503241255343,0.2311153364678979
2020-11-01 00:00:00,0.17510081809540062,-0.12142426666535899,0.4380310124831166,0.2718529911094678
2020-11-08 00:00:00,0.17394054369079096,-0.12985690375733772,0.47345063570706947,0.2155623333046878
2020-11-15 00:00:00,0.19200734189870625,-0.07312899904411421,0.4787170192363065,0.2374266831118226
2020-11-22 00:00:00,0.2175393335874425,-0.05598905837586832,0.4718477575168546,0.258129212482802
2020-11-29 00:00:00,0.23581147189855767,-0.037924612608890435,0.512424578784313,0.2384287224073077
2020-12-06 00:00:00,0.2413399679761127,-0.04194539030360295,0.5161741209142989,0.2660153819980677
2020-12-13 00:00:00,0.23899169242537602,-0.039815114506823596,0.49689627980894174,0.2477673623014749
2020-12-20 00:00:00,0.2349332256391232,-0.05029848519957822,0.5265097403951404,0.2655929908928423
2020-12-27 00:00:00,0.22899946575757307,-0.04966514937186328,0.5112265957479432,0.2198998403431387
2021-01-03 00:00:00,0.21711000314521683,-0.06453468992902012,0.4957548145160328,0.2667398064625441
2021-01-10 00:00:00,0.19986591632568282,-0.0811337062713518,0.4977923875204155,0.0
2021-01-17 00:00:00,0.18599096722526534,-0.09766210852780949,0.48198657732040345,0.0
2021-01-24 00:00:00,0.1853316975074116,-0.10007700626006294,0.4628190508751103,0.0
2021-01-31 00:00:00,0.19864282196106553,-0.0876285603272988,0.48188189882554944,0.0
2021-02-07 00:00:00,0.21589243826851884,-0.07575613098139172,0.47617975649605954,0.0
2021-02-14 00:00:00,0.22587034276098725,-0.0563888168112503,0.5039471850366403,0.0
2021-02-21 00:00:00,0.22725130897058887,-0.04004798581132185,0.5057363304360751,0.0
2021-02-28 00:00:00,0.22910850597024623,-0.06175622284853324,0.5101147041401464,0.0
2021-03-07 00:00:00,0.23995079479546522,-0.03241682149253591,0.5286183284222037,0.2334998954769141
2021-03-14 00:00:00,0.2568429132447764,-0.03653445162677221,0.5286800261831266,0.2626754398702251
2021-03-21 00:00:00,0.2664826299101935,-0.0030385842032681354,0.5365838809073802,0.2537018883953596
2021-03-28 00:00:00,0.25768499246013526,-0.036527618453826294,0.5375670872085373,0.2501227762575009
2021-04-04 00:00:00,0.23266301546189427,-0.058649904580149015,0.5054819529476189,0.0
2021-04-11 00:00:00,0.2055694697657578,-0.08169290188264461,0.46961395573760256,0.0
2021-04-18 00:00:00,0.18987486074948048,-0.0830432777481927,0.4605111552619797,0.0
2021-04-25 00:00:00,0.18756653221260822,-0.09343737166911126,0.4563304058866788,0.0
2021-05-02 00:00:00,0.19096800655830523,-0.09492534964127619,0.47456145954145795,0.0
2021-05-09 00:00:00,0.19452383914075916,-0.11046320026900958,0.47466314429733564,0.0
2021-05-16 00:00:00,0.203225423740814,-0.06695774750646194,0.47680170236628794,0.0
2021-05-23 00:00:00,0.227683432729527,-0.032860979544289015,0.5049401357167064,0.0
2021-05-30 00:00:00,0.27000385804117444,-0.013961302153734784,0.5548883422803996,0.493857092463339
2021-06-06 00:00:00,0.3151745212308883,0.04652201424255267,0.5851418627078404,0.5657867554347076
2021-06-13 00:00:00,0.338513620612764,0.05730658700652021,0.6015937642003405,0.5180785008949341
2021-06-20 00:00:00,0.32439139380381055,0.047335517788660214,0.6150507073174787,0.422277651207019
2021-06-27 00:00:00,0.27981137591340133,-0.004466340617387932,0.5785451919104148,0.0
2021-07-04 00:00:00,0.2301868611253483,-0.038466535456998296,0.4978053611464562,0.0
2021-07-11 00:00:00,0.2005832866744141,-0.08210894378157813,0.4883088767451074,0.0
2021-07-18 00:00:00,0.19869754623841834,-0.07678145801859929,0.48084884327412264,0.0
2021-07-25 00:00:00,0.21356320778812843,-0.05212418965600216,0.48063894185882877,0.0
2021-08-01 00:00:00,0.22892104839726807,-0.05280981028191831,0.5022233269019097,0.0
2021-08-08 00:00:00,0.23720515127062297,-0.03117697916935422,0.4954935081392384,0.0
2021-08-15 00:00:00,0.24152602065653966,-0.044121247783071416,0.5285179365091842,0.0
2021-08-22 00:00:00,0.24652101104957386,-0.014519763709923972,0.5143274378913048,0.0
2021-08-29 00:00:00,0.2501232131114155,-0.02496120357396145,0.5325912613503732,0.0
2021-09-05 00:00:00,0.245798781828778,-0.01438662284280015,0.5400078703833238,0.0
2021-09-12 00:00:00,0.23202076993854467,-0.046185327321023706,0.5141283494071461,0.0
2021-09-19 00:00:00,0.21702653218176854,-0.052587486448923026,0.5069291378056068,0.502668974654677
2021-09-26 00:00:00,0.21199336835972082,-0.054672850343084806,0.494260799066828,0.5186816218283287
2021-10-03 00:00:00,0.21913676771730078,-0.045915368167993464,0.5117222357907563,0.457730635251593
2021-10-10 00:00:00,0.22795639079414226,-0.04917286985819863,0.506926029794095,0.5209187682654013
2021-10-17 00:00:00,0.22494738711011775,-0.057966637906017915,0.4967847342496344,0.0
2021-10-24 00:00:00,0.20762371616451705,-0.06800815511367306,0.4985519014389903,0.0
2021-10-31 00:00:00,0.1883585658660064,-0.0721429953147052,0.4563806510240994,0.0
2021-11-07 00:00:00,0.18356067997310072,-0.11366538503824636,0.4753886752511591,0.0
2021-11-14 00:00:00,0.19873965830946566,-0.0957796091373462,0.47275323521677454,0.0
2021-11-21 00:00:00,0.22413136816574272,-0.05536131255129223,0.49736087318214645,0.0
2021-11-28 00:00:00,0.24446291148218402,-0.05132114268415908,0.5351096025550328,0.0
2021-12-05 00:00:00,0.25212301831985795,-0.01643976216435203,0.5428227255206588,0.0
2021-12-12 00:00:00,0.25062253019064057,-0.028434912809303575,0.5294274963709917,0.0
2021-12-19 00:00:00,0.24666722705326027,-0.026425676672897552,0.5690376574577614,0.0
2021-12-26 00:00:00,0.241361153101587,-0.05219412060694309,0.5289207880518185,0.0
2022-01-02 00:00:00,0.23072988492297108,-0.043519909007748686,0.4984165945480761,0.0
2022-01-09 00:00:00,0.21399892058624315,-0.07412433772794827,0.4786220980392943,0.0
2022-01-16 00:00:00,0.19868231166363587,-0.09878909933508531,0.48376141236171066,0.0
2022-01-23 00:00:00,0.19524997536347682,-0.07083164581314419,0.47911502248805954,0.0
2022-01-30 00:00:00,0.20656681939011162,-0.0693899886357004,0.48135525914911476,0.0
2022-02-06 00:00:00,0.22407708808342075,-0.05091307591156377,0.5073797804894922,0.0
2022-02-13 00:00:00,0.2358239638639947,-0.04967633343611763,0.5188284839643573,0.0
2022-02-20 00:00:00,0.2382757299019752,-0.04500550029113354,0.5216910130899076,0.0
2022-02-27 00:00:00,0.23922322641471627,-0.06000868412685431,0.5139605784802452,0.0
2022-03-06 00:00:00,0.248274248143301,-0.02617898271091043,0.5217389061641086,0.0
2022-03-13 00:00:00,0.2648862092630629,-0.018001133864794405,0.5452419874049661,0.0
2022-03-20 00:00:00,0.2768991266955,0.005983891315761297,0.5606226119238692,0.0
2022-03-27 00:00:00,0.2716866398868538,0.0008189362618809259,0.5724489916494699,0.0
2022-04-03 00:00:00,0.24873898131981342,-0.038001087031243996,0.51914569871475,0.2275425472397521
2022-04-10 00:00:00,0.2208145213284715,-0.055439632683314394,0.48961805024606425,0.2459949625714503
2022-04-17 00:00:00,0.20254734295627574,-0.09674031180385229,0.47887572066526374,0.2666066784867715
2022-04-24 00:00:00,0.19826027052853956,-0.0670458547983552,0.4862076118364043,0.2598558117020261
2022-05-01 00:00:00,0.20128071491961744,-0.05889583408606716,0.4969826445982025,0.0
2022-05-08 00:00:00,0.2047669844541109,-0.08383340426379221,0.4988726338580012,0.0
2022-05-15 00:00:00,0.21176685449089475,-0.05344108289572458,0.5019725038114147,0.0
2022-05-22 00:00:00,0.23282410840245674,-0.026802367400929006,0.5298157370062316,0.0
2022-05-29 00:00:00,0.27256017595898796,-0.019523831891174293,0.5531359556135611,0.4869011377281373
2022-06-05 00:00:00,0.31897196807649564,0.0341970534453907,0.5872143186166146,0.5549156630941315
2022-06-12 00:00:00,0.3478730965388798,0.059397406069760406,0.6344859593957619,0.5112350507595589
2022-06-19 00:00:00,0.34063898899966705,0.07013287567106716,0.6216162621758127,0.446948148418172
2022-06-26 00:00:00,0.2999664472223876,0.003718135002937717,0.557546823213011,0.3150290194609585
2022-07-03 00:00:00,0.24911032582639037,-0.030428467277266447,0.5422196680640328,0.237851730187974
2022-07-10 00:00:00,0.21474065902147255,-0.06396376135231732,0.47859914132090714,0.2251501819288737
2022-07-17 00:00:00,0.20829194100150966,-0.06033579975288861,0.4880999849236753,0.2219690684221937
2022-07-24 00:00:00,0.22143184489249823,-0.057774322136050243,0.5016283924980396,0.2862502485372342
2022-07-31 00:00:00,0.23761917527407478,-0.046825528092660995,0.5292777166279681,0.2474126774205714
2022-08-07 00:00:00,0.24716430106056464,-0.010145362662176055,0.5395421707359437,0.204272354013156
2022-08-14 00:00:00,0.2517456868876695,-0.04617104043016848,0.5510307612424677,0.2620647200290383
2022-08-21 00:00:00,0.25653932250994116,-0.04199806728083527,0.5373511746985404,0.0
2022-08-28 00:00:00,0.2608523350112799,-0.013434226842919866,0.5485263128714465,0.0
2022-09-04 00:00:00,0.25832211892461515,-0.044767145011760656,0.5645276700931393,0.0
2022-09-11 00:00:00,0.24588526334632987,-0.03159254119808749,0.5081607398117597,0.0
2022-09-18 00:00:00,0.2302102722106535,-0.04392626558423826,0.5038179388407275,0.5844884805400892
2022-09-25 00:00:00,0.2228498236657706,-0.05005743802287643,0.5151150496396308,0.4685811759217367
2022-10-02 00:00:00,0.22828125059066856,-0.04447982454638569,0.5059138767586946,0.4725993690045673
2022-10-09 00:00:00,0.2379067931164764,-0.02416875846953112,0.5218581553748181,0.4743309745336068
2022-10-16 00:00:00,0.2376503342493892,-0.0502437775280396,0.5227054171028178,0.0
2022-10-23 00:00:00,0.2223326697011681,-0.03283393724543615,0.4965107995853534,0.0
2022-10-30 00:00:00,0.20211002552336785,-0.05267717928409435,0.48162189707985364,0.0
2022-11-06 00:00:00,0.19386290285091548,-0.09625870027840014,0.46869547118675997,0.0
2022-11-13 00:00:00,0.2058131181447881,-0.07194306503211578,0.48187179569579636,0.4476069815088144
2022-11-20 00:00:00,0.2305382469779011,-0.037439252713327514,0.5373420266118829,0.4891919973542084
2022-11-27 00:00:00,0.25267697265982025,-0.037834079884583954,0.5122125567771143,0.5407163872260925
2022-12-04 00:00:00,0.2626054754255607,-0.00660292797753434,0.5646837046844896,0.5224846339108847
2022-12-11 00:00:00,0.2621934828817635,-0.008145757497982742,0.5377030903002166,0.4261935613009341
2022-12-18 00:00:00,0.2583745020910984,-0.023076918354673848,0.5350315826943066,0.4909552701667324
2022-12-25 00:00:00,0.2535434575851104,-0.018894241475892082,0.540467758896547,0.5525254996390324
2023-01-01 00:00:00,0.24412953768634932,-0.028498959124610257,0.5186822941269291,0.5303256688933012
2023-01-08 00:00:00,0.2281671738398869,-0.07733485105782131,0.5019806238710827,0.0
2023-01-15 00:00:00,0.2117749449240652,-0.06759196535393211,0.48483694687813433,0.0
2023-01-22 00:00:00,0.20567287407570622,-0.08560105267009724,0.49580852992183455,0.0
2023-01-29 00:00:00,0.21469868084591937,-0.050965580255511095,0.5043388977394685,0.0
2023-02-05 00:00:00,0.2320526193105094,-0.05383785304981678,0.5027187767887205,0.0
2023-02-12 00:00:00,0.24544692749763042,-0.04175766664333802,0.5236523211746185,0.0
2023-02-19 00:00:00,0.2492464642327508,-0.01727070967381597,0.5405338064480801,0.0
2023-02-26 00:00:00,0.249626765426963,-0.006702415405570844,0.537058252818532,0.0
2023-03-05 00:00:00,0.25687387901058056,-0.04054916325852226,0.5364634838413289,0.2704166294949012
2023-03-12 00:00:00,0.2727846520564859,-0.01580631471733579,0.5309413233116856,0.2541950688509814
2023-03-19 00:00:00,0.286730493653852,-0.0034767693369841535,0.5486689802930849,0.2807595767347698
2023-03-26 00:00:00,0.2850834878033958,0.014679858330121948,0.5628226536132087,0.1946287249193475
2023-04-02 00:00:00,0.26465111655247125,-0.026835663783438407,0.5512247630527505,0.495028509036207
2023-04-09 00:00:00,0.2363987871809424,-0.06256577272615113,0.5068888064329549,0.4955618581701435
2023-04-16 00:00:00,0.21569864704046915,-0.08292117216401301,0.5081796590100387,0.4789606883725217
2023-04-23 00:00:00,0.20918716631375034,-0.07164363450961547,0.49988620714765497,0.5304489444211279
2023-04-30 00:00:00,0.21157772487656737,-0.060123995857917334,0.4975773342743677,0.0
2023-05-07 00:00:00,0.21509831024956783,-0.05612246010655578,0.49334905873652535,0.0
2023-05-14 00:00:00,0.22077278268544617,-0.034226103092058674,0.5018047956174032,0.0
2023-05-21 00:00:00,0.23860927152100336,-0.02967702616793913,0.5299849155522174,0.0
2023-05-28 00:00:00,0.2753661297794334,-0.00041136217094972505,0.5598935477018243,0.4804368950645119
2023-06-04 00:00:00,0.3221960116612479,0.019867305675287605,0.5982202904125867,0.4517310591839503
2023-06-11 00:00:00,0.35601886291855933,0.08259624987659367,0.6434837576639094,0.5282043266165571
2023-06-18 00:00:00,0.3557608774279667,0.08488860910925247,0.6415339709266895,0.5396277191349809
2023-06-25 00:00:00,0.3197874417561978,0.0409214278848726,0.5736640720811204,0.4930100837285633
2023-07-02 00:00:00,0.2686044112699668,-0.03181804021286405,0.5407899171112601,0.4882319468033168
2023-07-09 00:00:00,0.2298456546392954,-0.053466172043943216,0.5086779341737364,0.5221883346790496
2023-07-16 00:00:00,0.2185333684211298,-0.058138320362811385,0.5058752582295267,0.49656963478907
2023-07-23 00:00:00,0.2293756200541281,-0.054810643310872154,0.510470280301431,0.6436337547922003
2023-07-30 00:00:00,0.24607118480685178,-0.02215902489331123,0.5202501409323574,0.7884115971779355
2023-08-06 00:00:00,0.2569556593280125,-0.013357747162099226,0.5242628150861112,0.7895574829866007
2023-08-13 00:00:00,0.2619912833101397,-0.027157385845484355,0.5312486042651237,0.7783971650432641
2023-08-20 00:00:00,0.2665605939500223,-0.0003876342816953593,0.550186488707329,1.3005163907597066
2023-08-27 00:00:00,0.2713537190339461,0.002875145231825915,0.5531797017286051,1.3739311124079885
2023-09-03 00:00:00,0.2704998019206562,0.01140818995765025,0.5598240394506528,1.2781637026806
2023-09-10 00:00:00,0.2596309026933133,-0.030344042873632016,0.545361430201367,1.0473887941517053
2023-09-17 00:00:00,0.24367973410193866,-0.03793108608654641,0.5416774215935155,0.5057975241953413
2023-09-24 00:00:00,0.23415342415505755,-0.032835962144198955,0.5360153120141935,0.5096885061551024
2023-10-01 00:00:00,0.2375764148780199,-0.04148953375136269,0.5160689885093215,0.3966792963019449
2023-10-08 00:00:00,0.24751598434652905,-0.018245133943861958,0.5239229601907187,0.5878346733476111
2023-10-15 00:00:00,0.24982740338295717,-0.036004907640466405,0.5286614660003941,0.0
2023-10-22 00:00:00,0.23686514715391452,-0.02803155530637849,0.5026720121639634,0.0
2023-10-29 00:00:00,0.21626909171963038,-0.06683533529506644,0.5013130083265738,0.0
2023-11-05 00:00:00,0.20485543183192234,-0.06545739356325192,0.46732590146945246,0.0
2023-11-12 00:00:00,0.21331673805547854,-0.08045753593031083,0.4927703446488651,0.2384020149423753
2023-11-19 00:00:00,0.23684453382702983,-0.031125825365438314,0.5196414699293384,0.2492766309491329
2023-11-26 00:00:00,0.2604670600218747,-0.01607737214049529,0.517520868991848,0.2371928344473363
2023-12-03 00:00:00,0.27274394124206414,0.0002242019699793818,0.5468536336076942,0.2751285196611554
2023-12-10 00:00:00,0.2736709800415472,-0.006174118521215216,0.5487423210364721,0.0
2023-12-17 00:00:00,0.2700686627873058,-0.004197921203976079,0.5370275055391798,0.0
2023-12-24 00:00:00,0.2655750373761221,0.008122577258085989,0.5472159139246369,0.0
2023-12-31 00:00:00,0.2572953749395877,-0.03868591551295514,0.517092007209518,0.0
2024-01-07 00:00:00,0.24230689537027938,-0.02190455374650177,0.5246632369380628,
2024-01-14 00:00:00,0.22521275682089587,-0.046923095275277965,0.5026211875152674,
2024-01-21 00:00:00,0.21661304819152283,-0.06748338581792149,0.5102086227061811,
2024-01-28 00:00:00,0.2231127493964094,-0.056154627553529846,0.49842225453673705,
2024-02-04 00:00:00,0.23988191904950157,-0.031750395502908674,0.5257951224429386,
2024-02-11 00:00:00,0.25472823958150265,-0.005870367884710015,0.521202677664053,
2024-02-18 00:00:00,0.2600955435544232,-0.002150672821946309,0.5539212000651099,
2024-02-25 00:00:00,0.26027465474501765,-0.03323585094438969,0.5374290865002581,
2024-03-03 00:00:00,0.265787233154071,-0.004287685320188223,0.5583155117807632,
2024-03-10 00:00:00,0.28062981155973976,-0.0036643941482474296,0.5448833100771497,
2024-03-17 00:00:00,0.2960338196137531,0.026902554112829893,0.5946850994283804,
2024-03-24 00:00:00,0.29783937628051715,0.051514684879268524,0.5778673319595693,
2024-03-31 00:00:00,0.2803011821902739,0.0038908486814066834,0.5624994867072608,
2024-04-07 00:00:00,0.2522504526095306,-0.009536338302538555,0.5326759749054457,
2024-04-14 00:00:00,0.2293382670930113,-0.0452019581208781,0.505589530047454,
2024-04-21 00:00:00,0.22040509643881695,-0.05976828573249679,0.4947079146385543,
2024-04-28 00:00:00,0.22188359303518562,-0.047908003242697006,0.49141021119603745,
2024-05-05 00:00:00,0.22547006717875512,-0.043641851716494234,0.5114171215602621,
2024-05-12 00:00:00,0.23017473797352267,-0.04441551988755549,0.4933908276040164,
2024-05-19 00:00:00,0.245043418695797,-0.03702095998334454,0.5368404620064753,
2024-05-26 00:00:00,0.27853594459209663,0.009597939450902926,0.5574798175843639,
2024-06-02 00:00:00,0.32500069010138755,0.03634879008696898,0.606749381795064,
2024-06-09 00:00:00,0.36302199654346445,0.08924729672960327,0.6567302663426984,
2024-06-16 00:00:00,0.3696798435406907,0.09554587721649932,0.6516021708542996,
2024-06-23 00:00:00,0.3391032443904439,0.05449077359678296,0.6299733081982098,
2024-06-30 00:00:00,0.28853200215483915,0.0328931743788949,0.5789044315111959,
2024-07-07 00:00:00,0.24588493644604795,-0.038978072851669265,0.5450846996848264,
2024-07-14 00:00:00,0.22951201161545062,-0.06568994332665062,0.5234611995027301,
2024-07-21 00:00:00,0.2374904623652046,-0.05523072052294051,0.5059512475758945,
2024-07-28 00:00:00,0.25430256421322917,-0.02709141080860436,0.5286459397844461,
2024-08-04 00:00:00,0.26654505349634394,-0.020298963020086602,0.5516891751870556,
2024-08-11 00:00:00,0.27223760191054147,-0.004878799249012744,0.5503490635168511,
2024-08-18 00:00:00,0.27661007027990514,-0.004060246714658128,0.5449376701301594,
2024-08-25 00:00:00,0.2816710806331572,-0.017770466052657058,0.5561060068910408,
2024-09-01 00:00:00,0.2823298091692376,0.005837268153611075,0.5491002162027125,
2024-09-08 00:00:00,0.2731938268913311,5.177212597984315e-05,0.5538980285742958,
2024-09-15 00:00:00,0.25736828687944835,-0.025926116720967313,0.5125701003293399,
2024-09-22 00:00:00,0.24590871851838692,-0.023627408624604024,0.52015508049409,
2024-09-29 00:00:00,0.2471029601197558,-0.029847637960543544,0.5206892854200724,
2024-10-06 00:00:00,0.25686303940235605,-0.01633958033424182,0.5430620674799063,
2024-10-13 00:00:00,0.26147201573597806,-0.01896649807463624,0.5232322565609948,
2024-10-20 00:00:00,0.2511268312505651,-0.013172597388037943,0.5185303064342504,
2024-10-27 00:00:00,0.23073916154521046,-0.0713298881469096,0.507324698706769,
2024-11-03 00:00:00,0.21652763727115137,-0.04592851769044953,0.5080748258417107,
2024-11-10 00:00:00,0.22133030361681455,-0.03005148192366819,0.492769371677303,
2024-11-17 00:00:00,0.24314227346978484,-0.03672377408458086,0.5456035876931329,
2024-11-24 00:00:00,0.26786073784300957,-0.0005322497258354597,0.5659895923968907,
2024-12-01 00:00:00,0.2825007654981886,-0.014533763520150289,0.5476601530623637,
2024-12-08 00:00:00,0.2850151128823649,-0.008178441721097496,0.5690730221406761,
2024-12-15 00:00:00,0.28175538579575155,-0.0005477755744647539,0.5600200586706388,
2024-12-22 00:00:00,0.2774864071745837,0.014441102888207297,0.5591061977400376,
2024-12-29 00:00:00,0.2702240916440502,0.005797151448645038,0.5557752605643015,
2025-01-05 00:00:00,0.2563604491704511,-0.026413580900013223,0.5308209577991756,
2025-01-12 00:00:00,0.23893271915589165,-0.04238713296707591,0.5119332114611548,
2025-01-19 00:00:00,0.22806889778681194,-0.059227094963630544,0.49445850378120704,
2025-01-26 00:00:00,0.23187655048452938,-0.04744470332437595,0.518518224291447,
2025-02-02 00:00:00,0.24763603486489472,-0.011991764710758135,0.5259420082264803,
2025-02-09 00:00:00,0.263671516234175,0.015994300251516907,0.5408332736146493,
2025-02-16 00:00:00,0.2707601830698582,-0.005738494499813229,0.5375355810362288,
2025-02-23 00:00:00,0.27111206020830536,-0.002064722094497151,0.5527856181962612,
2025-03-02 00:00:00,0.27503653332208733,-0.005835849864443743,0.5244604185187243,
2025-03-09 00:00:00,0.2885093961339941,-0.011217396502633398,0.5697014587183873,
2025-03-16 00:00:00,0.3048787487963349,0.029706230346956575,0.5892213079928776,
2025-03-23 00:00:00,0.3099352392374787,0.04314968409886476,0.5532208756948802,
2025-03-30 00:00:00,0.2955960908293486,0.03299544390684152,0.5602338768364266,
2025-04-06 00:00:00,0.26828681130441634,-0.01676202934670848,0.5545924963106581,
2025-04-13 00:00:00,0.24346102909265271,-0.026940809402135002,0.5135226646320401,
2025-04-20 00:00:00,0.23196903092959736,-0.06374297792920539,0.5011788996496521,
2025-04-27 00:00:00,0.23223404500755462,-0.04954117310136438,0.5142636211524101,
2025-05-04 00:00:00,0.23584615730110792,-0.04972083724294821,0.5159252708096811,
2025-05-11 00:00:00,0.2399010239300294,-0.0388324865122458,0.5184048789283815,
2025-05-18 00:00:00,0.2521124870937883,-0.021333709555914793,0.5185706575457416,
2025-05-25 00:00:00,0.28216641995985536,-0.005209712381582993,0.5897094220730157,
2025-06-01 00:00:00,0.3275418044127517,0.07433879609096175,0.5968068458548397,
2025-06-08 00:00:00,0.36897620253451163,0.09676798447116568,0.6631659179298737,
2025-06-15 00:00:00,0.38234464167556703,0.09756679271456896,0.6594374520605846,
2025-06-22 00:00:00,0.35775089242688385,0.07813763679012764,0.643598330921607,
2025-06-29 00:00:00,0.308740774231116,0.03597666684802826,0.5910395122762672,
2025-07-06 00:00:00,0.26282117986882514,-0.0020023786622321016,0.534718993055916,
2025-07-13 00:00:00,0.24130567367392408,-0.031213119230428188,0.5030294344489853,
2025-07-20 00:00:00,0.24587880709847287,-0.039662638509136594,0.5237107110447444,
2025-07-27 00:00:00,0.26235327383128626,-0.01270590773120947,0.544042545478626,
2025-08-03 00:00:00,0.27590455971021455,0.027560584033616817,0.54311981865321,
2025-08-10 00:00:00,0.28245293564540835,0.017721929845529866,0.5513092202197909,
2025-08-17 00:00:00,0.2867042708166171,0.002025609854886562,0.5653190084825941,
2025-08-24 00:00:00,0.2918497039389438,0.020326771513471786,0.5651075622368272,
2025-08-31 00:00:00,0.29382172910002213,0.01990983491429224,0.5626640511752627,
2025-09-07 00:00:00,0.28651869430968957,7.732214711228536e-05,0.5524698726353743,
2025-09-14 00:00:00,0.27120355148512276,0.0002048530015797967,0.5373107244499338,
2025-09-21 00:00:00,0.25810441942721857,-0.024429492793310553,0.5233395542678858,
2025-09-28 00:00:00,0.2569319104520586,-0.022883527721958813,0.542773006648291,
2025-10-05 00:00:00,0.2660347025797738,-0.008127747960842535,0.5352738003654752,
2025-10-12 00:00:00,0.27259611492030816,0.0035410524852876046,0.5535148524756455,
2025-10-19 00:00:00,0.26503457602023117,0.010455190342902376,0.5480442873392017,
2025-10-26 00:00:00,0.24541620880846865,-0.024017699105863044,0.5343108189233158,
2025-11-02 00:00:00,0.22885017663224494,-0.04430037117782715,0.5417977308234949,
2025-11-09 00:00:00,0.229921622650841,-0.03925342671350865,0.4999493006831283,
2025-11-16 00:00:00,0.24952832066265151,-0.018627287520517538,0.5146912856791324,
2025-11-23 00:00:00,0.27489974714417975,0.011096420829162734,0.5522154941765363,
2025-11-30 00:00:00,0.2918462943297649,0.014600836209356566,0.5717328659341024,
2025-12-07 00:00:00,0.2961813219194096,0.037517909835166924,0.5615293597131674,
2025-12-14 00:00:00,0.2934316554856533,0.021803953315401678,0.5866510821836657,
2025-12-21 00:00:00,0.289307834343728,0.014396510993771316,0.5700925265036298,
2025-12-28 00:00:00,0.28292191369438163,0.014780156818957113,0.5602145681903037,
2026-01-04 00:00:00,0.2702780611290317,-0.00852923458117319,0.5429425680958302,
2026-01-11 00:00:00,0.2528672514207363,-0.03044849935729335,0.5551259543321398,
2026-01-18 00:00:00,0.2400248585167713,-0.03469275511259498,0.5160603628285623,
2026-01-25 00:00:00,0.2410484950223345,-0.03376618901963788,0.5265945863407617,
2026-02-01 00:00:00,0.2553916778413683,-0.013695342786082393,0.5276558405166463,
2026-02-08 00:00:00,0.2722950115031011,-0.012278415273110965,0.5506350737744865,
2026-02-15 00:00:00,0.2811853889013565,-0.003933480851032234,0.546987608052506,
2026-02-22 00:00:00,0.28207621288471035,0.0011094992141397475,0.5641921553430009,
2026-03-01 00:00:00,0.2846282846119981,0.0015443851325842861,0.573089766041246,
2026-03-08 00:00:00,0.2965043335046819,0.019046596781505193,0.5632050869132597,
2026-03-15 00:00:00,0.31334501068750115,0.028532327825341666,0.6023653133134432,
2026-03-22 00:00:00,0.3213696199475434,0.04118884108921354,0.6051062620211303,
2026-03-29 00:00:00,0.3104508591199985,0.030659240206144384,0.5760543535380163,
2026-04-05 00:00:00,0.2844166084981825,0.014889972788639932,0.5559271743463785,
2026-04-12 00:00:00,0.25804646880234416,-0.02120465997144652,0.5326421569757382,
2026-04-19 00:00:00,0.24392823491987664,-0.04142386153500019,0.5164655358607748,
2026-04-26 00:00:00,0.24267411188238402,-0.04688670455527458,0.5123915191322241,
2026-05-03 00:00:00,0.24620338253986013,-0.040373797488836266,0.5261631463267791,
2026-05-10 00:00:00,0.24987998005202133,-0.015153342514587081,0.5391086696646021,
2026-05-17 00:00:00,0.25978574736994764,-0.02044919010984353,0.5347782085252968,
2026-05-24 00:00:00,0.28633517224537774,0.020250374850049074,0.568393403369979,
2026-05-31 00:00:00,0.3299727395536866,0.04986337651938669,0.6076636684216464,
2026-06-07 00:00:00,0.3739949415477364,0.09431449092222952,0.6505430246791593,
2026-06-14 00:00:00,0.39373113511350233,0.12126257949995624,0.6709287122267074,
2026-06-21 00:00:00,0.375579793693629,0.09235858422655688,0.6414338350211477,
2026-06-28 00:00:00,0.3290667759482087,0.05178757404061607,0.597269753006975,
2026-07-05 00:00:00,0.2805930338535848,-0.0025513750192160123,0.5696999258264726,
2026-07-12 00:00:00,0.25397661087308115,-0.03910411376683212,0.5621896756103517,
2026-07-19 00:00:00,0.254646586159881,-0.018787465338441306,0.5378667025843012,
2026-07-26 00:00:00,0.27027761485244384,-0.014147675608444682,0.5340359579077099,
2026-08-02 00:00:00,0.28501479460910184,0.023564543765741103,0.5729161727636491,
2026-08-09 00:00:00,0.2926009158968148,0.011553177920075819,0.5705741932773083,
2026-08-16 00:00:00,0.29685028727774554,0.018493443223714295,0.5845838837305377,
2026-08-23 00:00:00,0.3019341416649737,0.007184989898424282,0.5822210006649648,
2026-08-30 00:00:00,0.30499569911728663,0.02993133196659463,0.5904239569211558,
2026-09-06 00:00:00,0.299560350535105,0.036719307362963985,0.5830946205870167,
2026-09-13 00:00:00,0.28511015635521986,0.006025508890585007,0.5560615030450018,
2026-09-20 00:00:00,0.27071417588970104,-0.0051959957510024635,0.5401755746773241,
2026-09-27 00:00:00,0.2671223003312401,-0.0409096239419888,0.5404976770148747,
2026-10-04 00:00:00,0.2751222173678388,0.01329039024705056,0.5603307697277145,
2026-10-11 00:00:00,0.28322944605653655,-0.012873666815738899,0.5503687999347426,
2026-10-18 00:00:00,0.27851899274478065,-0.00903571556866023,0.584794486562372,
2026-10-25 00:00:00,0.26019211494244393,-0.01786556559335989,0.533016892225604,
2026-11-01 00:00:00,0.24177576191744435,-0.04831618236180199,0.5349532780258438,
2026-11-08 00:00:00,0.23914412753019593,-0.04469388289014373,0.5101571881520885,
2026-11-15 00:00:00,0.2561014039225641,-0.029167516962236156,0.527117504245713,
2026-11-22 00:00:00,0.2816394747932319,-0.0028856340599931474,0.5529119098798352,
2026-11-29 00:00:00,0.3007608948313941,0.025672434120953713,0.5551076505569082,
2026-12-06 00:00:00,0.30712239340018543,0.03499839001664844,0.58438674447657,
2026-12-13 00:00:00,0.30508545108026675,0.038027706715157636,0.5936468734739092,
2026-12-20 00:00:00,0.3010672824366145,0.02969877471753289,0.5845236809683663,
2026-12-27 00:00:00,0.2954034411776777,0.0023447357629054755,0.5723956068083356,
2027-01-03 00:00:00,0.2840191537170479,0.0011640015180571506,0.5798713927523858,
2027-01-10 00:00:00,0.26694668963748214,-0.0020497492282179064,0.5416640932486281,
2027-01-17 00:00:00,0.25245219376752165,-0.024998283234877322,0.5598702209551467,
2027-01-24 00:00:00,0.2506759337670884,-0.030743521453163752,0.5444293598590588,
2027-01-31 00:00:00,0.26322852344573,0.0010253651311408485,0.5147227335932762,
2027-02-07 00:00:00,0.2806310893616709,-0.006981088268869062,0.537572352698648,
2027-02-14 00:00:00,0.2913262523816509,0.01261509380267381,0.5639996760603934,
2027-02-21 00:00:00,0.2930991176439872,0.004463337939725226,0.5877239284436798,
2027-02-28 00:00:00,0.2945534658566757,0.023703927863848256,0.5804372757393442,
2027-03-07 00:00:00,0.304686130031353,0.019036684934529313,0.590767953556083,
2027-03-14 00:00:00,0.32151962321024163,0.042574559994199596,0.5809226012056096,
2027-03-21 00:00:00,0.3321585907670359,0.05530329861290889,0.6149786052074502,
2027-03-28 00:00:00,0.3247913108558732,0.04279948665477608,0.6052929865975972,
2027-04-04 00:00:00,0.30054273208769966,0.005715787021586621,0.5964357560634115,
2027-04-11 00:00:00,0.2730587822391939,0.005452031282443287,0.5386710383932729,
2027-04-18 00:00:00,0.2563236614703849,-0.016546111682489095,0.5271976489994006,
2027-04-25 00:00:00,0.25325586747192286,-0.03834220080709605,0.5445449170152374,
2027-05-02 00:00:00,0.2565321155002439,-0.010785208316079181,0.54959104649193,
2027-05-09 00:00:00,0.2600431049672037,-0.033181519720189706,0.538183402729945,
2027-05-16 00:00:00,0.2680181871734715,-0.0217114334302759,0.5382065934431732,
2027-05-23 00:00:00,0.2910995482551666,0.013278704065931596,0.5595349939504428,
2027-05-30 00:00:00,0.332440476837501,0.05035012856635901,0.6078789037503124,
2027-06-06 00:00:00,0.37820804624889987,0.09703131953633928,0.6630526782986887,
2027-06-13 00:00:00,0.40384267116077166,0.12709703236204425,0.6946374775856361,
2027-06-20 00:00:00,0.39245562568348247,0.11769952838936604,0.6753667201631715,
2027-06-27 00:00:00,0.34933841444714125,0.0664154482812419,0.640723543923243,
2027-07-04 00:00:00,0.2991158058590204,0.029188153056134772,0.5746152207754482,
2027-07-11 00:00:00,0.2675687275743359,-0.015518517003285298,0.5296455923015049,
2027-07-18 00:00:00,0.2638999258705071,-0.012808947473141319,0.5535336646841934,
2027-07-25 00:00:00,0.2781435132197152,-0.01943140245064931,0.5562670203104046,
2027-08-01 00:00:00,0.29386695152294584,-0.0024803281537664756,0.5695496931154906,
2027-08-08 00:00:00,0.30264265182980765,0.02361014065632122,0.575377707830802,
2027-08-15 00:00:00,0.30704555926849614,0.03932408187602948,0.5776499340631336,
2027-08-22 00:00:00,0.3119660076456076,0.027861207844870353,0.6031238930484863,
2027-08-29 00:00:00,0.31588093375564363,0.03772360877564651,0.6161905271574389,
2027-09-05 00:00:00,0.3122850414624917,0.03734399940877847,0.5651308234556776,
2027-09-12 00:00:00,0.2990125276521751,0.030935703598821113,0.5978816082229247,
2027-09-19 00:00:00,0.2836978760379584,0.01817239384953631,0.5634718010237927,
2027-09-26 00:00:00,0.27771933310589714,-0.014567138048845962,0.5578849275668306,
2027-10-03 00:00:00,0.28421804755541624,0.004286456397670724,0.5781648455523967,
2027-10-10 00:00:00,0.29341822848512467,0.02813584356757727,0.5692969042598452,
2027-10-17 00:00:00,0.29152655270514327,0.03425019215396562,0.5516692953968038,
2027-10-24 00:00:00,0.27495814061634916,-0.015271873652055235,0.5690687387003837,
2027-10-31 00:00:00,0.2552405375337016,-0.032949815326188875,0.5218950341687731,
2027-11-07 00:00:00,0.24903491905240377,-0.03678510307398972,0.532077693070927,
2027-11-14 00:00:00,0.2629590272785247,-0.014378481351178612,0.5365962301641498,
2027-11-21 00:00:00,0.28814787918868745,0.004693661342659361,0.5471107476380168,
2027-11-28 00:00:00,0.30923666389000026,0.02003309548668733,0.57014140862141,
2027-12-05 00:00:00,0.31779068406963606,0.03244077696850772,0.6057290388537525,
2027-12-12 00:00:00,0.3166958982581467,0.05169756848475987,0.6057296170958242,
2027-12-19 00:00:00,0.31278849595934427,0.03928588373414628,0.6000501527245521,
2027-12-26 00:00:00,0.3076901419515238,0.03923050310969846,0.5935251176755518,
2028-01-02 00:00:00,0.29755325034267355,0.02157590129743356,0.5717813693642603,
2028-01-09 00:00:00,0.28110175895744915,-0.004583489633706778,0.5728932382988089,
2028-01-16 00:00:00,0.26531025111935536,-0.012567441556908365,0.5392763832317966,
2028-01-23 00:00:00,0.2607936326216651,-0.028052612989520498,0.5213935770610569,
2028-01-30 00:00:00,0.2712264131919657,0.006609866290600674,0.5543438907075615,
2028-02-06 00:00:00,0.2887251631272032,0.013953511645750039,0.5645047802597545,
2028-02-13 00:00:00,0.3011498468925669,0.032561619523110805,0.6108350637713722,
2028-02-20 00:00:00,0.30411043623077494,0.02618560543673347,0.5850572193690055,
2028-02-27 00:00:00,0.3047882958715262,0.03729647043888226,0.5658079593816392,
2028-03-05 00:00:00,0.3131146020523479,0.03144623767766751,0.5956068941334021,
2028-03-12 00:00:00,0.329493869819108,0.0413896877583568,0.592167259268356,
2028-03-19 00:00:00,0.3423350793741641,0.08825176028952064,0.6401820593748794,
2028-03-26 00:00:00,0.3385564327318481,0.06389865577929117,0.6117814155725847,
2028-04-02 00:00:00,0.31656515620104775,0.03502152407280047,0.5920785879124145,
2028-04-09 00:00:00,0.288447355133605,-0.0023063638048258783,0.576522335214027,
2028-04-16 00:00:00,0.2691856368674662,-0.01975529708738874,0.5426645822146046,
2028-04-23 00:00:00,0.2640358571483728,-0.02534653258484801,0.5550308195993918,
2028-04-30 00:00:00,0.2668363762575744,-0.012554215592264967,0.5417775099040527,
2028-05-07 00:00:00,0.2703279296239847,0.001285507134239583,0.5538568936060171,
2028-05-14 00:00:00,0.27675328970923907,0.002859432844798393,0.5372936745837307,
2028-05-21 00:00:00,0.2964962293737212,0.033151060388301776,0.5813012700828115,
2028-05-28 00:00:00,0.3350819192323743,0.05083795678190438,0.6304540033011887,
2028-06-04 00:00:00,0.3817579366714854,0.10087746548520546,0.6625940980233802,
2028-06-11 00:00:00,0.41270968423527005,0.13876376942783913,0.7131075600530032,
2028-06-18 00:00:00,0.4082637964757422,0.11109516176180027,0.6644465647620863,
2028-06-25 00:00:00,0.3693807285190389,0.10583709030219068,0.6436941295947978,
2028-07-02 00:00:00,0.3182828648829188,0.03437869044942557,0.615861482644062,
2028-07-09 00:00:00,0.28210523748544114,-0.009682121395765464,0.5512952107633299,
2028-07-16 00:00:00,0.273741659369121,0.008617996684649104,0.5478106695800659,
2028-07-23 00:00:00,0.2860312246428808,0.00033481162170281853,0.580444631698958,
2028-07-30 00:00:00,0.302464487578175,0.03113256064491697,0.5661642514260447,
2028-08-06 00:00:00,0.31253908495165617,0.041245992448859264,0.5928778001877301,
2028-08-13 00:00:00,0.31727814095687534,0.03995919134492598,0.5742381688430067,
2028-08-20 00:00:00,0.32198195809494967,0.06445147464761823,0.6150924400924318,
2028-08-27 00:00:00,0.3265139112072466,0.055741837276007206,0.6023654143788761,
2028-09-03 00:00:00,0.32467113310267837,0.06670880178360898,0.6052426006935521,
2028-09-10 00:00:00,0.3128376062530692,0.019936172480026798,0.5952630943616003,
2028-09-17 00:00:00,0.2970034215548126,0.026646638809586565,0.574349620049986,
2028-09-24 00:00:00,0.288753071893998,-0.00788330643756191,0.5672925900600443,
2028-10-01 00:00:00,0.2934126085474065,-0.0012453817514894994,0.592221086119679,
2028-10-08 00:00:00,0.3032232741521744,-0.003078181293216631,0.5794825502948033,
2028-10-15 00:00:00,0.3040211345526672,0.017364184685541267,0.5664478637413659,
2028-10-22 00:00:00,0.2896084166972578,-0.00040478019209530536,0.5686208167437454,
2028-10-29 00:00:00,0.26916602541528,-0.012074887625104669,0.5400330353456556,
2028-11-05 00:00:00,0.25961332924449637,-0.021113357961840495,0.5441638391738903,
2028-11-12 00:00:00,0.27019432120140674,-0.02666939779776034,0.5540935792361401,
2028-11-19 00:00:00,0.29450389855924725,0.004191631646696892,0.5687085685524028,
2028-11-26 00:00:00,0.31727874074576323,0.023677001272618597,0.5945173019074935,
2028-12-03 00:00:00,0.3281404828499356,0.056366672428329476,0.6000218101349409,
2028-12-10 00:00:00,0.3282338858428868,0.045740501009276166,0.6273924984784538,
2028-12-17 00:00:00,0.32448931430198225,0.055241650689654045,0.5927585440506845,
2028-12-24 00:00:00,0.3198085666038671,0.044730877558808224,0.6059326339167652,
2028-12-31 00:00:00,0.3108604197599877,0.03823751167122762,0.5778001024618942,
2029-01-07 00:00:00,0.29526595161180247,0.025162805809824954,0.554131572926962,
2029-01-14 00:00:00,0.27854812756958813,0.015069088146529797,0.5637336942004236,
2029-01-21 00:00:00,0.2714227216720363,-0.005966297671142373,0.5536129382681931,
2029-01-28 00:00:00,0.27946256311820883,0.00848419496859737,0.5900904153744657,
2029-02-04 00:00:00,0.2966341454376371,0.0012775431207469323,0.5874504821603281,
2029-02-11 00:00:00,0.31063665818534014,0.006860196789020528,0.572846756077396,
2029-02-18 00:00:00,0.3150404358833524,0.03904977568607247,0.5823908584877633,
2029-02-25 00:00:00,0.3152955422342383,0.047623410146727274,0.6063283639709779,
2029-03-04 00:00:00,0.32183605918302044,0.05050817242657435,0.6134373903725376,
2029-03-11 00:00:00,0.3373601592315477,0.04908408433331622,0.6095697221872645,
2029-03-18 00:00:00,0.35194762530013846,0.0643860182649808,0.6263895746832047,
2029-03-25 00:00:00,0.3517002972119167,0.07243655628516965,0.6259611793715962,
2029-04-01 00:00:00,0.3323840320951559,0.042857344359999675,0.5866671461400447,
2029-04-08 00:00:00,0.3041478563324017,0.028074062302572797,0.5732174124884541,
2029-04-15 00:00:00,0.28253192900120505,0.027214946370651194,0.5806704867548056,
2029-04-22 00:00:00,0.27507232007798754,-0.02451670354146046,0.5598729802377918,
2029-04-29 00:00:00,0.2771333207181736,-0.007349094298538195,0.5683900771731469,
2029-05-06 00:00:00,0.2806805397947607,0.013694815011906364,0.5767483271699907,
2029-05-13 00:00:00,0.28592609971503213,0.008697895345147116,0.5485135146585562,
2029-05-20 00:00:00,0.30254152193739403,0.027519904675109216,0.5785605772207763,
2029-05-27 00:00:00,0.33802063931796233,0.06545131760995117,0.6017581015871453,
2029-06-03 00:00:00,0.3847955559550924,0.11076562448108897,0.659284627945588,
2029-06-10 00:00:00,0.4203885434092831,0.15551571083320154,0.6969737190096164,
2029-06-17 00:00:00,0.42291236177519886,0.13195188764403715,0.6846643045057295,
2029-06-24 00:00:00,0.3890198208892875,0.09402095522271162,0.6653698602612601,
2029-07-01 00:00:00,0.3379677327988039,0.058585421528930565,0.6222538978673007,
2029-07-08 00:00:00,0.2975868820899833,0.0129361415069639,0.6019110446365818,
2029-07-15 00:00:00,0.28426777004073733,0.016025063041331278,0.5827851159747062,
2029-07-22 00:00:00,0.294031487518094,0.030482657028394464,0.5588885217628174,
2029-07-29 00:00:00,0.3108243798713505,0.04369511082096478,0.5890598012759015,
2029-08-05 00:00:00,0.3222534619774419,0.06158390736036065,0.6084369490955353,
2029-08-12 00:00:00,0.3275274522521482,0.012634757008478298,0.6103124968468134,
2029-08-19 00:00:00,0.33201194963610503,0.0668851112102543,0.6275326739722091,
2029-08-26 00:00:00,0.33693630065551194,0.060882964786476104,0.6194076042384222,
2029-09-02 00:00:00,0.33670931966091877,0.06802053652594518,0.61692684151643,
2029-09-09 00:00:00,0.3265173880764085,0.036645805479238305,0.5980000251924424,
2029-09-16 00:00:00,0.31056889797020726,0.037797334542364766,0.5990775788876272,
2029-09-23 00:00:00,0.30023770170495884,0.03316700325474686,0.5908891651948274,
2029-09-30 00:00:00,0.3027911262506052,0.02328332008144962,0.5640695638690163,
2029-10-07 00:00:00,0.3127176235152943,0.047854237110039624,0.5842035006419242,
2029-10-14 00:00:00,0.3159849643552337,0.034262886493635694,0.5784018605302456,
2029-10-21 00:00:00,0.304043332251673,0.050375417902182223,0.583285024713327,
2029-10-28 00:00:00,0.28346157326038046,0.022358505296559902,0.5718585737284859,
2029-11-04 00:00:00,0.27088006216817295,-0.00287992500946771,0.5238127344314962,
2029-11-11 00:00:00,0.2778929576210369,-0.0024334205342173565,0.556043629683553,
2029-11-18 00:00:00,0.3007953886566149,0.026990553540006165,0.6029450072545854,
2029-11-25 00:00:00,0.3249061572018408,0.046768479963200854,0.618258979098299,
2029-12-02 00:00:00,0.3381304106845213,0.057363239710391964,0.6253805427586595,
2029-12-09 00:00:00,0.3396631282357833,0.05215611108367402,0.6167572852617792,
2029-12-16 00:00:00,0.3361802931706342,0.062173626908667776,0.6088798972498375,
2029-12-23 00:00:00,0.3317883674215922,0.05585688416656098,0.6158164365590867,
2029-12-30 00:00:00,0.32393125026171354,0.048567228331194784,0.5937364366478237,
2030-01-06 00:00:00,0.3093777167214399,0.04078261699874211,0.5740995744480273,
2030-01-13 00:00:00,0.29210667251534345,0.03732900836057862,0.570904106901442,
2030-01-20 00:00:00,0.2825701520047065,0.0024591249400397197,0.5459765623297941,
2030-01-27 00:00:00,0.28800888400908403,-0.0012014384582810511,0.5742494934424518,
2030-02-03 00:00:00,0.30442447016969515,0.041800280012772986,0.5764568477492026,
2030-02-10 00:00:00,0.3197814970261701,0.05323996329684841,0.6069389350250269,
2030-02-17 00:00:00,0.32582289263102493,0.0369946167217764,0.611273632934765,
2030-02-24 00:00:00,0.3260263203569772,0.03565423151947998,0.612955095226346,
2030-03-03 00:00:00,0.3308820026562444,0.051721266610809655,0.6097719305424373,
2030-03-10 00:00:00,0.34520888061561605,0.038661086402491274,0.6333120823678466,
2030-03-17 00:00:00,0.3610586111800609,0.07322862793901405,0.6364203930746357,
2030-03-24 00:00:00,0.36419348246973293,0.0714780676558453,0.6604032238219653,
2030-03-31 00:00:00,0.3479028155302795,0.056564906755545624,0.6117387478606042,
2030-04-07 00:00:00,0.3200838591832984,0.046100754842585204,0.5929594343822218,
2030-04-14 00:00:00,0.29636627510701496,0.003520874195249074,0.5883439528196686,
2030-04-21 00:00:00,0.2864223139012369,-0.012763304040757234,0.5699471324403421,
2030-04-28 00:00:00,0.2874521677947466,0.003969466293963053,0.5560676017048087,
2030-05-05 00:00:00,0.2910576612452608,0.00787520341566808,0.5723319525614481,
2030-05-12 00:00:00,0.29546646094473467,0.017806337811147765,0.5965475951926175,
2030-05-19 00:00:00,0.3092323065534338,0.029651706886776888,0.5952605368500288,
2030-05-26 00:00:00,0.3413641443651788,0.04455132780911747,0.6272880483812786,
2030-06-02 00:00:00,0.3874761557809582,0.10727789361737591,0.6776267899387876,
2030-06-09 00:00:00,0.42695968473727225,0.1570448356061559,0.7183297149545798,
2030-06-16 00:00:00,0.4363343094722022,0.1690375479661053,0.7196175262807649,
2030-06-23 00:00:00,0.4080873160976529,0.14573206653021986,0.6868071808488381,
2030-06-30 00:00:00,0.35802681129232933,0.06809455111973323,0.6338163384134081,
2030-07-07 00:00:00,0.3139907798561289,0.024027324382314114,0.5599011164564017,
2030-07-14 00:00:00,0.29556388746836904,0.01499932453539446,0.5690095590848283,
2030-07-21 00:00:00,0.30224317172041937,0.030912526670974633,0.5680520454601822,
2030-07-28 00:00:00,0.3189778838233376,0.049906441342495195,0.5933151267182082,
2030-08-04 00:00:00,0.33175382260540237,0.03959703319827998,0.5979144855593883,
2030-08-11 00:00:00,0.3377654875795163,0.06432205925800284,0.6076666837000746,
2030-08-18 00:00:00,0.3420778505731326,0.056947366528720345,0.6244208903753066,
2030-08-25 00:00:00,0.3471927228131429,0.08648488945558327,0.6313512316831441,
2030-09-01 00:00:00,0.34840232215738937,0.0456843786777722,0.6231073047508076,
2030-09-08 00:00:00,0.3399911927700743,0.06306280953524694,0.6302404228212519,
2030-09-15 00:00:00,0.3243250511515706,0.06365844642951266,0.5875242740023257,
2030-09-22 00:00:00,0.312171379964536,0.045947157092638524,0.6030219542442941,
2030-09-29 00:00:00,0.3124307349748281,0.04347863115226734,0.5805120647712994,
2030-10-06 00:00:00,0.321983787816791,0.05289196193558189,0.5832943387510431,
2030-10-13 00:00:00,0.32741891846293925,0.07230825648366519,0.6180313288526098,
2030-10-20 00:00:00,0.3181727008392184,0.0535117877640436,0.6074862645879957,
2030-10-27 00:00:00,0.29802722305909984,0.014969301336653584,0.5817258087242774,
2030-11-03 00:00:00,0.28281695112866273,0.026144591545234144,0.5519734044102766,
2030-11-10 00:00:00,0.2861302432969739,0.008668119475848196,0.5493987416846562,
2030-11-17 00:00:00,0.3071166558011556,0.040011950548578604,0.6002097479229895,
2030-11-24 00:00:00,0.3321521767199519,0.054840077689030334,0.6172157251212509,
2030-12-01 00:00:00,0.3477257564217765,0.07728746957487545,0.6279282156521058,
2030-12-08 00:00:00,0.3509416349105088,0.08307359874413474,0.6134883111189646,
2030-12-15 00:00:00,0.3478636989503905,0.06482212806291605,0.6167018326718557,
2030-12-22 00:00:00,0.34366021212392467,0.06830941495681098,0.6126691837428069,
2030-12-29 00:00:00,0.33676636307259594,0.058826878188256757,0.6318273246096782,
2031-01-05 00:00:00,0.3233823771229516,0.05406781881690999,0.590860335742753,
2031-01-12 00:00:00,0.3059207449649206,0.03760354663629077,0.6036857727245074,
2031-01-19 00:00:00,0.2942286743770617,0.007803369295165341,0.5775164649782631,
2031-01-26 00:00:00,0.29692951319135874,0.009310610380912326,0.5791657479786787,
2031-02-02 00:00:00,0.31216976349585956,0.04625795772489502,0.5947729914699366,
2031-02-09 00:00:00,0.32859386277575814,0.03549588913631471,0.5917528400161636,
2031-02-16 00:00:00,0.33639784064666456,0.05366341701964081,0.6003009147333117,
2031-02-23 00:00:00,0.33692231269006434,0.06292635530000147,0.6088635779739502,
2031-03-02 00:00:00,0.3402683827008878,0.0736284002011685,0.6213824223767708,
2031-03-09 00:00:00,0.3531253670174173,0.09223018224212373,0.6434991883103691,
2031-03-16 00:00:00,0.36974203218449786,0.08669803677100775,0.663522363824322,
2031-03-23 00:00:00,0.3760239374674592,0.09753359229610851,0.6439216953556999,
2031-03-30 00:00:00,0.36303131807837286,0.07788171011046523,0.630778919525976,
2031-04-06 00:00:00,0.33616893532659325,0.05777056749549836,0.6040517299607769,
2031-04-13 00:00:00,0.310677428059539,0.03199761452892326,0.567779259835592,
2031-04-20 00:00:00,0.29813885414361135,0.03935370182557836,0.5807372648769624,
2031-04-27 00:00:00,0.29783261315159104,0.037914941695748244,0.582596769538558,
2031-05-04 00:00:00,0.30142823789115347,0.0063166204371266355,0.5802485741815256,
2031-05-11 00:00:00,0.3053023050862433,0.035262074139276,0.596378872743734,
2031-05-18 00:00:00,0.3165475971868017,0.043958232912106196,0.5817720916270286,
2031-05-25 00:00:00,0.34520173468508786,0.05458759897217459,0.6144900510656126,
2031-06-01 00:00:00,0.38995506433201643,0.11492467196524309,0.678808269179833,
2031-06-08 00:00:00,0.4325250911805636,0.1489586555762313,0.7055841017861495,
2031-06-15 00:00:00,0.4484891431123116,0.17576951031824758,0.7189268789892014,
2031-06-22 00:00:00,0.4264247085432837,0.13899062950609922,0.7143379959025371,
2031-06-29 00:00:00,0.3783026702701707,0.10777762377318384,0.6483077903478649,
2031-07-06 00:00:00,0.3312699598995031,0.05570520762532273,0.6357735206415469,
2031-07-13 00:00:00,0.3077019582572547,0.027296413742875433,0.5539576989957518,
2031-07-20 00:00:00,0.31077049098164516,0.03474076289491963,0.5830370780915279,
2031-07-27 00:00:00,0.326970744536003,0.05204998507731841,0.5977135927013706,
2031-08-03 00:00:00,0.3410153962721211,0.054030842263600096,0.6217924045495946,
2031-08-10 00:00:00,0.3479584360653657,0.09033420632546707,0.6445230659642267,
2031-08-17 00:00:00,0.3521924672260207,0.10428800592674564,0.6243631523915671,
2031-08-24 00:00:00,0.35732844228728644,0.08165522800193657,0.6509557420511294,
2031-08-31 00:00:00,0.3597641003171066,0.09105940062362211,0.6368281042560612,
2031-09-07 00:00:00,0.35320757782829326,0.07580231649951258,0.6344284821588442,
2031-09-14 00:00:00,0.33819796998843066,0.06097061020716102,0.6094437873177949,
2031-09-21 00:00:00,0.32453667039158374,0.05121730004884849,0.6051237925066362,
2031-09-28 00:00:00,0.322397915776205,0.052651268821397826,0.6134595045768696,
2031-10-05 00:00:00,0.33111070019049527,0.05170802630059412,0.6120789415121921,
2031-10-12 00:00:00,0.3383421824760214,0.048706728963864576,0.6282767719685651,
2031-10-19 00:00:00,0.3319185942999969,0.044062986610485536,0.6044193874451664,
2031-10-26 00:00:00,0.31275690140580126,0.04356063053980132,0.5804106902016584,
2031-11-02 00:00:00,0.29538734841834663,0.013001069696575857,0.5733351684389043,
2031-11-09 00:00:00,0.29496850079309933,0.023592891570721072,0.5770195724418816,
2031-11-16 00:00:00,0.3135656680920887,0.033352207138390225,0.5918681341909717,
2031-11-23 00:00:00,0.3390640931334066,0.06512921641690658,0.5970259989663808,
2031-11-30 00:00:00,0.35690064736456073,0.059789346162641574,0.6234654912848969,
2031-12-07 00:00:00,0.36202353038076707,0.07583889357505284,0.6213759539645543,
2031-12-14 00:00:00,0.3595329257328953,0.08155640499436428,0.6435467544018285,
2031-12-21 00:00:00,0.3554536874739791,0.07202925469852763,0.6251406996787301,
2031-12-28 00:00:00,0.3493754935904225,0.06604374305732591,0.6253104834992762,
2032-01-04 00:00:00,0.3372337003914778,0.06415074338288912,0.6150133478535962,
2032-01-11 00:00:00,0.3199216323165227,0.027888142062763174,0.5889354085301819,
2032-01-18 00:00:00,0.30637733343035045,0.030939350824045947,0.5890868984251145,
2032-01-25 00:00:00,0.30627864880805294,0.03187271853359902,0.5860353650643165,
2032-02-01 00:00:00,0.3199482540637261,0.05636946039205332,0.5940234832434776,
2032-02-08 00:00:00,0.3370977473765485,0.07319152312252837,0.6220824839106854,
2032-02-15 00:00:00,0.3467140653397168,0.06036468888511644,0.6170893626363994,
2032-02-22 00:00:00,0.3479183226320335,0.06130265444545094,0.62182275102671,
2032-02-29 00:00:00,0.349995438268328,0.08785299472469596,0.6265784960955822,
2032-03-07 00:00:00,0.3611870756332026,0.08226212306715378,0.6451715626051276,
2032-03-14 00:00:00,0.3780808838128019,0.0889067009384994,0.6439103243764277,
2032-03-21 00:00:00,0.38719726026397605,0.10130061065917442,0.6578954843390488,
2032-03-28 00:00:00,0.37768857225040264,0.11206383856982852,0.6245246723564821,
2032-04-04 00:00:00,0.3523091477288768,0.0755704974289861,0.6444272718569848,
2032-04-11 00:00:00,0.32543876115588544,0.03301725166756114,0.5979370900234142,
2032-04-18 00:00:00,0.31026817976677273,0.06486615915035107,0.5796799010874372,
2032-04-25 00:00:00,0.30832279593731415,0.03187903355473466,0.5877180273269063,
2032-05-02 00:00:00,0.31177445256506264,0.020678760787463196,0.5725728245499464,
2032-05-09 00:00:00,0.3153628721096961,0.03560977810741031,0.581233482479032,
2032-05-16 00:00:00,0.3244506408592701,0.042718801059675474,0.5972916487609571,
2032-05-23 00:00:00,0.3496030106909527,0.06913614288743382,0.6355057698835345,
2032-05-30 00:00:00,0.39238356871079483,0.1225237756749272,0.6706543659169919,
2032-06-06 00:00:00,0.4372052032859617,0.14898383861648598,0.7147551570634059,
2032-06-13 00:00:00,0.45936371789280667,0.1836630455938144,0.72460369912754,
2032-06-20 00:00:00,0.44388746802109347,0.17397140220932356,0.734088470472197,
2032-06-27 00:00:00,0.3986278045108886,0.11756501309599707,0.6797081066999164,
2032-07-04 00:00:00,0.3493536117715065,0.08330423021025345,0.6117878695675787,
2032-07-11 00:00:00,0.32073721062612887,0.04798789812147457,0.606682357946576,
2032-07-18 00:00:00,0.31971986414050685,0.03593943393722321,0.5876415864881459,
2032-07-25 00:00:00,0.3348628317979002,0.0722240299555978,0.6006857306788341,
2032-08-01 00:00:00,0.3500228035131674,0.061784482927342385,0.6382285997325786,
2032-08-08 00:00:00,0.35806864936269367,0.08126335890699544,0.6438972540333203,
2032-08-15 00:00:00,0.36235902999123215,0.07875622766175949,0.6343138288477834,
2032-08-22 00:00:00,0.367387092650365,0.07684053078001646,0.6746927776785301,
2032-08-29 00:00:00,0.3708186198549285,0.10243623994109882,0.6494054836517913,
2032-09-05 00:00:00,0.36612583036141133,0.08520378155966706,0.6442641592572707,
2032-09-12 00:00:00,0.3521118688934637,0.06290601886434277,0.6168763558653406,
2032-09-19 00:00:00,0.33730153338513547,0.06109973386686922,0.6000218535433035,
2032-09-26 00:00:00,0.3327463629493183,0.06435980026623024,0.6057132080917407,
2032-10-03 00:00:00,0.34019048780855377,0.0682769208908034,0.6223789842016736,
2032-10-10 00:00:00,0.3487912829102719,0.06605086620238829,0.6155444268327305,
2032-10-17 00:00:00,0.3452177452771297,0.049904697311665414,0.6126198535138114,
2032-10-24 00:00:00,0.3275418210012674,0.04289513823142159,0.6219994544249843,
2032-10-31 00:00:00,0.30853714068966254,0.027284993856071388,0.5838253956455668,
2032-11-07 00:00:00,0.3044548370760146,0.01625528982924876,0.5853387893132387,
2032-11-14 00:00:00,0.3202410414376566,0.034697322463293004,0.5830522740927779,
2032-11-21 00:00:00,0.3457024806253017,0.05540680147823848,0.6371408976038061,
2032-11-28 00:00:00,0.36563995799221,0.07064913982844871,0.6541119789408252,
2032-12-05 00:00:00,0.37286115230955363,0.097123110824722,0.6518165808873966,
2032-12-12 00:00:00,0.3711723668846797,0.09020546170501988,0.6388550374631894,
2032-12-19 00:00:00,0.36719528828396264,0.10405017483123719,0.6236972023718774,
2032-12-26 00:00:00,0.36177618711483406,0.08557258184586305,0.6534972779875337,
2033-01-02 00:00:00,0.3508950661484216,0.07690590309736654,0.643519860481148,
2033-01-09 00:00:00,0.3340395326628177,0.03806422975733269,0.6074955504627837,
2033-01-16 00:00:00,0.31898245113953005,0.03482952415655119,0.6146689805495184,
2033-01-23 00:00:00,0.31609876509797474,0.03663743829700766,0.5769189550955511,
2033-01-30 00:00:00,0.3278400215597881,0.05479096614389438,0.6212002231319056,
2033-02-06 00:00:00,0.3453308903902722,0.05816145462419081,0.6188727575777555,
2033-02-13 00:00:00,0.3567312480020373,0.07541142402219003,0.6382689398781317,
2033-02-20 00:00:00,0.3589450656827703,0.07674785030666427,0.6421271785471089,
2033-02-27 00:00:00,0.3600481209071472,0.09438302500702424,0.6283627985279211,
2033-03-06 00:00:00,0.3694610853643553,0.1023357837618136,0.664556503936641,
2033-03-13 00:00:00,0.38616426202003745,0.07719843830369018,0.6598980611917697,
2033-03-20 00:00:00,0.39773637885978025,0.11946479218570678,0.6854787515729426,
2033-03-27 00:00:00,0.3918054067882979,0.1220182751291028,0.6631451357418934,
2033-04-03 00:00:00,0.36840585486615046,0.0939102761595941,0.6581963351944085,
2033-04-10 00:00:00,0.34060845061630673,0.04092890986241436,0.6136460284156475,
2033-04-17 00:00:00,0.32284725132320546,0.05789423130923964,0.5925872364475083,
2033-04-24 00:00:00,0.31897690107406096,0.042777903281389154,0.5925928860586738,
2033-05-01 00:00:00,0.32209216095920457,0.024678826665502543,0.6035801925326423,
2033-05-08 00:00:00,0.3255817463074494,0.031812349950294125,0.6051656017614717,
2033-05-15 00:00:00,0.332891471400935,0.0488220428756542,0.6114880084376237,
2033-05-22 00:00:00,0.35461706174839946,0.07638780804586376,0.628166975996407,
2033-05-29 00:00:00,0.3949050384974885,0.10986091235732798,0.665051654108141,
2033-06-05 00:00:00,0.4411353613072772,0.18328663200773124,0.7089865878537005,
2033-06-12 00:00:00,0.4689723065345617,0.18482035808068398,0.7425445425946837,
2033-06-19 00:00:00,0.46034877720685324,0.1820207242352178,0.739520580487184,
2033-06-26 00:00:00,0.41882874919356067,0.16519590637469794,0.7042746256540058,
2033-07-03 00:00:00,0.3681480597195089,0.09737186006189862,0.6663580739444581,
2033-07-10 00:00:00,0.3347055239855695,0.062005558190207616,0.6195812486266994,
2033-07-17 00:00:00,0.32919652530102717,0.050577091052711826,0.6178678993217596,
2033-07-24 00:00:00,0.34272719060693635,0.0528476439837834,0.6508006680887339,
2033-07-31 00:00:00,0.3587719631698706,0.06864939983411379,0.6240434541908353,
2033-08-07 00:00:00,0.3680568781428264,0.0869001435089615,0.6489806863359171,
2033-08-14 00:00:00,0.37257116479617125,0.1010007806741553,0.6637703300685138,
2033-08-21 00:00:00,0.37740853330179214,0.10143273562285446,0.663280578885505,
2033-08-28 00:00:00,0.38159823487035827,0.10073672562832216,0.6605954126996703,
2033-09-04 00:00:00,0.37871698639946116,0.11095174883638213,0.6702276085989025,
2033-09-11 00:00:00,0.36599186152580315,0.09642674990803737,0.6475223635525409,
2033-09-18 00:00:00,0.35042082553533416,0.07703601077178168,0.6316047702740373,
2033-09-25 00:00:00,0.34351534949761553,0.07651916943354024,0.6227715373092202,
2033-10-02 00:00:00,0.34931518278953966,0.06146071510299814,0.6026248167731578,
2033-10-09 00:00:00,0.35881853076753156,0.059905673048383776,0.636974618710098,
2033-10-16 00:00:00,0.35802343539231307,0.07580587880354567,0.6201207201360341,
2033-10-23 00:00:00,0.34227397472182275,0.06512798765573931,0.6089633302095461,
2033-10-30 00:00:00,0.32219636012138464,0.03976706658446813,0.582864708512274,
2033-11-06 00:00:00,0.31461938664084876,0.05273164151562189,0.5909898219741132,
2033-11-13 00:00:00,0.3272389073307731,0.047034958469878374,0.5854304913006152,
2033-11-20 00:00:00,0.3521399081474178,0.07399746896244531,0.6201414992002836,
2033-11-27 00:00:00,0.3739408692114758,0.10006302740431663,0.6404237023621766,
2033-12-04 00:00:00,0.38340734250665887,0.09203132229165381,0.6618800152918456,
2033-12-11 00:00:00,0.3827577537319262,0.08785410136893504,0.629032987036241,
2033-12-18 00:00:00,0.37890658375209685,0.09199441800207336,0.6519013799958746,
2033-12-25 00:00:00,0.37399217173112853,0.0956776639289174,0.648290921448123,
2034-01-01 00:00:00,0.3643401889252226,0.08852797267375362,0.6303593284218556,
2034-01-08 00:00:00,0.34820600115089745,0.08105682689014644,0.6143591462453125,
2034-01-15 00:00:00,0.3319990543704652,0.03978701412169479,0.5962139157962663,
2034-01-22 00:00:00,0.32641927186873776,0.031114658492508288,0.616146701068609,
2034-01-29 00:00:00,0.33592418834680005,0.04741815825027537,0.6287953615077302,
2034-02-05 00:00:00,0.35334351639438866,0.06731108278274946,0.6223779974500094,
2034-02-12 00:00:00,0.3664216833741847,0.09317043720866228,0.6643032298762923,
2034-02-19 00:00:00,0.3699320920095016,0.10566704535463017,0.6561243725566948,
2034-02-26 00:00:00,0.37039708305401664,0.10443398531249425,0.660031392804004,
2034-03-05 00:00:00,0.3780020002389646,0.08998187767879835,0.6435956311887798,
2034-03-12 00:00:00,0.3940842799988056,0.09061228919288807,0.6761601540424236,
2034-03-19 00:00:00,0.40768064551522043,0.13652879401437645,0.6977514235867954,
2034-03-26 00:00:00,0.40532663872954,0.13053175881176093,0.6761041947250839,
2034-04-02 00:00:00,0.3843587262471725,0.10238488371805882,0.661394106077247,
2034-04-09 00:00:00,0.35613023361827667,0.056997441838332163,0.6161993865488307,
2034-04-16 00:00:00,0.3359015793476293,0.0658562970956466,0.6244922328105129,
2034-04-23 00:00:00,0.32985249274311257,0.05968086831329415,0.5970487247859031,
2034-04-30 00:00:00,0.3323907311420823,0.06303395294590272,0.6362740500590831,
2034-05-07 00:00:00,0.33589960057691964,0.060664725120021856,0.6032140651282801,
2034-05-14 00:00:00,0.3418098164475324,0.057892229139046,0.6266460079829674,
2034-05-21 00:00:00,0.3602723466230804,0.07731267726180333,0.6448416343958012,
2034-05-28 00:00:00,0.39765140772297725,0.12625585222004462,0.6665072732033537,
2034-06-04 00:00:00,0.44446189360368443,0.18032634000030534,0.7412569136247553,
2034-06-11 00:00:00,0.47735589681746926,0.20217147767664187,0.7368902368229544,
2034-06-18 00:00:00,0.4757027868223607,0.18579023660277916,0.7560036657641422,
2034-06-25 00:00:00,0.43873043234100434,0.13045989006830874,0.716974874082553,
2034-07-02 00:00:00,0.3875384459175476,0.09875303538921149,0.6734309605683158,
2034-07-09 00:00:00,0.34962130306436795,0.0800032659532288,0.6294784580452366,
2034-07-16 00:00:00,0.3393009942984875,0.06509828336558471,0.5973908422802892,
2034-07-23 00:00:00,0.35064852092337,0.06820305253019847,0.6288179552612732,
2034-07-30 00:00:00,0.36727161617442183,0.08134218735633618,0.6520325327225502,
2034-08-06 00:00:00,0.3778846860551178,0.11599900492076126,0.6781682324589573,
2034-08-13 00:00:00,0.38281335552241036,0.10505959794624653,0.6549998290723853,
2034-08-20 00:00:00,0.3874269314427701,0.12234464883725094,0.6651124523195522,
2034-08-27 00:00:00,0.39214176016730723,0.11613830024776339,0.6845133488261623,
2034-09-03 00:00:00,0.39096434706511796,0.11555419724583611,0.661195451222401,
2034-09-10 00:00:00,0.37976661913786,0.11052335636670771,0.6344912640965208,
2034-09-17 00:00:00,0.36383824234402146,0.09479682196290454,0.6600040480139504,
2034-09-24 00:00:00,0.3547286430360773,0.0828483139430973,0.6425918057477475,
2034-10-01 00:00:00,0.3585734906949938,0.0951245407566755,0.6349769493107669,
2034-10-08 00:00:00,0.36848993728684987,0.09733453369069583,0.6477961855484102,
2034-10-15 00:00:00,0.37030680471718885,0.10855209190469531,0.652977340987491,
2034-10-22 00:00:00,0.356849599975367,0.0799949460880983,0.6381003470013777,
2034-10-29 00:00:00,0.3362813395893448,0.06594167008483516,0.6228333055931317,
2034-11-05 00:00:00,0.32547409953965145,0.06528070138587576,0.6109630763733439,
2034-11-12 00:00:00,0.3346497755618355,0.06833252870186222,0.6063863816555402,
2034-11-19 00:00:00,0.3584591527459889,0.08296344496685158,0.6384550034558569,
2034-11-26 00:00:00,0.3818140029937359,0.09205732173276038,0.6636662868654017,
2034-12-03 00:00:00,0.39361783600434685,0.10931071170616606,0.6782009223487229,
2034-12-10 00:00:00,0.3942569539745245,0.1143147511313742,0.6679368669875567,
2034-12-17 00:00:00,0.3906026456474282,0.11683885369315336,0.6497382336980293,
2034-12-24 00:00:00,0.3860514844216394,0.10867865440219204,0.6607581307293817,
2034-12-31 00:00:00,0.3775533746146722,0.08153483029323128,0.6460837347614151,
2035-01-07 00:00:00,0.3623562634918046,0.07729185446911563,0.6251529543522705,
2035-01-14 00:00:00,0.3453726844996047,0.06935971332187611,0.6184670168106059,
2035-01-21 00:00:00,0.3372556636608544,0.05367451985925212,0.6230949254089628,
2035-01-28 00:00:00,0.34427616024401275,0.05668654603864498,0.6209399549940107,
2035-02-04 00:00:00,0.36119660542239607,0.0783934766792016,0.6307388266991494,
2035-02-11 00:00:00,0.3757715079614298,0.09920514589730291,0.6477261483674592,
2035-02-18 00:00:00,0.3808107302082623,0.10326507328683823,0.6475026123184755,
2035-02-25 00:00:00,0.38100019025486254,0.12848424889322543,0.6565143964032414,
2035-03-04 00:00:00,0.38685033218126086,0.09765156730863207,0.6693129156391022,
2035-03-11 00:00:00,0.4019329124633767,0.10767205034829547,0.6768932836255608,
2035-03-18 00:00:00,0.41708437672840976,0.1321019713064047,0.6952054001590959,
2035-03-25 00:00:00,0.41821280254600524,0.1353666037347698,0.6886386022740083,
2035-04-01 00:00:00,0.40006886139093717,0.1252817016683976,0.682023229687404,
2035-04-08 00:00:00,0.3719347183430597,0.09566249122703575,0.6610519611460237,
2035-04-15 00:00:00,0.34944346822769057,0.07301262296616891,0.6297608214731459,
2035-04-22 00:00:00,0.34100768423885497,0.05831189457159222,0.6211384638696426,
2035-04-29 00:00:00,0.34269230299420017,0.05661773180908264,0.6123073071079511,
2035-05-06 00:00:00,0.34626655349758795,0.09773273384278905,0.6305345138137506,
2035-05-13 00:00:00,0.35113824625630086,0.07237253229605517,0.6142959192539477,
2035-05-20 00:00:00,0.36657725196754665,0.08732497036572621,0.6304932970795933,
2035-05-27 00:00:00,0.400740119303386,0.11501796098984635,0.6691008828870477,
2035-06-03 00:00:00,0.44733797644415035,0.17017378377630807,0.7170004492650524,
2035-06-10 00:00:00,0.48458074689922287,0.1991710724606246,0.7639131401003398,
2035-06-17 00:00:00,0.4898672892537222,0.21614879034928453,0.7541621871483659,
2035-06-24 00:00:00,0.45816063358475556,0.20493351121118994,0.7402135295714036,
2035-07-01 00:00:00,0.4073910836109334,0.1270038464582879,0.6826510125648246,
2035-07-08 00:00:00,0.36547594087921864,0.07985036955916278,0.6765532339422802,
2035-07-15 00:00:00,0.35012552641354533,0.08241929222129218,0.6129204663491062,
2035-07-22 00:00:00,0.358721122036457,0.08340151314390076,0.6512708041506883,
2035-07-29 00:00:00,0.37554438968572856,0.09034001004250103,0.6468591543396587,
2035-08-05 00:00:00,0.3875169411967395,0.09329701526059064,0.6661668433150782,
2035-08-12 00:00:00,0.3930618825604766,0.10961358671768356,0.6552730187645914,
2035-08-19 00:00:00,0.3974691529831464,0.10423199018828755,0.6537720716690385,
2035-08-26 00:00:00,0.4024923203462628,0.10628983166637326,0.687615424874406,
2035-09-02 00:00:00,0.40286348143642403,0.1242070948065005,0.6854889634010624,
2035-09-09 00:00:00,0.3933708130453707,0.10757594881873474,0.6570770398031851,
2035-09-16 00:00:00,0.37748862242276787,0.09996332145395206,0.6327133962800526,
2035-09-23 00:00:00,0.366394002458643,0.0863834874169628,0.660003535316739,
2035-09-30 00:00:00,0.3680477321206177,0.10495039434924597,0.6659980712437386,
2035-10-07 00:00:00,0.3778826808912251,0.08988908948289849,0.6478561837233072,
2035-10-14 00:00:00,0.38205753924827435,0.11145340481892752,0.6819644780116225,
2035-10-21 00:00:00,0.371172491920147,0.0914280510326048,0.6484417093746013,
2035-10-28 00:00:00,0.3506973399107329,0.05810288299210828,0.6289924798565822,
2035-11-04 00:00:00,0.3370121253597751,0.06705624312659908,0.6191247655089968,
2035-11-11 00:00:00,0.34255550704926657,0.05722043722988093,0.6081422021040178,
2035-11-18 00:00:00,0.3647509664766694,0.11045780170771985,0.6380304370962371,
2035-11-25 00:00:00,0.38928407293997214,0.09120281470692518,0.6633510825768762,
2035-12-02 00:00:00,0.4034536476233509,0.11827517730448125,0.6884626995726764,
2035-12-09 00:00:00,0.4056312026283502,0.10491935994870698,0.6963898719723773,
2035-12-16 00:00:00,0.4022908118854525,0.14280695495557286,0.6910997926149076,
2035-12-23 00:00:00,0.3979844367185415,0.12539301862865496,0.6686631596848356,
2035-12-30 00:00:00,0.39052930811823133,0.11434902123976252,0.658380031060821,
2036-01-06 00:00:00,0.3764313061555368,0.1132415718568856,0.6551800561017729,
2036-01-13 00:00:00,0.35904151270383355,0.06890285246829099,0.6243319327629921,
2036-01-20 00:00:00,0.34860918475839675,0.058737336269446286,0.6291726282347028,
2036-01-27 00:00:00,0.35296501981694717,0.06505261322539244,0.6400960379947929,
2036-02-03 00:00:00,0.36895976448430223,0.08240894945512166,0.644241124292191,
2036-02-10 00:00:00,0.3847813956676403,0.10411180601969663,0.6615820915176365,
2036-02-17 00:00:00,0.3915169417940193,0.1139840287160329,0.6820500982440882,
2036-02-24 00:00:00,0.39180449762998415,0.12470484681190143,0.6589521206112263,
2036-03-02 00:00:00,0.3960314188184866,0.12227374380450583,0.6552822064130746,
2036-03-09 00:00:00,0.4097988807414092,0.10911442730268928,0.6778580880047276,
2036-03-16 00:00:00,0.4260148911478599,0.1321137378717322,0.6986895188129594,
2036-03-23 00:00:00,0.43044135328599314,0.1381400536008029,0.6978849015549566,
2036-03-30 00:00:00,0.4154419002360042,0.1469226749439001,0.6999114649900211,
2036-04-06 00:00:00,0.3879412020297174,0.09710614315374592,0.6702252442134529,
2036-04-13 00:00:00,0.3634707453008632,0.07751908837172387,0.6245632117263442,
2036-04-20 00:00:00,0.3524982550236916,0.07082505104920755,0.6431143515104186,
2036-04-27 00:00:00,0.3530305031866926,0.08300314666356425,0.6418481502067355,
2036-05-04 00:00:00,0.3566440590209169,0.07348678710790894,0.6273629554124447,
2036-05-11 00:00:00,0.3608054462629588,0.05927293932081047,0.6342076657965575,
2036-05-18 00:00:00,0.37352129261779055,0.0936208477016537,0.6489040037206932,
2036-05-25 00:00:00,0.4042716194034456,0.1261277273450528,0.6808193338112807,
2036-06-01 00:00:00,0.44991939646450785,0.1751926382039397,0.7224471850255425,
2036-06-08 00:00:00,0.49073624794959986,0.22000199937809253,0.7766262574468294,
2036-06-15 00:00:00,0.5027857297064924,0.22439330076498026,0.7811861604570827,
2036-06-22 00:00:00,0.4769544143081839,0.19971288479615132,0.7677856205714975,
2036-06-29 00:00:00,0.4275564186660846,0.15073075282644338,0.7063637831379652,
2036-07-06 00:00:00,0.38223693647772006,0.08571914696699073,0.6608065046008338,
2036-07-13 00:00:00,0.36175066368824416,0.09826398931482881,0.6295628077040207,
2036-07-20 00:00:00,0.3670463576253047,0.10639937340334249,0.6486346211829317,
2036-07-27 00:00:00,0.38362734147578115,0.10377964360476782,0.659415794306625,
2036-08-03 00:00:00,0.39692428019648474,0.11640820497684568,0.6706908205486237,
2036-08-10 00:00:00,0.4032862027214996,0.12238894400091008,0.6832879546969528,
2036-08-17 00:00:00,0.4075535333316896,0.13859147827257942,0.6829725996605824,
2036-08-24 00:00:00,0.4126950710216089,0.13092488352241471,0.6813596325132827,
2036-08-31 00:00:00,0.4144217266293532,0.13033719604167376,0.6831115738445424,
2036-09-07 00:00:00,0.40674725065369055,0.10380101988925104,0.6774354241416736,
2036-09-14 00:00:00,0.3913005189096602,0.13001233206132548,0.6810742886892012,
2036-09-21 00:00:00,0.37850326364875875,0.11587016302628744,0.6391550787625591,
2036-09-28 00:00:00,0.37781106529370717,0.12041489137587003,0.6601013660958868,
2036-10-05 00:00:00,0.38708222006151205,0.09104419542111172,0.667416683187094,
2036-10-12 00:00:00,0.3932839157086035,0.11344284248921563,0.6682511184271849,
2036-10-19 00:00:00,0.3851570494649563,0.10418297476335496,0.662365513197694,
2036-10-26 00:00:00,0.3653415596698097,0.06751054543077645,0.6516796142348511,
2036-11-02 00:00:00,0.3492078227931381,0.06847445046806805,0.6330065937663698,
2036-11-09 00:00:00,0.35102650956710285,0.06356759797354265,0.6337338416673965,
2036-11-16 00:00:00,0.3711114699295273,0.0862957306148423,0.6217519374090754,
2036-11-23 00:00:00,0.3963900095876096,0.11886558901407158,0.6595391432342788,
2036-11-30 00:00:00,0.4128833537060307,0.12423632497561819,0.694364488782639,
2036-12-07 00:00:00,0.41683671943737355,0.13944207034659878,0.6869336664577754,
2036-12-14 00:00:00,0.4139698449477951,0.12610617253445255,0.6847169811672666,
2036-12-21 00:00:00,0.4098215128626617,0.15875513426956894,0.6950952045603427,
2036-12-28 00:00:00,0.4032723893974692,0.12639823915231535,0.6409660308199774,
2037-01-04 00:00:00,0.3903796628378257,0.11879652069464686,0.6756082137785149,
2037-01-11 00:00:00,0.3729386733063874,0.12264871828264867,0.6649216073670892,
2037-01-18 00:00:00,0.36046701597064856,0.08317382330692202,0.6341917358658163,
2037-01-25 00:00:00,0.3620511688762551,0.08031585356377079,0.6474692444841978,
2037-02-01 00:00:00,0.376708782871938,0.08419134621148808,0.6443213053192769,
2037-02-08 00:00:00,0.39346669761367703,0.10818782208575467,0.6557504788395181,
2037-02-15 00:00:00,0.4019939798419671,0.11843825148136286,0.6811485738495902,
2037-02-22 00:00:00,0.4027486139630794,0.1282586195345906,0.6830444321804321,
2037-03-01 00:00:00,0.4055549121961288,0.14505566089549216,0.6772017004768549,
2037-03-08 00:00:00,0.417764690277272,0.1481841491473807,0.6802647145769856,
2037-03-15 00:00:00,0.4345501158830531,0.14961787488995795,0.7246030158771453,
2037-03-22 00:00:00,0.4420072996041951,0.1802590558236339,0.7183551298836768,
2037-03-29 00:00:00,0.43039101291690846,0.15185538224482228,0.7169296692475713,
2037-04-05 00:00:00,0.4040599341453426,0.1147158679290109,0.688056149821858,
2037-04-12 00:00:00,0.37796602688664094,0.13223467944716333,0.6674975863861603,
2037-04-19 00:00:00,0.3643748274130002,0.08583352594452395,0.6444535704381082,
2037-04-26 00:00:00,0.3634486711840553,0.09479423288143643,0.6349430351846828,
2037-05-03 00:00:00,0.36700626657248403,0.07272598730231854,0.6483158741593615,
2037-05-10 00:00:00,0.3707394928261657,0.09758418838935942,0.6420287981170238,
2037-05-17 00:00:00,0.38107689626264396,0.1121042198130636,0.6662160185591106,
2037-05-24 00:00:00,0.4083274698405968,0.09991411785286677,0.6886925894834168,
2037-05-31 00:00:00,0.4523603487768038,0.1596321857188077,0.727403359275359,
2037-06-07 00:00:00,0.49593216534639917,0.2381731145398368,0.7741330783531795,
2037-06-14 00:00:00,0.5144284949482275,0.22721673099080697,0.8006207387774973,
2037-06-21 00:00:00,0.49495838430570743,0.19768437875723205,0.7770908347064356,
2037-06-28 00:00:00,0.4478725174403714,0.19658754821647614,0.7280737184123232,
2037-07-05 00:00:00,0.3998477125359081,0.12357489664512408,0.675896138436842,
2037-07-12 00:00:00,0.37424200932681195,0.09922683051447899,0.6525531161031077,
2037-07-19 00:00:00,0.37572971655547355,0.11078639500908972,0.6490455516531306,
2037-07-26 00:00:00,0.39157194310307386,0.11558313562770767,0.6845097374647833,
2037-08-02 00:00:00,0.4060854391122401,0.1193509773259808,0.6944091956508063,
2037-08-09 00:00:00,0.4134507170425804,0.15431201714373077,0.6908374159645339,
2037-08-16 00:00:00,0.4176890832919602,0.12007906983843955,0.6873640957789031,
2037-08-23 00:00:00,0.42279489217349475,0.14753158328689187,0.6824048634818125,
2037-08-30 00:00:00,0.4256572157575105,0.14552377647337153,0.6926809029935499,
2037-09-06 00:00:00,0.4198486278290185,0.15220524376685976,0.7103909360006553,
2037-09-13 00:00:00,0.4051989350642922,0.13123555070657325,0.7082686483727931,
2037-09-20 00:00:00,0.3910330003682305,0.09470299867310622,0.6530302087283191,
2037-09-27 00:00:00,0.38792508603220716,0.0919698964423214,0.6706021238880038,
2037-10-04 00:00:00,0.3961791589882332,0.14012170152652478,0.6773673211201809,
2037-10-11 00:00:00,0.40401220631193135,0.1156375584252287,0.6641802661970944,
2037-10-18 00:00:00,0.398730947599396,0.12640104622483864,0.6732506440378871,
2037-10-25 00:00:00,0.3801064238221788,0.09699447351733681,0.6571011431637381,
2037-11-01 00:00:00,0.3620174017561041,0.06647984722235761,0.6297743036037302,
2037-11-08 00:00:00,0.36011926241848946,0.07683671032807046,0.6357623282401488,
2037-11-15 00:00:00,0.3776392611079844,0.09470090919117446,0.6817520112385642,
2037-11-22 00:00:00,0.4031845394308037,0.14079091019451012,0.6850549492100688,
2037-11-29 00:00:00,0.4218851691046664,0.13027795238708956,0.6806743901332857,
2037-12-06 00:00:00,0.4278266495709741,0.15097228263519177,0.696737500715511,
2037-12-13 00:00:00,0.4256295279576524,0.14203652293017366,0.7023282035573892,
MAE,0.16622237068855952,,,
RMSE,0.21736908534050006,,,
