ds,yhat,yhat_lower,yhat_upper,actual
2001-01-07 00:00:00,0.16194877274925928,-0.09109729142098127,0.40798459465816006,0.2852505262155361
2001-01-14 00:00:00,0.1512760835779925,-0.09981472768713961,0.3879281252805804,0.2601177057454772
2001-01-21 00:00:00,0.14495297541902763,-0.11787762103453858,0.39743315699640736,0.1901959688454339
2001-01-28 00:00:00,0.1354315020181816,-0.1143916470226225,0.3698057944001354,0.2644357991935526
2001-02-04 00:00:00,0.11684644109942921,-0.10850439953045049,0.36558001879596225,0.0
2001-02-11 00:00:00,0.09839238208991685,-0.13045015241452684,0.3560609983829336,0.0
2001-02-18 00:00:00,0.09783323118434015,-0.14458403546817844,0.32716705688057157,0.0
2001-02-25 00:00:00,0.12116749419005879,-0.11633571256543473,0.3645684142859914,0.0
2001-03-04 00:00:00,0.15262481591511898,-0.10985740312419712,0.3968728294336345,0.0
2001-03-11 00:00:00,0.1680778455600926,-0.06837571776442322,0.39758071079080415,0.0
2001-03-18 00:00:00,0.15781434998923732,-0.09405830336904922,0.4156911327886219,0.0
2001-03-25 00:00:00,0.13394491837287772,-0.10475707103295978,0.3636629860624331,0.0
2001-04-01 00:00:00,0.11570642277351018,-0.13004061789223165,0.35162214356844856,0.0
2001-04-08 00:00:00,0.11048909806278329,-0.14217427872969418,0.36998784674705687,0.0
2001-04-15 00:00:00,0.11099326765013803,-0.14183472545024361,0.3630455391643482,0.0
2001-04-22 00:00:00,0.10851354856250545,-0.12751406385871683,0.34831608115128265,0.0
2001-04-29 00:00:00,0.10461783399896729,-0.13859236912273087,0.33808968805771766,0.490447883837107
2001-05-06 00:00:00,0.10826885089796714,-0.1441231810616433,0.35921380964849847,0.422975142005375
2001-05-13 00:00:00,0.1240760952292997,-0.1239932683181954,0.3636445889366232,0.5142345711884259
2001-05-20 00:00:00,0.1462972545945242,-0.10566529564843191,0.3838689318010187,0.5723424029690919
2001-05-27 00:00:00,0.16384471062970107,-0.07001086114485525,0.4095732465214291,0.0
2001-06-03 00:00:00,0.16840821687875376,-0.06770941098528929,0.4222143103108971,0.0
2001-06-10 00:00:00,0.15725081694242707,-0.06671832565582464,0.4069401413625739,0.0
2001-06-17 00:00:00,0.1317965490610441,-0.09891886611003259,0.3733068513089929,0.0
2001-06-24 00:00:00,0.09767377350832897,-0.1354950636397571,0.35616202416226517,0.2467446908964879
2001-07-01 00:00:00,0.0658523181325962,-0.16960375107462938,0.28912686292694734,0.2185729117900517
2001-07-08 00:00:00,0.04893533867228539,-0.20637191155329482,0.3068034712669342,0.2889388879781319
2001-07-15 00:00:00,0.052026697811651035,-0.172109948658759,0.28226920103193975,0.2457435093353283
2001-07-22 00:00:00,0.06743676985874293,-0.17837409439877716,0.31386583187404316,0.0
2001-07-29 00:00:00,0.08151496761852992,-0.15801575985288008,0.3185374881645713,0.0
2001-08-05 00:00:00,0.08819933055597524,-0.1372880611438323,0.34765551305950815,0.0
2001-08-12 00:00:00,0.09415993096663178,-0.1422788919552287,0.3319963983286498,0.0
2001-08-19 00:00:00,0.10893186989470907,-0.1342637063411451,0.3390494710235705,0.0
2001-08-26 00:00:00,0.13158300760663513,-0.10672959235319035,0.37816832005768186,0.0
2001-09-02 00:00:00,0.15055620470472994,-0.08477863493023513,0.3945203617653822,0.0
2001-09-09 00:00:00,0.1574880645051759,-0.08013414336818628,0.4265669504397982,0.0
2001-09-16 00:00:00,0.1578460311086117,-0.06146410732406235,0.4069480407656477,0.0
2001-09-23 00:00:00,0.16420660762086328,-0.08056077120154226,0.4185643570753855,0.0
2001-09-30 00:00:00,0.17949516941011256,-0.057595224009564044,0.4131424886513759,0.0
2001-10-07 00:00:00,0.19104209027882682,-0.05697699081525512,0.4270971451697185,0.0
2001-10-14 00:00:00,0.18403341982492732,-0.05885155144545276,0.4138787648401211,0.0
2001-10-21 00:00:00,0.15902350308927898,-0.08241867434377997,0.38954358986932774,0.0
2001-10-28 00:00:00,0.13231923100831258,-0.12741444930680668,0.3649428355329898,0.0
2001-11-04 00:00:00,0.11837146138922586,-0.12828253534361034,0.36297927354601023,0.0
2001-11-11 00:00:00,0.11526541950833942,-0.1188017783186136,0.35625230956015025,0.0
2001-11-18 00:00:00,0.11065624871386788,-0.11714966489662393,0.34538896366011296,0.0
2001-11-25 00:00:00,0.10023868320736239,-0.14540210861874975,0.32879733682794554,0.0
2001-12-02 00:00:00,0.09523126633265468,-0.13367552416420875,0.355624639560149,0.0
2001-12-09 00:00:00,0.10897379886058547,-0.12888680737570146,0.3599879803364816,0.2623601484397953
2001-12-16 00:00:00,0.13890479763526037,-0.09392230395226706,0.3669789271624023,0.2139290632367919
2001-12-23 00:00:00,0.16639489759503043,-0.09508560567652266,0.4094216513940604,0.2872759118195529
2001-12-30 00:00:00,0.17527621160710674,-0.06645656248518095,0.4193116491034792,0.2364348765038598
2002-01-06 00:00:00,0.16714943170262125,-0.06361732122465519,0.4063438005343909,0.2447331013075166
2002-01-13 00:00:00,0.15581768222370557,-0.08092290424721502,0.4127322995229679,0.255648497589336
2002-01-20 00:00:00,0.1490192734720449,-0.08256935106523042,0.3969859052029385,0.2525886017617373
2002-01-27 00:00:00,0.14080052522264974,-0.09981048824259259,0.39189405723135196,0.24702979934141
2002-02-03 00:00:00,0.12364224121454062,-0.13670068903235932,0.35935063507168297,0.2702329003724995
2002-02-10 00:00:00,0.10386329480738689,-0.1455963044772522,0.3480426260824335,0.2338268920160556
2002-02-17 00:00:00,0.09907281945131874,-0.1505865113498907,0.3628454890638986,0.2532350065549905
2002-02-24 00:00:00,0.11871770128273712,-0.13134543657413816,0.3867767602036878,0.2427052010564542
2002-03-03 00:00:00,0.15057039495942307,-0.08558003258746197,0.39779736180289893,0.0
2002-03-10 00:00:00,0.17024740535784846,-0.07717603523521419,0.417304456988908,0.0
2002-03-17 00:00:00,0.16422506185110428,-0.0628318652555834,0.4157528869422568,0.0
2002-03-24 00:00:00,0.14128547161046567,-0.09165969771374319,0.38928622346468034,0.0
2002-03-31 00:00:00,0.12099667530133626,-0.1355465614813715,0.371778930195939,0.0
2002-04-07 00:00:00,0.11368547749054275,-0.13629576369206742,0.3519357214121986,0.0
2002-04-14 00:00:00,0.11398325881676297,-0.13268671294544138,0.3467554070690758,0.0
2002-04-21 00:00:00,0.11227071733214039,-0.13260359066926686,0.3535278336766827,0.0
2002-04-28 00:00:00,0.10803978586892443,-0.14155692823382204,0.34363235257167235,0.0
2002-05-05 00:00:00,0.10973430292010541,-0.12877281679502162,0.34251622099689455,0.0
2002-05-12 00:00:00,0.12350635640179575,-0.09767052304728502,0.36970267929291856,0.0
2002-05-19 00:00:00,0.1453616405049979,-0.09921186031223822,0.39866532785684483,0.0
2002-05-26 00:00:00,0.16451025115549117,-0.09056577162381516,0.4094748413219438,0.2430074409392008
2002-06-02 00:00:00,0.1717422120967232,-0.05496052055338799,0.42821419421205803,0.2663759310047668
2002-06-09 00:00:00,0.1633892377745292,-0.08692758729040576,0.399933965182493,0.2344806780054333
2002-06-16 00:00:00,0.14021946931486462,-0.09786213838089852,0.402267574471844,0.2561359500505989
2002-06-23 00:00:00,0.10698800250010507,-0.14812364791416843,0.3520419124242551,0.0
2002-06-30 00:00:00,0.07377399779142567,-0.16360052464918723,0.3266602985245354,0.0
2002-07-07 00:00:00,0.053480270249183656,-0.21418986105398746,0.2887961273569218,0.0
2002-07-14 00:00:00,0.05320848474348172,-0.16933688021114668,0.2868748519837979,0.0
2002-07-21 00:00:00,0.06742551602803967,-0.16388009102692924,0.30948712636222775,0.2507716524245091
2002-07-28 00:00:00,0.08255985860074215,-0.17426259815809558,0.3230433915138787,0.2295278341640758
2002-08-04 00:00:00,0.09038810013308865,-0.14164122604373103,0.32752622922974406,0.252970110193031
2002-08-11 00:00:00,0.09565362479947359,-0.16662242712375425,0.36273525107923743,0.266730403218384
2002-08-18 00:00:00,0.10851087487296276,-0.11979102672247627,0.3420979690939917,0.0
2002-08-25 00:00:00,0.1304300912999224,-0.11734369565138986,0.37802171696870646,0.0
2002-09-01 00:00:00,0.15098097037892466,-0.0839687105436494,0.38605869246863644,0.0
2002-09-08 00:00:00,0.16008203932871223,-0.0626950459479716,0.3860444228745758,0.0
2002-09-15 00:00:00,0.16068029796384578,-0.06782076037887053,0.40289721956686964,0.2748286259681564
2002-09-22 00:00:00,0.16528356484725723,-0.09965519047363663,0.3908301020794401,0.2553357309272729
2002-09-29 00:00:00,0.17953852189724767,-0.0742381677681423,0.42955715965702873,0.1991568266369318
2002-10-06 00:00:00,0.19305271943905467,-0.05516225083661458,0.4458178603305829,0.270678816467639
2002-10-13 00:00:00,0.18990051549055895,-0.06368507579240976,0.440470123998129,0.0
2002-10-20 00:00:00,0.16719458918553437,-0.06363753504363309,0.4133681226436987,0.0
2002-10-27 00:00:00,0.13940126018231963,-0.0957758007524325,0.3850171664081611,0.0
2002-11-03 00:00:00,0.1227918190188659,-0.12747001011148867,0.3604001490922841,0.0
2002-11-10 00:00:00,0.11858569513040568,-0.12758490312144372,0.35394302793942495,0.0
2002-11-17 00:00:00,0.11501307367698382,-0.11510720333189406,0.3424875331027369,0.0
2002-11-24 00:00:00,0.10518516153093407,-0.13237950093576167,0.35608470050877594,0.0
2002-12-01 00:00:00,0.09801194954985688,-0.13969488470645375,0.3365095196672383,0.0
2002-12-08 00:00:00,0.10799202860600293,-0.13896914421509787,0.359006627592856,0.0
2002-12-15 00:00:00,0.1361142066166273,-0.10250405025537446,0.38517681473921167,0.0
2002-12-22 00:00:00,0.1655883308506882,-0.08498032620681456,0.4156168602205408,0.0
2002-12-29 00:00:00,0.17824657265097685,-0.0625984278105983,0.4272330583194048,0.0
2003-01-05 00:00:00,0.17226811846223686,-0.06683865841217135,0.42229915084409936,0.0
2003-01-12 00:00:00,0.16054758745044573,-0.06940409842095685,0.39080754853217603,0.0
2003-01-19 00:00:00,0.15304575939030027,-0.09447325938157708,0.3877499132028118,0.0
2003-01-26 00:00:00,0.14584121530883826,-0.10734274269227878,0.3868115388123958,0.0
2003-02-02 00:00:00,0.1303181459416195,-0.11317528656793152,0.3795769603782188,0.0
2003-02-09 00:00:00,0.10983557435084793,-0.12577476404139476,0.3521211773546254,0.0
2003-02-16 00:00:00,0.10115704673058493,-0.14620689361874745,0.332515382816178,0.0
2003-02-23 00:00:00,0.1166941251181711,-0.11825382427668107,0.36436449141354604,0.0
2003-03-02 00:00:00,0.1480948803945075,-0.0861203408594591,0.38669626339805574,0.2412805483052558
2003-03-09 00:00:00,0.17153048004637445,-0.06103217499764951,0.43068142473999843,0.2586366967613834
2003-03-16 00:00:00,0.17006517834055954,-0.0480790837982667,0.41903394658171556,0.2596265547289715
2003-03-23 00:00:00,0.14874020510569386,-0.08186154118151459,0.4052964918460138,0.2404562002043893
2003-03-30 00:00:00,0.12674862108239343,-0.1058146551190311,0.3871003864427486,0.5728322658135292
2003-04-06 00:00:00,0.11713599394822385,-0.13191714283488976,0.35941692858172397,0.7202470931518671
2003-04-13 00:00:00,0.11687983236595542,-0.11521525354740969,0.3547314095867346,0.90292737216554
2003-04-20 00:00:00,0.11591996568680843,-0.14633333626742423,0.35380420080858505,0.8039932688690639
2003-04-27 00:00:00,0.11165825256784964,-0.12988549694393225,0.3599804765655089,0.0
2003-05-04 00:00:00,0.11161579071384312,-0.14756644341107977,0.3529819442412849,0.0
2003-05-11 00:00:00,0.12321375099894052,-0.11417231508411274,0.37417954208200654,0.0
2003-05-18 00:00:00,0.1443334760249963,-0.09942851437802258,0.4054430361221483,0.0
2003-05-25 00:00:00,0.16477935643295027,-0.07145463633536717,0.4140857856169933,0.0
2003-06-01 00:00:00,0.1745684192192078,-0.06963886746154224,0.404549886802507,0.0
2003-06-08 00:00:00,0.16904606972676103,-0.06303420760046957,0.4152273532507168,0.0
2003-06-15 00:00:00,0.1483063204628877,-0.09733149586471529,0.4035426628782988,0.0
2003-06-22 00:00:00,0.11629267977790844,-0.13542682937840073,0.3754769491417318,0.280884250185455
2003-06-29 00:00:00,0.08212303488201103,-0.17372278726583523,0.311269172979981,0.1876393290847757
2003-07-06 00:00:00,0.058700899933077255,-0.18583818729416418,0.2908202738034427,0.2608549791466435
2003-07-13 00:00:00,0.054876826507141624,-0.1939575398166064,0.2903720540598158,0.2706214415831256
2003-07-20 00:00:00,0.06742746461581793,-0.1576811903990814,0.3134516022214719,0.0
2003-07-27 00:00:00,0.0833319867146582,-0.17163168591672107,0.33210814431933977,0.0
2003-08-03 00:00:00,0.09247836196756151,-0.14077443432369285,0.33744294269337044,0.0
2003-08-10 00:00:00,0.09741632697676134,-0.15440029116184778,0.3298245545403895,0.0
2003-08-17 00:00:00,0.10841611012232766,-0.14023593113571442,0.35007263326717153,0.2476315413984502
2003-08-24 00:00:00,0.1292329203812861,-0.10709886155136861,0.36872595306873734,0.2691695309117655
2003-08-31 00:00:00,0.1510002338424352,-0.0863002833710825,0.38871103394350315,0.2261641956035459
2003-09-07 00:00:00,0.1623746645440962,-0.06582853878876929,0.4021349713076234,0.2570347320862382
2003-09-14 00:00:00,0.1636629167872138,-0.08591845902472284,0.40771799029127437,0.3006659235562094
2003-09-21 00:00:00,0.16671793924107062,-0.0742884720606666,0.4026214022023531,0.2340552044346397
2003-09-28 00:00:00,0.1795759964181523,-0.058833809788351066,0.43867260795165613,0.2550653921264061
2003-10-05 00:00:00,0.19449233864151053,-0.06860975624820928,0.4378959042246051,0.2102134798827447
2003-10-12 00:00:00,0.1950909857033838,-0.03255356631147985,0.4482339141804243,0.0
2003-10-19 00:00:00,0.17519823481206437,-0.06078086547380096,0.4378252402690761,0.0
2003-10-26 00:00:00,0.14688671285917917,-0.10677545897131774,0.3821020686617787,0.0
2003-11-02 00:00:00,0.12764786780987933,-0.09896519491640476,0.3630756437621463,0.0
2003-11-09 00:00:00,0.12191064961844425,-0.13022011329989314,0.3703551630219393,0.0
2003-11-16 00:00:00,0.11912074230059501,-0.12926740870301118,0.36054393829654374,0.0
2003-11-23 00:00:00,0.11019808081811218,-0.13820674500594538,0.3552606064880337,0.0
2003-11-30 00:00:00,0.10138066660819649,-0.12657266244003895,0.34621682257515674,0.0
2003-12-07 00:00:00,0.10764330823446813,-0.13893019861599942,0.33996028371503617,0.0
2003-12-14 00:00:00,0.1333708113017612,-0.12036190703299915,0.37015304258835835,0.0
2003-12-21 00:00:00,0.16419521206239082,-0.08552722222158743,0.3933255540978171,0.0
2003-12-28 00:00:00,0.18057798223862823,-0.059008236047411844,0.4190682713152355,0.0
2004-01-04 00:00:00,0.1772141870909842,-0.059028084371084144,0.43823169226946596,0.2372460934954864
2004-01-11 00:00:00,0.16545642070160613,-0.07964690353528661,0.40250278978701604,0.2263342107532875
2004-01-18 00:00:00,0.157097057740595,-0.08994242551932916,0.39818252239620694,0.2765977453005734
2004-01-25 00:00:00,0.15057933680980848,-0.10108974469370646,0.3853127519069044,0.2598219504506525
2004-02-01 00:00:00,0.13679317136235775,-0.10026781211694902,0.38382026762346677,0.0
2004-02-08 00:00:00,0.11619592013983693,-0.13131622483831745,0.34971969958552807,0.0
2004-02-15 00:00:00,0.10407599395441758,-0.14160876018918334,0.3377382610949804,0.0
2004-02-22 00:00:00,0.11522340234555273,-0.1393085459702989,0.35403272306925204,0.0
2004-02-29 00:00:00,0.14534454037294522,-0.10736219893903381,0.3729743405870869,0.4967224430253177
2004-03-07 00:00:00,0.17195337655282575,-0.0827990891337092,0.4104177303461862,0.5194723182584984
2004-03-14 00:00:00,0.175230526398007,-0.06156048623082935,0.4004687781511226,0.5493015442005732
2004-03-21 00:00:00,0.1561940506048993,-0.0871520580996969,0.37922834690340534,0.4345036945156106
2004-03-28 00:00:00,0.13294461671412294,-0.11654533305557152,0.36870863823675015,0.0
2004-04-04 00:00:00,0.120905056264658,-0.12575768402271426,0.36081930545237806,0.0
2004-04-11 00:00:00,0.11972957149963953,-0.10695033354705952,0.36560175278421503,0.0
2004-04-18 00:00:00,0.11943250387850962,-0.10917568095825286,0.34703431257891015,0.0
2004-04-25 00:00:00,0.1154120822508437,-0.11589961254490322,0.3364989894867727,0.227067092299698
2004-05-02 00:00:00,0.11389773626869804,-0.12932040694131208,0.3413135434148455,0.2537371595464863
2004-05-09 00:00:00,0.12324825596720311,-0.11499439917307314,0.35753199257800583,0.2450986328754112
2004-05-16 00:00:00,0.14328161252680177,-0.10725741647527526,0.3966577353587526,0.2740971152784046
2004-05-23 00:00:00,0.1646924168365769,-0.0784381834592636,0.41087159132103823,0.7621007439660018
2004-05-30 00:00:00,0.17689429354252603,-0.06339112919406958,0.41450061181505377,0.6522919240583391
2004-06-06 00:00:00,0.1742090950134106,-0.047487073382656814,0.3986724666937797,0.8469837732494714
2004-06-13 00:00:00,0.1560193773579359,-0.06756423307086079,0.4041417011893172,0.7386235587261879
2004-06-20 00:00:00,0.1255159351140398,-0.11643414241372846,0.36858244334595625,0.0
2004-06-27 00:00:00,0.09082479875747553,-0.16759375735660803,0.33468842105294105,0.0
2004-07-04 00:00:00,0.06458173835221213,-0.1659279623385253,0.31205733549854636,0.0
2004-07-11 00:00:00,0.05709705063395676,-0.17667282497260972,0.29971505673434373,0.0
2004-07-18 00:00:00,0.06752779547287244,-0.18082811853068226,0.31666239270734353,0.0
2004-07-25 00:00:00,0.08384984374259641,-0.16068955455791645,0.3376520661576609,0.0
2004-08-01 00:00:00,0.09441053567993575,-0.14347363857323536,0.32961623226577796,0.0
2004-08-08 00:00:00,0.09939248489989375,-0.138508141002813,0.34952607458934626,0.0
2004-08-15 00:00:00,0.10867382558033101,-0.11780559577220417,0.3525871065656105,0.2687656475512122
2004-08-22 00:00:00,0.1280742250592847,-0.10853022109001759,0.3540960586835262,0.2215888947878289
2004-08-29 00:00:00,0.15065208264577476,-0.08091205521682035,0.39636094959351764,0.2571952082841617
2004-09-05 00:00:00,0.1643093737290429,-0.07580000865974654,0.4034679004439965,0.252450249376797
2004-09-12 00:00:00,0.16671303592084935,-0.0833730686265017,0.389958322919954,0.0
2004-09-19 00:00:00,0.16851363203036063,-0.05729855513367302,0.4059803901986675,0.0
2004-09-26 00:00:00,0.17970635312375488,-0.06962529455506652,0.42196895285238106,0.0
2004-10-03 00:00:00,0.19544462430959225,-0.05817181195576937,0.4362861337834365,0.0
2004-10-10 00:00:00,0.19957221402992828,-0.0491496416854133,0.46104137006831214,0.0
2004-10-17 00:00:00,0.18291706178790845,-0.052679259945036916,0.4147248843353359,0.0
2004-10-24 00:00:00,0.1547021396909128,-0.07838908588132418,0.4021358296926106,0.0
2004-10-31 00:00:00,0.13298085683226696,-0.11204559680417725,0.37375246288273,0.0
2004-11-07 00:00:00,0.12532468655899365,-0.1258124637062107,0.3666103727895361,0.2623316288894981
2004-11-14 00:00:00,0.12298470457660682,-0.11080379533263474,0.3721760435523012,0.2455250652375413
2004-11-21 00:00:00,0.11518640052508339,-0.12161577544695057,0.3567513206032346,0.2791463253426223
2004-11-28 00:00:00,0.10526222940955766,-0.1449215843517409,0.35861889181451756,0.2129969805303383
2004-12-05 00:00:00,0.10797278191248355,-0.1320783539365164,0.34786195666068365,0.7534642831493648
2004-12-12 00:00:00,0.1308057090203093,-0.11594494495335511,0.36551340337873117,0.7159313667253946
2004-12-19 00:00:00,0.162297699328654,-0.08884929323985183,0.397425525374311,0.6997244269623317
2004-12-26 00:00:00,0.182228924844886,-0.055500150829601275,0.44280635006950364,0.8308799231629092
2005-01-02 00:00:00,0.1818925652474283,-0.062428264242656434,0.4205388943585141,0.0
2005-01-09 00:00:00,0.17051641924849162,-0.08043063394636982,0.4050514956707698,0.0
2005-01-16 00:00:00,0.1612314200195252,-0.0759230864707906,0.4088045135284958,0.0
2005-01-23 00:00:00,0.15505602385579487,-0.08687326037888546,0.380850012236009,0.0
2005-01-30 00:00:00,0.1430040152857278,-0.09218743245939287,0.37914940397755964,0.2626070372445253
2005-02-06 00:00:00,0.12282638228152204,-0.1197559650683348,0.35887300953400125,0.2785326674109521
2005-02-13 00:00:00,0.10779415666531678,-0.1201786675515143,0.35181184262400167,0.2205326715258079
2005-02-20 00:00:00,0.11441291235064048,-0.14563470006846185,0.35374595991732616,0.2383276238187145
2005-02-27 00:00:00,0.1424741754167908,-0.10667268812294406,0.37806451670104785,0.0
2005-03-06 00:00:00,0.1715694591450842,-0.08570499731803646,0.40667303367672725,0.0
2005-03-13 00:00:00,0.17963380911591273,-0.05115301132957645,0.41869508643359754,0.0
2005-03-20 00:00:00,0.16352344963231377,-0.07277733170526021,0.39409865736574007,0.0
2005-03-27 00:00:00,0.1395467698669748,-0.09776698473842199,0.38991644225006294,0.0
2005-04-03 00:00:00,0.1250489043243597,-0.11177527682831717,0.38297770663739616,0.0
2005-04-10 00:00:00,0.12258920487706317,-0.11504442134568682,0.36442878320731975,0.0
2005-04-17 00:00:00,0.12279247353754581,-0.11108427688129124,0.38011826193627574,0.0
2005-04-24 00:00:00,0.11923973629262927,-0.1401898035360522,0.3697414864810835,0.0
2005-05-01 00:00:00,0.1165525371463087,-0.13036442645310142,0.3593248319794593,0.0
2005-05-08 00:00:00,0.12365031623428079,-0.12937909635135986,0.35390659317472883,0.0
2005-05-15 00:00:00,0.14227594691611642,-0.07662337528012034,0.40451197127273963,0.0
2005-05-22 00:00:00,0.1642964790395769,-0.08146307462882971,0.4327203300054121,0.0
2005-05-29 00:00:00,0.17873204518606028,-0.06256213555784304,0.41197576237846234,0.0
2005-06-05 00:00:00,0.17886933483367082,-0.07463431498282902,0.41382967389668474,0.0
2005-06-12 00:00:00,0.16332665260268758,-0.073331700602732,0.40842300724606784,0.0
2005-06-19 00:00:00,0.13459119420732457,-0.09724814289041323,0.3846942724586131,0.0
2005-06-26 00:00:00,0.09980075321060575,-0.14682270484548193,0.34543120918113324,0.0
2005-07-03 00:00:00,0.0710929591566618,-0.17634716365794145,0.31660136077928586,0.0
2005-07-10 00:00:00,0.05992229765221675,-0.20153820420667984,0.3055247777353004,0.0
2005-07-17 00:00:00,0.06781517022626274,-0.16990412112446146,0.3246981606619481,0.0
2005-07-24 00:00:00,0.08414783444793196,-0.16370950177265237,0.3238190294986961,0.0
2005-07-31 00:00:00,0.0961348716985414,-0.1365079317688348,0.34283423003021557,0.0
2005-08-07 00:00:00,0.10151825588683996,-0.1349073949269664,0.3406116730129205,0.0
2005-08-14 00:00:00,0.10929401532923662,-0.13781373052050688,0.37412032232012205,0.4662839099328381
2005-08-21 00:00:00,0.12703333182830856,-0.12484390108884286,0.3714780782104781,0.5643031873369485
2005-08-28 00:00:00,0.14998941241995153,-0.08670726500977549,0.39826037392689245,0.4762748839902769
2005-09-04 00:00:00,0.16584457650404583,-0.06997911763023118,0.4027701365198434,0.4931380187399364
2005-09-11 00:00:00,0.16974526674059687,-0.07496156588064792,0.4194520188912243,0.2373565576303449
2005-09-18 00:00:00,0.1706545104654296,-0.053392559967797015,0.41504051815193294,0.2359030494627349
2005-09-25 00:00:00,0.18001709675189212,-0.06484077186946607,0.4219389535075726,0.2330683463085368
2005-10-02 00:00:00,0.1960058458432764,-0.03246927196008703,0.4417292794711548,0.2936720465983831
2005-10-09 00:00:00,0.20333449304534612,-0.01920823825201612,0.4354422866572493,0.7687767453070711
2005-10-16 00:00:00,0.19024039065513698,-0.03549750366636151,0.41576266164781384,0.7018354759591177
2005-10-23 00:00:00,0.1627573412982151,-0.07555134068871508,0.4119441830333304,0.7952878207362227
2005-10-30 00:00:00,0.13881294064152494,-0.10826358857454238,0.3761603739744982,0.7340999579975885
2005-11-06 00:00:00,0.1289142509912678,-0.10721885078932475,0.3592593684897565,0.0
2005-11-13 00:00:00,0.12663027608291222,-0.10840558861394489,0.3735814078919505,0.0
2005-11-20 00:00:00,0.12007065395868585,-0.11976907393541353,0.36974632497827564,0.0
2005-11-27 00:00:00,0.109568358061328,-0.13716753725695097,0.33816110030624624,0.0
2005-12-04 00:00:00,0.10900197896806299,-0.1295461288415753,0.3566265606665905,0.2740909767604353
2005-12-11 00:00:00,0.12854352995787485,-0.10926998513918024,0.3622413944524815,0.2385145835058282
2005-12-18 00:00:00,0.1599959898236999,-0.06427926211954962,0.40605961256545203,0.2175480609825716
2005-12-25 00:00:00,0.18317871877463646,-0.08036169601558282,0.41415575387812115,0.2698463787511647
2006-01-01 00:00:00,0.18620808103643127,-0.033630832039046515,0.41093131102214503,0.2531103485229095
2006-01-08 00:00:00,0.1756820906032978,-0.05573902399742112,0.42978425265385334,0.2430099629447102
2006-01-15 00:00:00,0.16549700463117814,-0.07347789913419345,0.4092993121901183,0.250884268134899
2006-01-22 00:00:00,0.15932461461474579,-0.08683662972241205,0.3870076319422518,0.2529954203974812
2006-01-29 00:00:00,0.14890679440075463,-0.08341492134528933,0.3908238748901753,0.0
2006-02-05 00:00:00,0.12960923680715353,-0.10180514758586046,0.3794378969955873,0.0
2006-02-12 00:00:00,0.11225261430123215,-0.13423364183751713,0.362628965101058,0.0
2006-02-19 00:00:00,0.1143474146658302,-0.13026521846020994,0.3706420780202578,0.0
2006-02-26 00:00:00,0.13964186898991438,-0.10058604602820898,0.36646094088562364,0.2480810013924791
2006-03-05 00:00:00,0.17045779591415905,-0.08338708016425467,0.38830692505437814,0.2653901473868599
2006-03-12 00:00:00,0.18320832279349025,-0.07185149415098666,0.42192248193745446,0.2388429098810158
2006-03-19 00:00:00,0.17060063743372275,-0.06922970450600799,0.40033740621141156,0.2476859413396451
2006-03-26 00:00:00,0.1464971625696155,-0.10041480365094357,0.37899228158242637,0.0
2006-04-02 00:00:00,0.1296122383599697,-0.12560578072567768,0.3624845201760267,0.0
2006-04-09 00:00:00,0.1255230352376593,-0.1132369482441814,0.36451926594781214,0.0
2006-04-16 00:00:00,0.1259979589539115,-0.1284622070341409,0.3870798315506848,0.0
2006-04-23 00:00:00,0.12308213082160499,-0.1341908538006092,0.3832161572918278,0.0
2006-04-30 00:00:00,0.11954172693287968,-0.13393404868283204,0.3814552282899225,0.0
2006-05-07 00:00:00,0.12444941947650588,-0.13427206360778382,0.36441838840752894,0.0
2006-05-14 00:00:00,0.14138558583527405,-0.08927430000053702,0.4121423854312207,0.0
2006-05-21 00:00:00,0.16364491993855831,-0.07981597778047833,0.40576420094359056,0.5076369059768105
2006-05-28 00:00:00,0.1800992117058437,-0.08085244285330351,0.4323250877661223,0.5104329927526982
2006-06-04 00:00:00,0.18302097151015073,-0.06124928944176794,0.42853588215565197,0.527595150270435
2006-06-11 00:00:00,0.17020137758656215,-0.06424983236690432,0.4176883926469389,0.4543349510000563
2006-06-18 00:00:00,0.1434578754524867,-0.102550662962483,0.3777235754662396,0.0
2006-06-25 00:00:00,0.10897058947206649,-0.14743902775280082,0.3575885924081104,0.0
2006-07-02 00:00:00,0.07819167118375278,-0.14847146022839935,0.32444573726228404,0.0
2006-07-09 00:00:00,0.06339189401317871,-0.1877645739814201,0.31000061302652115,0.0
2006-07-16 00:00:00,0.06837855233676085,-0.19003867187482248,0.32091051399687465,0.0
2006-07-23 00:00:00,0.08427519284378433,-0.1639574941597614,0.31253941198262924,0.0
2006-07-30 00:00:00,0.0976139358324447,-0.14169809673974204,0.3393366712998484,0.0
2006-08-06 00:00:00,0.10372465506527806,-0.15992509416886724,0.3551341307856676,0.0
2006-08-13 00:00:00,0.11027027472281181,-0.1246161793324087,0.3346800740584287,0.0
2006-08-20 00:00:00,0.12618274189718565,-0.11981230920559127,0.3771711833382796,0.0
2006-08-27 00:00:00,0.14907747114734732,-0.0765316030900377,0.40486169589873655,0.0
2006-09-03 00:00:00,0.16695544650188424,-0.07842141950923623,0.4149931395196556,0.0
2006-09-10 00:00:00,0.17267372710490367,-0.06829929227205037,0.4080328582363677,0.0
2006-09-17 00:00:00,0.1731056654284171,-0.08089089153119683,0.41495844706689894,0.0
2006-09-24 00:00:00,0.1805811157914958,-0.037533837197651576,0.4132115676336626,0.0
2006-10-01 00:00:00,0.19628077438288022,-0.04277233299109559,0.44551561122470096,0.0
2006-10-08 00:00:00,0.20639119314176957,-0.04179017344147565,0.440535902819598,0.2585154400364658
2006-10-15 00:00:00,0.19706856650481705,-0.034113318672034126,0.43757985611285377,0.2608181172909706
2006-10-22 00:00:00,0.17094864208584779,-0.0645388052533416,0.4134121983235321,0.2529751099855115
2006-10-29 00:00:00,0.14514545470331464,-0.10054573118586452,0.4002702391741887,0.227691332687052
2006-11-05 00:00:00,0.1327633377020601,-0.11745339874694716,0.3634564710063578,0.2456354018265652
2006-11-12 00:00:00,0.13010106726773418,-0.1037244241569607,0.36591664842294097,0.2691226305736289
2006-11-19 00:00:00,0.12478637268319481,-0.10551782216682082,0.36563751399831795,0.2538035744240667
2006-11-26 00:00:00,0.11420192465871518,-0.137419674567674,0.3571471727134995,0.231438393175739
2006-12-03 00:00:00,0.11072858832717347,-0.13960993531342264,0.36920518666225005,0.0
2006-12-10 00:00:00,0.12669790153200372,-0.10835061996987,0.3630903583230965,0.0
2006-12-17 00:00:00,0.15740490069677052,-0.0786475468314525,0.39771351814152694,0.0
2006-12-24 00:00:00,0.18342920101079452,-0.06556142227516812,0.4291548443292761,0.0
2006-12-31 00:00:00,0.19006991629802547,-0.06966131756841626,0.43108298675305345,0.0
2007-01-07 00:00:00,0.1808917792155494,-0.06463256827518923,0.43552467576047577,0.0
2007-01-14 00:00:00,0.1699286891924258,-0.08020048111370348,0.3928664118232721,0.0
2007-01-21 00:00:00,0.16344695303029233,-0.08451054496502264,0.40476336698563764,0.0
2007-01-28 00:00:00,0.15447784147781948,-0.08865777275929757,0.4060469051297082,0.0
2007-02-04 00:00:00,0.13643170290302825,-0.10758581898273256,0.365173204160284,0.0
2007-02-11 00:00:00,0.11737207137650384,-0.12006939513255832,0.361321819276361,0.0
2007-02-18 00:00:00,0.11508658249896592,-0.12539385028997307,0.35105926318502356,0.0
2007-02-25 00:00:00,0.1370036179980918,-0.10881314665898661,0.3607908312714771,0.0
2007-03-04 00:00:00,0.16872083443640307,-0.06907810434247241,0.41692922235669805,0.0
2007-03-11 00:00:00,0.18591098847069482,-0.06699513072244065,0.427620965140255,0.0
2007-03-18 00:00:00,0.17729826129778323,-0.08029340973670981,0.4217869181701141,0.0
2007-03-25 00:00:00,0.1537189444443041,-0.08173081272316032,0.3922864105437568,0.0
2007-04-01 00:00:00,0.1346252206888924,-0.1005698520184165,0.3695764252932426,0.0
2007-04-08 00:00:00,0.1285999086685255,-0.12585507516796568,0.36950633838553804,0.0
2007-04-15 00:00:00,0.12906136879162602,-0.12158339162837462,0.36829258419252175,0.0
2007-04-22 00:00:00,0.12688542949308584,-0.11650264004048899,0.3768611467649413,0.2399032224033995
2007-04-29 00:00:00,0.12281761902167412,-0.1070490891300594,0.37363903527976466,0.2314938612051996
2007-05-06 00:00:00,0.12566303339966103,-0.12560298931047797,0.3770451467615765,0.2331278078944295
2007-05-13 00:00:00,0.14067688885359045,-0.0949687221440915,0.3715313368141473,0.2954751084969713
2007-05-20 00:00:00,0.16279682672487433,-0.09264685827886898,0.4139711117936275,0.0
2007-05-27 00:00:00,0.18101920330748153,-0.05179875896754549,0.4321028227911082,0.0
2007-06-03 00:00:00,0.18666144510532678,-0.0586261261805216,0.4305637731529728,0.0
2007-06-10 00:00:00,0.1766214525007396,-0.06392289168621546,0.44064021363681266,0.0
2007-06-17 00:00:00,0.15206177809913565,-0.09099775737018803,0.4013044153559012,0.0
2007-06-24 00:00:00,0.11825421889555347,-0.123188961148191,0.3649842336107291,0.0
2007-07-01 00:00:00,0.08582355817873523,-0.16713121574951972,0.33256429882993455,0.0
2007-07-08 00:00:00,0.06753026015158814,-0.17809968967645767,0.3121030398097957,0.0
2007-07-15 00:00:00,0.06930405293877583,-0.16555427626066316,0.30978723500379624,0.0
2007-07-22 00:00:00,0.08429429646593393,-0.15018461368224478,0.3261714029135443,0.0
2007-07-29 00:00:00,0.0988245586589204,-0.14330037661577333,0.35103434349777296,0.0
2007-08-05 00:00:00,0.10594092122437948,-0.1182649097922795,0.35051803271784576,0.0
2007-08-12 00:00:00,0.11158040272020364,-0.13861586938840198,0.3560683362964654,0.0
2007-08-19 00:00:00,0.12558505802610603,-0.11376827550602664,0.3707751834143218,0.0
2007-08-26 00:00:00,0.1479908792310582,-0.09674604354389815,0.38707003765187187,0.0
2007-09-02 00:00:00,0.16763493253277076,-0.07913664305634038,0.4237700745650132,0.0
2007-09-09 00:00:00,0.17541604227711488,-0.05411578525146232,0.43249497110242324,0.4861654734056004
2007-09-16 00:00:00,0.17581546751125424,-0.05699841019380669,0.4316962126511442,0.4848506394871293
2007-09-23 00:00:00,0.18145400039777448,-0.05590390047926386,0.43208206355821793,0.5186220640238504
2007-09-30 00:00:00,0.19637828966302856,-0.044192563631063164,0.4329219412222863,0.5103618230834198
2007-10-07 00:00:00,0.20877798107815926,-0.028659419921052087,0.4460849224287236,0.0
2007-10-14 00:00:00,0.20331683838892098,-0.0528008985677233,0.44923384562796215,0.0
2007-10-21 00:00:00,0.17916277468668113,-0.07540761433623538,0.42295067867456915,0.0
2007-10-28 00:00:00,0.15195810793147774,-0.10160604099652282,0.405977578596232,0.0
2007-11-04 00:00:00,0.13694908305355755,-0.10418525755010755,0.3587478316679629,0.2445889756164758
2007-11-11 00:00:00,0.1334565511112505,-0.09900986930047306,0.3735141913042317,0.2549257761808064
2007-11-18 00:00:00,0.12928677267759836,-0.11799240172964687,0.3693863208062347,0.2864604082104053
2007-11-25 00:00:00,0.11906150898351742,-0.1266258676410585,0.3607803658934273,0.2140248399923125
2007-12-02 00:00:00,0.11312722307309184,-0.11848540227807791,0.35735819302465743,0.0
2007-12-09 00:00:00,0.1253673653369612,-0.12020819919489806,0.3781160106675414,0.0
2007-12-16 00:00:00,0.15464981273678774,-0.08871533783298838,0.40240487656231116,0.0
2007-12-23 00:00:00,0.18300547821454863,-0.057452437949106344,0.4218797246063552,0.0
2007-12-30 00:00:00,0.1933959754224768,-0.03646662395183159,0.4351652983393776,0.5228773072335745
2008-01-06 00:00:00,0.18607007007567483,-0.05023520622346114,0.42056813826114486,0.4795784659741594
2008-01-13 00:00:00,0.17454555840963337,-0.0640813178161708,0.4248015290259345,0.5511963375448271
2008-01-20 00:00:00,0.16748932837483224,-0.07414513705796613,0.41002638983051237,0.4463478892474389
2008-01-27 00:00:00,0.15971353361523044,-0.09124526384053422,0.3916005205671913,0.2672736903051321
2008-02-03 00:00:00,0.14319029365274952,-0.09855523682441653,0.3947669407383809,0.2358314721582889
2008-02-10 00:00:00,0.1230566248383149,-0.10531325554676374,0.3809336162362405,0.2735641297717069
2008-02-17 00:00:00,0.11666351584196316,-0.12954174665248736,0.3739396614634748,0.223330707764872
2008-02-24 00:00:00,0.13470804511719436,-0.12249963830379074,0.39976957195235696,0.2461833027263445
2008-03-02 00:00:00,0.16648117824613512,-0.08111145365865208,0.41460730968882853,0.2303954424869863
2008-03-09 00:00:00,0.18772455348294262,-0.049786559422726,0.43309060472556665,0.2723615427177935
2008-03-16 00:00:00,0.18349414261348587,-0.054370302937841924,0.41868089764603145,0.2510597120688757
2008-03-23 00:00:00,0.16111826860052245,-0.09987300723235376,0.3900153938121148,0.2586620945235826
2008-03-30 00:00:00,0.14010098667491033,-0.08666830707446077,0.39766482401444647,0.2666949671013515
2008-04-06 00:00:00,0.13188983724946404,-0.09587814574113673,0.397320481999182,0.248503423276467
2008-04-13 00:00:00,0.1320091415436131,-0.1192850741473731,0.37834440538092795,0.2261395150985988
2008-04-20 00:00:00,0.13060365142635494,-0.11752105782077205,0.3709399228444666,0.0
2008-04-27 00:00:00,0.12632537207486888,-0.11379588027089499,0.3525795539361924,0.0
2008-05-04 00:00:00,0.1272959651106018,-0.11827606811264829,0.36544406569196786,0.0
2008-05-11 00:00:00,0.1402114630880085,-0.09117942868339932,0.3845470103501968,0.0
2008-05-18 00:00:00,0.1618160670035515,-0.08910933075291866,0.40382211821675684,0.0
2008-05-25 00:00:00,0.18152175284800062,-0.06517405468016127,0.41361800971580065,0.0
2008-06-01 00:00:00,0.18979171019274882,-0.05499197109177348,0.4370945695902762,0.0
2008-06-08 00:00:00,0.18256891831173572,-0.044981788912112325,0.4258505638385566,0.0
2008-06-15 00:00:00,0.1603551829527442,-0.08748457812370505,0.40727481264412146,0.4666791883834177
2008-06-22 00:00:00,0.1275735508207701,-0.09845781491062716,0.3757903137276598,0.5205557123527275
2008-06-29 00:00:00,0.0939247942711619,-0.13848809188216343,0.31959784783710815,0.4953123102195204
2008-07-06 00:00:00,0.07234637087398463,-0.15199152715378306,0.319906518592733,0.5174527890443342
2008-07-13 00:00:00,0.07067192418858446,-0.17835564523702674,0.32659282043182425,0.0
2008-07-20 00:00:00,0.08427845383684643,-0.16897132821423144,0.32852685527093106,0.0
2008-07-27 00:00:00,0.09975916853741745,-0.1439306228093955,0.33440879964842907,0.0
2008-08-03 00:00:00,0.10809794835733101,-0.13758049686718282,0.35116985053804284,0.0
2008-08-10 00:00:00,0.11318771351436563,-0.13518006241326375,0.36255123900943015,0.2424906329880448
2008-08-17 00:00:00,0.12529039219186897,-0.09791771951847783,0.3706309312285133,0.2232380110052171
2008-08-24 00:00:00,0.14681026400521288,-0.09203635810309022,0.3820800712192362,0.2650091565091427
2008-08-31 00:00:00,0.16789395721743022,-0.08053404059590205,0.3927364253636433,0.2692621994975955
2008-09-07 00:00:00,0.17789712658139195,-0.0766968842973075,0.4229533206880121,0.0
2008-09-14 00:00:00,0.17871832075021893,-0.060281550014011975,0.42404079057928107,0.0
2008-09-21 00:00:00,0.1826721465801657,-0.06882198006739274,0.42030465626160624,0.0
2008-09-28 00:00:00,0.1964068756275353,-0.042300349733274484,0.4404183163492793,0.0
2008-10-05 00:00:00,0.210551127165525,-0.035411166444418885,0.45082622976720116,0.2591629996214369
2008-10-12 00:00:00,0.20891862759063837,-0.030961791115958842,0.4514053994208266,0.2322024084866179
2008-10-19 00:00:00,0.18728120876005408,-0.05858033308055091,0.415155492416827,0.2648658782135892
2008-10-26 00:00:00,0.15920913311623047,-0.07079025332515798,0.3942307637524324,0.2437687136783557
2008-11-02 00:00:00,0.14153764199574825,-0.09358005823085716,0.3991837638525012,0.0
2008-11-09 00:00:00,0.13676888441910784,-0.09998973196503713,0.3808541505751092,0.0
2008-11-16 00:00:00,0.1335445893992136,-0.10069564650092205,0.37705433556207,0.0
2008-11-23 00:00:00,0.12404606728158858,-0.11826792672994374,0.3739081455555737,0.0
2008-11-30 00:00:00,0.11615114104458613,-0.13022205991529767,0.35085011774486646,0.4870567199786521
2008-12-07 00:00:00,0.12463192480328474,-0.12334379207832724,0.35920654312801026,0.5288089080382099
2008-12-14 00:00:00,0.15186215159453698,-0.0979348324520164,0.39205064282275015,0.497175259262906
2008-12-21 00:00:00,0.18195570523176885,-0.07590563633976008,0.43020416856548743,0.4869591127202317
2008-12-28 00:00:00,0.19611697411965623,-0.05815634498543917,0.4393556654694763,0.2108016915107319
2009-01-04 00:00:00,0.1911309280904917,-0.043688862091431496,0.45307303277302563,0.2524880920711115
2009-01-11 00:00:00,0.17934919260202842,-0.06863184172658954,0.4345168064813762,0.2717733436027651
2009-01-18 00:00:00,0.17151825192198233,-0.0672118185475857,0.406077723712941,0.2649368728153915
2009-01-25 00:00:00,0.16462917932997753,-0.07249249264835078,0.39593898903994984,0.0
2009-02-01 00:00:00,0.14979462312103572,-0.10475800834886656,0.3920870534009037,0.0
2009-02-08 00:00:00,0.1291980959531678,-0.10789017304075826,0.3986623720345044,0.0
2009-02-15 00:00:00,0.11908429085323519,-0.11910801119692377,0.3625798512740316,0.0
2009-02-22 00:00:00,0.13289140642941466,-0.12332064001036647,0.383121796198153,0.229789592542991
2009-03-01 00:00:00,0.16387758782769932,-0.06889686664554837,0.4078450455929416,0.2687329345338764
2009-03-08 00:00:00,0.18865886527862114,-0.05346640253455026,0.43805567531133793,0.2526348282311503
2009-03-15 00:00:00,0.18907599665909594,-0.048467534695965514,0.4358696079993446,0.2488426446919822
2009-03-22 00:00:00,0.16858702046349494,-0.08853805422905184,0.40096636904221844,0.0
2009-03-29 00:00:00,0.14603379750876877,-0.08239992686330735,0.38288128293524887,0.0
2009-04-05 00:00:00,0.13546042074177728,-0.10237553833332425,0.36185719303044583,0.0
2009-04-12 00:00:00,0.13488077074225446,-0.09642978808407615,0.3820993679717606,0.0
2009-04-19 00:00:00,0.13420097496823208,-0.12009960205616221,0.37326811537035043,0.2078917953045782
2009-04-26 00:00:00,0.1300054062226549,-0.10406191826115552,0.3793666467048773,0.2281729135054916
2009-05-03 00:00:00,0.12934019788043408,-0.11509313990613401,0.3892891093636507,0.2961361120744936
2009-05-10 00:00:00,0.14004420182474855,-0.12265290038263482,0.3730495486789428,0.2677991791154366
2009-05-17 00:00:00,0.16077006204226832,-0.09438210203334621,0.4003864399378253,0.0
2009-05-24 00:00:00,0.1816432156145925,-0.04671101574279998,0.4204808726547437,0.0
2009-05-31 00:00:00,0.1924166350855695,-0.05128336910058373,0.4375839944559753,0.0
2009-06-07 00:00:00,0.18802950766999213,-0.05078289317165735,0.42432566864251214,0.0
2009-06-14 00:00:00,0.1682967103627764,-0.10237364902567109,0.39826466131266947,0.0
2009-06-21 00:00:00,0.1368540055959515,-0.1066643102120422,0.3764314282074238,0.0
2009-06-28 00:00:00,0.10242414444112452,-0.15170485919341098,0.33136269328214085,0.0
2009-07-05 00:00:00,0.07783376841716083,-0.1723207107028713,0.317700299008227,0.0
2009-07-12 00:00:00,0.07255381876832871,-0.16151589229948926,0.31538751365934536,0.4599757659036431
2009-07-19 00:00:00,0.08430926726943952,-0.1609162965838497,0.3374884284011692,0.4905208579277629
2009-07-26 00:00:00,0.10042646038038822,-0.1467851646236606,0.3482264100251826,0.4939016995415972
2009-08-02 00:00:00,0.11013163441755411,-0.10775257852570863,0.34211033724502427,0.555601676626997
2009-08-09 00:00:00,0.11504299463651846,-0.12730630672450355,0.37083867258966774,0.0
2009-08-16 00:00:00,0.125334367033376,-0.11471866709639711,0.37847345894710394,0.0
2009-08-23 00:00:00,0.14561866577572447,-0.11088761614766723,0.3948620810722028,0.0
2009-08-30 00:00:00,0.1677608061889841,-0.08073214137921819,0.407914334686136,0.0
2009-09-06 00:00:00,0.1800525825389005,-0.07473000239345101,0.4403267524188718,0.0
2009-09-13 00:00:00,0.18173798493037727,-0.05554551198339869,0.43908831284746214,0.0
2009-09-20 00:00:00,0.18425171956781783,-0.06888723033542482,0.43317099447926655,0.0
2009-09-27 00:00:00,0.19647019898542545,-0.043332139813566206,0.4467255060384692,0.0
2009-10-04 00:00:00,0.2117849789094002,-0.03883315667604656,0.4517753293442696,0.2347296070824816
2009-10-11 00:00:00,0.2138280462235341,-0.018694899327732356,0.4687690269505571,0.2329111489758165
2009-10-18 00:00:00,0.19518473720135932,-0.04487152326254945,0.44643631955811264,0.2742469011745693
2009-10-25 00:00:00,0.16683639173103484,-0.07379461991891847,0.41669916681052216,0.2581123427671325
2009-11-01 00:00:00,0.1465805366303424,-0.08306043401672034,0.3830009319085912,0.4635331596999012
2009-11-08 00:00:00,0.14011912815464547,-0.1099103326534479,0.37480940028890586,0.4912216503583872
2009-11-15 00:00:00,0.1375529836464483,-0.12044931976389794,0.38170685353204414,0.5346008053210862
2009-11-22 00:00:00,0.12905950695099358,-0.10373265442281265,0.38449300238129724,0.5106443846206253
2009-11-29 00:00:00,0.1197348413088214,-0.12986026676196455,0.3576517876891618,0.0
2009-12-06 00:00:00,0.12455036964968007,-0.11240308587536124,0.3515336696479926,0.0
2009-12-13 00:00:00,0.14917459752573295,-0.10328403020001664,0.3959886102212696,0.0
2009-12-20 00:00:00,0.18034989070030694,-0.06858123608347025,0.4362655876186282,0.0
2009-12-27 00:00:00,0.19818005928372706,-0.03795930661570529,0.4506189840174061,0.2513825828891936
2010-01-03 00:00:00,0.19598143316313948,-0.05231338332809782,0.43401115446097993,0.2348566424877253
2010-01-10 00:00:00,0.18432284019282974,-0.05119012305734763,0.4149379595433271,0.250810017232677
2010-01-17 00:00:00,0.1755962716316688,-0.06530161865150871,0.4282538184852377,0.262950757390404
2010-01-24 00:00:00,0.16925702922479058,-0.06217456057169496,0.40880602663810767,0.0
2010-01-31 00:00:00,0.15617051285934097,-0.07844479011514033,0.3966087029963985,0.0
2010-02-07 00:00:00,0.13568073717975598,-0.09170704904769061,0.37574851548617205,0.0
2010-02-14 00:00:00,0.12232855370738044,-0.12695274575081572,0.3743710724849977,0.0
2010-02-21 00:00:00,0.13167309079861736,-0.1281169139714593,0.3764653705222015,0.0
2010-02-28 00:00:00,0.16106035710698235,-0.06664968965122944,0.39875086410060057,0.0
2010-03-07 00:00:00,0.18875115107345708,-0.06347483926314623,0.4365427257932352,0.0
2010-03-14 00:00:00,0.19394591658090074,-0.058196401284964394,0.4214401911276788,0.0
2010-03-21 00:00:00,0.17600624929045083,-0.057086584892526576,0.41452131989104585,0.0
2010-03-28 00:00:00,0.15239793796785675,-0.08934169037882964,0.38989356944494835,0.0
2010-04-04 00:00:00,0.13937322149977668,-0.11159235966421405,0.39072298093661706,0.0
2010-04-11 00:00:00,0.1377271718283269,-0.09430586222827206,0.39015352832071426,0.0
2010-04-18 00:00:00,0.1376536229543091,-0.10605898215083825,0.38088002827712997,0.2878259278883183
2010-04-25 00:00:00,0.13379607537348004,-0.11095096052530373,0.3858244570563676,0.2257290681942964
2010-05-02 00:00:00,0.1317752364281562,-0.11665115485562066,0.39169094592228293,0.2384950291717567
2010-05-09 00:00:00,0.14022145952463,-0.0991974661583701,0.3667178389973478,0.2479499747456284
2010-05-16 00:00:00,0.15972829029769353,-0.09381867026996338,0.41894747525047393,0.2637959459374794
2010-05-23 00:00:00,0.18142666497599125,-0.07157449006816924,0.42544390222869183,0.2430004105802225
2010-05-30 00:00:00,0.19454550828247488,-0.05324965291922945,0.44467516009007596,0.2282789403502695
2010-06-06 00:00:00,0.1929923179874578,-0.03487981370032492,0.4400168641665547,0.2649247031320283
2010-06-13 00:00:00,0.17585098721585984,-0.0718012504708182,0.4356595001640735,0.0
2010-06-20 00:00:00,0.1460257265630207,-0.09302012532571408,0.38089745433280875,0.0
2010-06-27 00:00:00,0.11124515335921129,-0.11447539574949783,0.3689404003781467,0.0
2010-07-04 00:00:00,0.08397110196345002,-0.15611556543684207,0.3290576147206403,0.0
2010-07-11 00:00:00,0.07501041645143444,-0.19456430827715004,0.30744817167803506,0.0
2010-07-18 00:00:00,0.08447368633383194,-0.16975397060875452,0.31742659408844015,0.0
2010-07-25 00:00:00,0.10085137928840088,-0.13758098176709482,0.34366443055626944,0.0
2010-08-01 00:00:00,0.11198600212017354,-0.12571466053678398,0.3751923137711508,0.0
2010-08-08 00:00:00,0.11708701881416478,-0.1338920092222195,0.3504395768390128,0.0
2010-08-15 00:00:00,0.12573679449046465,-0.12266783655742958,0.3641740915455549,0.0
2010-08-22 00:00:00,0.14449787905897135,-0.1029815650043327,0.4004673479340164,0.0
2010-08-29 00:00:00,0.16727974517466856,-0.07512200960943916,0.4126641112694565,0.0
2010-09-05 00:00:00,0.18183157136909553,-0.06920629849294116,0.4202702753346163,0.0
2010-09-12 00:00:00,0.18479131211585723,-0.06299450240597601,0.4298592865893017,0.0
2010-09-19 00:00:00,0.18618850926925778,-0.0606564780243283,0.44596744579222364,0.0
2010-09-26 00:00:00,0.19666295788791127,-0.0425853793181285,0.4458800946123389,0.0
2010-10-03 00:00:00,0.21256871274281605,-0.03514275445550705,0.44998383505932726,0.9663543355694896
2010-10-10 00:00:00,0.21802155879394697,-0.023098504144742765,0.4561908308417176,1.2165464168680244
2010-10-17 00:00:00,0.20275811992167375,-0.034867103698542956,0.44478072094348403,0.8692319099839497
2010-10-24 00:00:00,0.17475938554083992,-0.06321113085368005,0.40972887455377993,0.9478673375785364
2010-10-31 00:00:00,0.15211163963905386,-0.08526050213630057,0.40414992921587645,0.2242968507328068
2010-11-07 00:00:00,0.1435930370095632,-0.09780090523323409,0.38119111390974114,0.2575965665277253
2010-11-14 00:00:00,0.1413254800906597,-0.10711503877899076,0.3888696614042495,0.2770604687362016
2010-11-21 00:00:00,0.13401496335936836,-0.10975564163848289,0.37667146935616613,0.2410461140032662
2010-11-28 00:00:00,0.12379741654738517,-0.12855098870245923,0.3526797753293912,0.0
2010-12-05 00:00:00,0.12515848754641007,-0.11371837839048099,0.3655019738233397,0.0
2010-12-12 00:00:00,0.14671622509559284,-0.08176421737205172,0.389941136067644,0.0
2010-12-19 00:00:00,0.1782777703130199,-0.06990519426194267,0.4179748067774797,0.0
2010-12-26 00:00:00,0.19955178876396792,-0.04770952287145194,0.4465877420459577,0.2508407254341858
2011-01-02 00:00:00,0.20052594054755804,-0.05463997616812244,0.43138059964197334,0.2674414782681722
2011-01-09 00:00:00,0.18943151413100723,-0.06496057004350259,0.4356921651415587,0.2306678675902366
2011-01-16 00:00:00,0.17977802029648832,-0.046808155189628026,0.42400249020652037,0.2510499287074055
2011-01-23 00:00:00,0.17364351073743345,-0.05267953140683862,0.40372966234594965,0.2445427240528955
2011-01-30 00:00:00,0.16226226966846513,-0.07706245499894204,0.41931460190364256,0.2525064275420344
2011-02-06 00:00:00,0.1423861064141448,-0.09730039871324397,0.3974023083010693,0.2741987206711276
2011-02-13 00:00:00,0.126351119926755,-0.11632216347392349,0.36387199479279336,0.2287521277339425
2011-02-20 00:00:00,0.1311517837715224,-0.12393785743439767,0.3718076697553142,0.2328328274684604
2011-02-27 00:00:00,0.15818623940088297,-0.06496636028221711,0.4007964562382903,0.2347940780310748
2011-03-06 00:00:00,0.18806527308350096,-0.06490559364383994,0.4177606992575467,0.255978340149686
2011-03-13 00:00:00,0.19802443003145564,-0.04275446350372908,0.44157820370341966,0.2763947543507785
2011-03-20 00:00:00,0.18325017571664823,-0.058500548993362184,0.4054736548189566,0.0
2011-03-27 00:00:00,0.15914742832982973,-0.0815592443735827,0.3808923962841938,0.0
2011-04-03 00:00:00,0.143680248994212,-0.10535574603129955,0.3990623804135089,0.0
2011-04-10 00:00:00,0.14060843827062386,-0.09585872200531981,0.3787063864504806,0.0
2011-04-17 00:00:00,0.14095122526592258,-0.07892936069747378,0.3771696111627877,0.0
2011-04-24 00:00:00,0.13763648019227664,-0.1056032877982005,0.3620898060076919,0.0
2011-05-01 00:00:00,0.13456896401063084,-0.09891642792396305,0.37836856298540333,0.0
2011-05-08 00:00:00,0.1407794491860512,-0.07945453796029031,0.38619358777093776,0.0
2011-05-15 00:00:00,0.15876055991103608,-0.08697287474684207,0.3992125776298851,0.0
2011-05-22 00:00:00,0.18092173352880075,-0.07146075762486759,0.4177309783356746,0.0
2011-05-29 00:00:00,0.19619260103595648,-0.02951986460821235,0.43153657236042503,0.0
2011-06-05 00:00:00,0.19744963322403508,-0.03008427532532601,0.4514457533718444,0.0
2011-06-12 00:00:00,0.1829881777898915,-0.06853004187412604,0.42315005689869656,0.1911179813186695
2011-06-19 00:00:00,0.1550244693990986,-0.09899388471471793,0.38314699641428795,0.2732582033309953
2011-06-26 00:00:00,0.12030832482142384,-0.12476980553350098,0.369596801382284,0.2910617831691773
2011-07-03 00:00:00,0.09072314303780848,-0.15467332453368637,0.3233749601349499,0.2445620321811578
2011-07-10 00:00:00,0.07808949709007107,-0.17167235205855585,0.32519997258588784,0.0
2011-07-17 00:00:00,0.08486087536675697,-0.169975499246672,0.3223522694128087,0.0
2011-07-24 00:00:00,0.10107442593654607,-0.15199587918696955,0.33925133520194156,0.0
2011-07-31 00:00:00,0.11361595680248769,-0.13231516119054165,0.35556511212242026,0.0
2011-08-07 00:00:00,0.11925349234121446,-0.12372930110963543,0.35656865680818517,0.2738637026054663
2011-08-14 00:00:00,0.12650108339445784,-0.11761809593412259,0.3555853466933133,0.2476687522894613
2011-08-21 00:00:00,0.14352489385816988,-0.09618019856233107,0.39852206558284703,0.2380311095101741
2011-08-28 00:00:00,0.16650893711321496,-0.09401275446891186,0.4073689424645594,0.2404364355948982
2011-09-04 00:00:00,0.18319903556500616,-0.06040874036371563,0.4272813768793374,0.2292899538817274
2011-09-11 00:00:00,0.18779222904216072,-0.07721425609754792,0.43233036271937375,0.2615060039480981
2011-09-18 00:00:00,0.18845867462153004,-0.04802537952980401,0.4174035930909183,0.249083788569116
2011-09-25 00:00:00,0.19706717849299882,-0.05134367326594935,0.43875053918014234,0.2601202536010585
2011-10-02 00:00:00,0.21300251072505957,-0.023035005804057096,0.45638541333944976,0.0
2011-10-09 00:00:00,0.22149872239079654,-0.032276159473375476,0.46975998222289844,0.0
2011-10-16 00:00:00,0.20989458935658858,-0.033866688381014615,0.44918614930794326,0.0
2011-10-23 00:00:00,0.18288209441074313,-0.048535099378252594,0.4245301406596499,0.0
2011-10-30 00:00:00,0.15814493525932094,-0.08640846306350522,0.41705513475459516,0.5237144274874804
2011-11-06 00:00:00,0.1472766152138844,-0.09564486708829942,0.3920783423610691,0.5229386908293215
2011-11-13 00:00:00,0.14489495154238827,-0.09635850284512493,0.3851194468642749,0.4848483487391252
2011-11-20 00:00:00,0.1388385970113156,-0.10174724001100482,0.4005283882215197,0.4684985329440724
2011-11-27 00:00:00,0.12824651705637877,-0.119208205650016,0.37103418904469965,0.2250558548731333
2011-12-04 00:00:00,0.1264682435122809,-0.1166009244834953,0.37705838304649564,0.2633082056733249
2011-12-11 00:00:00,0.1446077871004163,-0.1015453776091354,0.3884501198229835,0.2607409045627237
2011-12-18 00:00:00,0.17584583938219409,-0.08426793897454443,0.4154124564941952,0.250895034890818
2011-12-25 00:00:00,0.20022033767260478,-0.038467270543103116,0.44338900993048,0.0
2012-01-01 00:00:00,0.20467048633040663,-0.042760494045807035,0.4556665627598751,0.0
2012-01-08 00:00:00,0.1946230206317863,-0.06169868537039211,0.438924506062889,0.0
2012-01-15 00:00:00,0.1841066925490138,-0.036685414708979874,0.43540737917289407,0.0
2012-01-22 00:00:00,0.17784583341792087,-0.06588515441384626,0.4126293992041167,0.2371862456220472
2012-01-29 00:00:00,0.1680340560779997,-0.09439256021700182,0.42305504927916693,0.2952817355837215
2012-02-05 00:00:00,0.14919790790114176,-0.08686099297782982,0.41718016790403245,0.225198576781783
2012-02-12 00:00:00,0.13108451078787883,-0.11297615712624615,0.36832100432057546,0.2423334420124481
2012-02-19 00:00:00,0.1314024539625682,-0.09122292811989785,0.3817479946172697,0.262951097252477
2012-02-26 00:00:00,0.15541312890521733,-0.0958432117073637,0.42089094370316416,0.2557461879632992
2012-03-04 00:00:00,0.1866899835740073,-0.06810861424851417,0.4277717899041674,0.237185655451364
2012-03-11 00:00:00,0.2012539640800419,-0.03458109753890293,0.4339339242518953,0.2441170593328597
2012-03-18 00:00:00,0.19019063425487476,-0.04328893230691058,0.4332248538489487,0.0
2012-03-25 00:00:00,0.1662165993831724,-0.06311937073853405,0.41872008862307497,0.0
2012-04-01 00:00:00,0.1484207235723075,-0.0958023718372191,0.39273818355869716,0.0
2012-04-08 00:00:00,0.14359107710805513,-0.09317010901616038,0.36197482205916065,0.0
2012-04-15 00:00:00,0.14409758837008907,-0.09916093562313533,0.3924918024726357,0.0
2012-04-22 00:00:00,0.14146930910010447,-0.09425404260310882,0.38116958788465893,0.0
2012-04-29 00:00:00,0.13767900476662498,-0.10646942375146845,0.3816422141716606,0.0
2012-05-06 00:00:00,0.14174295670962064,-0.09675478328960219,0.3885764697391484,0.0
2012-05-13 00:00:00,0.1579351191365848,-0.07803396616868977,0.4108811723581314,0.2515698484053003
2012-05-20 00:00:00,0.18018417506035547,-0.05839392748036601,0.42330517120342726,0.2468591869847941
2012-05-27 00:00:00,0.1973777395712828,-0.07420426014466633,0.4375658207473549,0.2585171903920768
2012-06-03 00:00:00,0.20139691900423012,-0.052904979426059234,0.4377577239366356,0.2430537742178287
2012-06-10 00:00:00,0.18968344816123445,-0.04526253642073688,0.44716168268289613,0.0
2012-06-17 00:00:00,0.16379217627341638,-0.0851393578159653,0.39331181463745934,0.0
2012-06-24 00:00:00,0.129533210794233,-0.10843542758998093,0.36865043973670275,0.0
2012-07-01 00:00:00,0.09804221738337908,-0.1310781942080531,0.34748626936892646,0.0
2012-07-08 00:00:00,0.08182452627488349,-0.1781935483954462,0.3358105486070435,0.0
2012-07-15 00:00:00,0.08555903111991311,-0.12964543895977937,0.3314890826787036,0.0
2012-07-22 00:00:00,0.10115032681863126,-0.14728933113165027,0.34566796069693095,0.0
2012-07-29 00:00:00,0.11498957061118442,-0.1485034137933144,0.36134339581554376,0.0
2012-08-05 00:00:00,0.12147231008456533,-0.13158374183072152,0.3883670191544237,0.0
2012-08-12 00:00:00,0.12761439863755233,-0.12051504588496104,0.362153098231401,0.0
2012-08-19 00:00:00,0.1427685977857248,-0.0910882848799068,0.3985685175760127,0.0
2012-08-26 00:00:00,0.1655177625658517,-0.08744882667847426,0.4103163346132006,0.0
2012-09-02 00:00:00,0.1841371836429944,-0.054913833382646604,0.4405255741218865,0.0
2012-09-09 00:00:00,0.19065578582733816,-0.060979508387399184,0.43565906709357916,0.0
2012-09-16 00:00:00,0.19102033093011242,-0.03110582951080229,0.42903550489400977,0.0
2012-09-23 00:00:00,0.19774911070023177,-0.0421143903014759,0.45399940181901727,0.0
2012-09-30 00:00:00,0.21319332600771038,-0.01768831998417053,0.4784579392369139,0.0
2012-10-07 00:00:00,0.22428197283057744,-0.019284257613856798,0.4523261369999698,0.0
2012-10-14 00:00:00,0.2165000181478357,0.0058198265918447956,0.43499824497658957,0.0
2012-10-21 00:00:00,0.1910965116988108,-0.051052909134633534,0.43482694989613374,0.0
2012-10-28 00:00:00,0.164673152645126,-0.08763340636179212,0.4138452098103544,0.0
2012-11-04 00:00:00,0.1512516321764748,-0.08331688059724646,0.3959920792381971,0.0
2012-11-11 00:00:00,0.14831169063575936,-0.09322644740886599,0.39697005840174127,0.0
2012-11-18 00:00:00,0.14347273692205464,-0.11453072811259074,0.4035436166241074,0.0
2012-11-25 00:00:00,0.13298274091418513,-0.10795718549374789,0.37653817197127054,0.2740986293571426
2012-12-02 00:00:00,0.12846795006063283,-0.11349500243811567,0.3713721656909559,0.2160159536255399
2012-12-09 00:00:00,0.1429573354050295,-0.0888412262439188,0.393724026915219,0.2544047118569184
2012-12-16 00:00:00,0.1731736577263548,-0.06123506265531717,0.4188547306217852,0.255480705160399
2012-12-23 00:00:00,0.2001968151523693,-0.04117331293455953,0.45241308916704304,0.0
2012-12-30 00:00:00,0.2083272288341469,-0.04700079216491851,0.4475800552931644,0.0
2013-01-06 00:00:00,0.19982986838187816,-0.05064315065171163,0.44428014959520334,0.0
2013-01-13 00:00:00,0.18861110818005938,-0.0564176529539854,0.42836241382056434,0.0
2013-01-20 00:00:00,0.1819281205889296,-0.061143249905950464,0.4082667415398344,0.2901943296341715
2013-01-27 00:00:00,0.17347029728748464,-0.07667452688617182,0.40982493124586616,0.2278362353063018
2013-02-03 00:00:00,0.15600658331365214,-0.07399650350716508,0.39062639867236393,0.2447103862732718
2013-02-10 00:00:00,0.1364423004860247,-0.10623003423354543,0.3659346772509743,0.2372590487862549
2013-02-17 00:00:00,0.1324742668095571,-0.1187517205039672,0.3692542060112578,0.0
2013-02-24 00:00:00,0.15289469582700652,-0.08875612300955599,0.3946369300547252,0.0
2013-03-03 00:00:00,0.184736226219856,-0.06228555525703178,0.4158333581589169,0.0
2013-03-10 00:00:00,0.20360155656173382,-0.02944037970096386,0.4386651300276166,0.0
2013-03-17 00:00:00,0.19670176885710483,-0.05090413625880333,0.45418620544256566,0.0
2013-03-24 00:00:00,0.1735215242701145,-0.0639701146082722,0.4231518247249239,0.0
2013-03-31 00:00:00,0.15361826259851427,-0.11209902218915818,0.4020023232683557,0.0
2013-04-07 00:00:00,0.14674482115831206,-0.09361580430665492,0.3947277563134681,0.0
2013-04-14 00:00:00,0.14711080690994263,-0.07475976885290223,0.3923140570594299,0.2873686055850186
2013-04-21 00:00:00,0.14524356980359898,-0.08433716387590623,0.393450472716547,0.2064541857612903
2013-04-28 00:00:00,0.14105454125284128,-0.09531962625184759,0.3881826951472225,0.2918629237696016
2013-05-05 00:00:00,0.14312443708741854,-0.09468207300432491,0.3804341346833904,0.2143142848840894
2013-05-12 00:00:00,0.15731666720904944,-0.10109844738816015,0.4118502752934511,0.2671657173209978
2013-05-19 00:00:00,0.17927511793539105,-0.0593380469915748,0.411397637814579,0.2609475629965599
2013-05-26 00:00:00,0.1981268166727923,-0.04629175343933853,0.4269177211326578,0.2342897143646843
2013-06-02 00:00:00,0.2048329821463365,-0.037959577097015196,0.4565397795165226,0.2375970053177579
2013-06-09 00:00:00,0.19591641525691822,-0.043178895567832165,0.4467372062876432,0.0
2013-06-16 00:00:00,0.1722772420052413,-0.08874552993126675,0.41777829957549417,0.0
2013-06-23 00:00:00,0.1388403226872278,-0.11125442382733386,0.3720319487888736,0.0
2013-06-30 00:00:00,0.10586996292231243,-0.13046267084074387,0.3545731226196586,0.0
2013-07-07 00:00:00,0.086233780071871,-0.15815507217253383,0.337684042708865,0.0
2013-07-14 00:00:00,0.0866522698841467,-0.16541777091079046,0.3282760546793576,0.0
2013-07-21 00:00:00,0.10114612397341805,-0.16303328455496008,0.32698789484600854,0.0
2013-07-28 00:00:00,0.11608979005680944,-0.11495542143804982,0.3494796259427384,0.0
2013-08-04 00:00:00,0.12367296284511306,-0.11965186268955635,0.36114390854315753,0.0
2013-08-11 00:00:00,0.12904855035627089,-0.10081802310044452,0.3707512219059775,0.0
2013-08-18 00:00:00,0.14228687780594737,-0.09032335165445049,0.37485461418404986,0.0
2013-08-25 00:00:00,0.16438366547377242,-0.06488522347526304,0.42461713288157393,0.0
2013-09-01 00:00:00,0.18464617639342365,-0.04327155370416322,0.4211834324645062,0.4864142882093615
2013-09-08 00:00:00,0.1933020880293601,-0.057967704002044124,0.44065988884314033,0.5174560127551853
2013-09-15 00:00:00,0.19381589726482268,-0.04130049108441372,0.44135663116285145,0.4981124593834873
2013-09-22 00:00:00,0.19875684821440354,-0.035280041442064924,0.4648205357096387,0.4980172396519659
2013-09-29 00:00:00,0.21325042084587845,-0.03931051305947969,0.47051230563697205,0.2677249423615306
2013-10-06 00:00:00,0.22641547090792494,-0.012710262945417689,0.4731110376450044,0.251475912355902
2013-10-13 00:00:00,0.22249657193760464,-0.018443881912665855,0.4713978183805342,0.2607896419904765
2013-10-20 00:00:00,0.19928672732650962,-0.047172491018043466,0.43302989389507424,0.2200095032920907
2013-10-27 00:00:00,0.17166733893524028,-0.0571577660754744,0.42850134676613993,0.2629566571501416
2013-11-03 00:00:00,0.1555913047522336,-0.081346153916876,0.41333429265116495,0.2452814017003589
2013-11-10 00:00:00,0.15164066329056997,-0.08504366061386473,0.3854043683754973,0.2237052340228995
2013-11-17 00:00:00,0.14787823812298356,-0.11141026200304727,0.3938327006876702,0.2680567071265999
2013-11-24 00:00:00,0.13790425963325145,-0.10961125950169337,0.37716116498195085,0.0
2013-12-01 00:00:00,0.1311234211961457,-0.13095512330434145,0.3587394575332968,0.0
2013-12-08 00:00:00,0.1418563708267674,-0.09373256189531731,0.3707297147501307,0.0
2013-12-15 00:00:00,0.17038958676580165,-0.07225258367851428,0.4230436992420554,0.0
2013-12-22 00:00:00,0.1995156294412917,-0.0485486660858121,0.45924735377518733,0.0
2013-12-29 00:00:00,0.211418729318012,-0.02409053414946674,0.4626304942657155,0.0
2014-01-05 00:00:00,0.20497198157772312,-0.043965275928075254,0.43267655354910983,0.0
2014-01-12 00:00:00,0.19330350825713782,-0.04407422973981753,0.4398256564821871,0.0
2014-01-19 00:00:00,0.18595726028666554,-0.05121355229131025,0.4221260219885758,0.0
2014-01-26 00:00:00,0.1785751282350496,-0.0751387012528581,0.4100258490455405,0.0
2014-02-02 00:00:00,0.1627134660479892,-0.0856404644369535,0.4073237733829187,0.0
2014-02-09 00:00:00,0.14232313114431105,-0.09940859218497594,0.36812159913755343,0.0
2014-02-16 00:00:00,0.13438950875992606,-0.09650857673418395,0.36956287287719525,0.5717061129140699
2014-02-23 00:00:00,0.15077519264270453,-0.0748527792730864,0.3928825185591564,0.492439038762802
2014-03-02 00:00:00,0.18233358653469314,-0.06744862245021879,0.4151697091341591,0.4495261794572306
2014-03-09 00:00:00,0.20506069721999842,-0.025325866737548913,0.4597856826326781,0.4863286688658975
2014-03-16 00:00:00,0.2026648015776664,-0.04665730377413968,0.45600674982989287,0.5683927311739423
2014-03-23 00:00:00,0.18096228038870368,-0.06451655516209195,0.42118263137728745,0.4714452935622387
2014-03-30 00:00:00,0.15927863425754932,-0.10000349910932921,0.38157444912301214,0.4871280040540368
2014-04-06 00:00:00,0.15013914820962057,-0.08729716711020577,0.3812274838152748,0.4730339712097822
2014-04-13 00:00:00,0.15002268565015464,-0.0967644937523724,0.3792420658352555,0.0
2014-04-20 00:00:00,0.1489170737980294,-0.08759775484882751,0.38021460428932474,0.0
2014-04-27 00:00:00,0.14463850879064646,-0.0907860925951636,0.39286995472028396,0.0
2014-05-04 00:00:00,0.14492353267482422,-0.10771144443771669,0.39915028343345244,0.0
2014-05-11 00:00:00,0.15696432327134915,-0.08697684714437598,0.39522188622767473,0.2588559964742699
2014-05-18 00:00:00,0.1782599766267732,-0.060221439122466636,0.4117079666395492,0.2239212033771485
2014-05-25 00:00:00,0.19847214532296695,-0.04087191729175485,0.4364521064248079,0.26175404750029
2014-06-01 00:00:00,0.2077602392483129,-0.018113956257460512,0.45336898831594946,0.2554687526482914
2014-06-08 00:00:00,0.20167059049999578,-0.05424566398645875,0.436933493278621,0.2381574745415716
2014-06-15 00:00:00,0.18043445262091132,-0.0517517006947798,0.4230577672052249,0.2413995777417361
2014-06-22 00:00:00,0.14815274386159513,-0.08613644209795904,0.403225912267599,0.2674830236073668
2014-06-29 00:00:00,0.11413926042216141,-0.1309402294647744,0.3437029834601776,0.2529599241093254
2014-07-06 00:00:00,0.09131995237313656,-0.1726760571597476,0.3324391185000625,0.0
2014-07-13 00:00:00,0.08821763293048404,-0.17066762445253153,0.33705501619609224,0.0
2014-07-20 00:00:00,0.10113869300906736,-0.14236403323059144,0.3370978064744452,0.0
2014-07-27 00:00:00,0.11691541568587344,-0.1099933649863552,0.38254154335622736,0.0
2014-08-03 00:00:00,0.12578785609479665,-0.10876028913678487,0.3743062449709925,0.0
2014-08-10 00:00:00,0.13076147041143088,-0.12797016597078098,0.36436676110173416,0.0
2014-08-17 00:00:00,0.14212414481281666,-0.09611435372952798,0.3811173997194992,0.0
2014-08-24 00:00:00,0.16318856271599647,-0.075993460275736,0.4213986907471618,0.0
2014-08-31 00:00:00,0.1847438796695983,-0.04564676939809795,0.43229775228690936,0.2398437813047368
2014-09-07 00:00:00,0.19565981874745755,-0.0397716262282061,0.43984489581397596,0.2294084423698335
2014-09-14 00:00:00,0.19677496377702164,-0.0528639293414494,0.45334070823667677,0.2816429244894687
2014-09-21 00:00:00,0.20011863338438746,-0.04546534695764326,0.4275066638790829,0.2491048518359609
2014-09-28 00:00:00,0.213280730258063,-0.03796764240136749,0.4419738385232007,0.0
2014-10-05 00:00:00,0.22796291723261877,-0.032667470402293175,0.4677819426466927,0.0
2014-10-12 00:00:00,0.2278255395990861,0.002219516367176322,0.47464650343712367,0.0
2014-10-19 00:00:00,0.20733322420625763,-0.021420316432738618,0.45799083925690354,0.0
2014-10-26 00:00:00,0.17907723015032095,-0.049854445185185586,0.42183442307325814,0.0
2014-11-02 00:00:00,0.1603561719362531,-0.06497525748438274,0.4062673785488102,0.0
2014-11-09 00:00:00,0.15495789545760927,-0.1022482664084472,0.41427244046371603,0.0
2014-11-16 00:00:00,0.15203577159281,-0.0861575112961312,0.39809763950996613,0.0
2014-11-23 00:00:00,0.14291128805797512,-0.11109841272756238,0.3794029373135053,0.0
2014-11-30 00:00:00,0.13437986372443794,-0.12295048602050684,0.3739217370192256,0.0
2014-12-07 00:00:00,0.1413764887969845,-0.10986302908161155,0.3697584134185655,0.0
2014-12-14 00:00:00,0.16762593594341785,-0.08254940216265827,0.4159042600811006,0.0
2014-12-21 00:00:00,0.19823366698739045,-0.030483478340948528,0.44460524836864573,0.320224168560816
2014-12-28 00:00:00,0.21388166161464234,-0.016570964912718755,0.46134984140529756,0.1966908402039484
2015-01-04 00:00:00,0.20995969820054144,-0.04583030662824358,0.4411043536291562,0.2688035951407339
2015-01-11 00:00:00,0.19817760693474887,-0.04387880911009043,0.43789888823780176,0.2142813960945016
2015-01-18 00:00:00,0.18999790593411903,-0.029240890882460846,0.42227549193396907,0.0
2015-01-25 00:00:00,0.18336996852728954,-0.045468848711854415,0.4255599029075043,0.0
2015-02-01 00:00:00,0.16923318916693603,-0.08112681219095028,0.3956614976057917,0.0
2015-02-08 00:00:00,0.14861389784348503,-0.08945774734700179,0.38101938994892465,0.0
2015-02-15 00:00:00,0.1371420507880776,-0.09210467429865163,0.38621959400006506,0.2696165111683876
2015-02-22 00:00:00,0.1491829461577991,-0.10565516603250064,0.4119774310298205,0.2625612687492586
2015-03-01 00:00:00,0.1796241491406041,-0.07476512450804843,0.4166685681018687,0.2197805233482995
2015-03-08 00:00:00,0.20565015098389539,-0.03228930552942394,0.4516788520057904,0.2480416967340543
2015-03-15 00:00:00,0.20797043794878295,-0.028735172613025245,0.4493516642551853,0.4438761148483562
2015-03-22 00:00:00,0.18842354435749165,-0.0359283227695843,0.42436286512086574,0.5408781538563842
2015-03-29 00:00:00,0.16538558534384054,-0.07871807484017992,0.400758107803285,0.4674170422786257
2015-04-05 00:00:00,0.15383689550062213,-0.08710045499497487,0.3873121173948172,0.5478286890166337
2015-04-12 00:00:00,0.15287457023065848,-0.09588652445673834,0.42619577097261463,0.0
2015-04-19 00:00:00,0.15245550165019361,-0.08223957688159461,0.39730118574697904,0.0
2015-04-26 00:00:00,0.1483668850076785,-0.08354966614930245,0.39572950677270763,0.0
2015-05-03 00:00:00,0.14712371206123662,-0.10621513998016158,0.38991823708378726,0.0
2015-05-10 00:00:00,0.15692615227296172,-0.07420110915263547,0.3893600269151304,0.0
2015-05-17 00:00:00,0.1772033993411113,-0.054272108587881396,0.42684613289098816,0.0
2015-05-24 00:00:00,0.19844881202991993,-0.028184690239585225,0.4417637342113918,0.0
2015-05-31 00:00:00,0.21018113548485398,-0.018783700954970617,0.4486080422081033,0.0
2015-06-07 00:00:00,0.20692878947614435,-0.03515991128459883,0.45309201729514675,0.273552234003147
2015-06-14 00:00:00,0.18822041735719425,-0.06718085366332202,0.41472857241663563,0.2486892801283764
2015-06-21 00:00:00,0.1573930253389872,-0.09918140161532618,0.38914376867760947,0.2463767387925632
2015-06-28 00:00:00,0.12277172332463925,-0.12226569014254429,0.3804823934378554,0.2313817470759133
2015-07-05 00:00:00,0.09706556804147273,-0.1519329856112282,0.34033955580720693,0.2548329881990367
2015-07-12 00:00:00,0.09031750944586364,-0.156783661534874,0.3359645949041408,0.2504622666242552
2015-07-19 00:00:00,0.1012068379985378,-0.14503215808710168,0.33133972829305525,0.2463594444051787
2015-07-26 00:00:00,0.1174762106391663,-0.1439611789542462,0.34293233040987725,0.2483453007715292
2015-08-02 00:00:00,0.12775014011316305,-0.1334908680615372,0.3725736344457918,0.2281677925256546
2015-08-09 00:00:00,0.13269380288038524,-0.11209457456204402,0.3952171599574835,0.2344205618448039
2015-08-16 00:00:00,0.14230383862827628,-0.08900069599108043,0.38379660056814835,0.283070579372736
2015-08-23 00:00:00,0.16200928802177472,-0.085184077993605,0.41452292999243023,0.2543410662568053
2015-08-30 00:00:00,0.18445886460639307,-0.056693954830240756,0.43652547097272826,0.5404917218806713
2015-09-06 00:00:00,0.19766321151280788,-0.03840397852964181,0.4353366697933499,0.4923521017024372
2015-09-13 00:00:00,0.19981141090513777,-0.05469169637806853,0.45082399223037184,0.486654909908108
2015-09-20 00:00:00,0.20183562990088144,-0.051243174049345114,0.42413722426970746,0.4805012665087835
2015-09-27 00:00:00,0.21337578478880875,-0.022396064956238027,0.46290609078355527,0.7984740231786365
2015-10-04 00:00:00,0.22899378372164347,-0.00663129553064265,0.4886872571139751,0.7045616906568752
2015-10-11 00:00:00,0.2324363855349303,-0.012810721215119864,0.4833990931223851,0.7423227246220078
2015-10-18 00:00:00,0.215102181179584,-0.013939973170161934,0.4506976968905673,0.7546415615424803
2015-10-25 00:00:00,0.18681519987968984,-0.06281299212959376,0.43924872800437975,0.2856104883325214
2015-11-01 00:00:00,0.1655709561029961,-0.08360377747842085,0.42642577045546604,0.2492745040613351
2015-11-08 00:00:00,0.1583245801032271,-0.08615594912009308,0.40196693496207,0.2116358571499874
2015-11-15 00:00:00,0.15592222971694938,-0.07932433040338022,0.3938719365527236,0.253479150456156
2015-11-22 00:00:00,0.14788425187015747,-0.10983254080403049,0.39438826630819995,0.0
2015-11-29 00:00:00,0.1381362842525502,-0.10472101941396644,0.38382760013489836,0.0
2015-12-06 00:00:00,0.14153634301803078,-0.10746597216116788,0.383418448653879,0.0
2015-12-13 00:00:00,0.16498121906693963,-0.06906354917570143,0.4001212008262338,0.0
2015-12-20 00:00:00,0.19639362076022993,-0.04906227673894198,0.44018685090453336,0.2826011517928213
2015-12-27 00:00:00,0.2156329016915463,-0.03604365061314027,0.45230658517475825,0.2542277085284997
2016-01-03 00:00:00,0.21465910305395625,-0.03582780662231608,0.44659382339862513,0.2364116682621904
2016-01-10 00:00:00,0.20316823666086425,-0.025104079210504365,0.4505353369105256,0.2267594714164884
2016-01-17 00:00:00,0.19406716643636657,-0.051327537099483095,0.42855020653631126,0.2099759610750698
2016-01-24 00:00:00,0.18784871313414864,-0.06458230847606947,0.41263214134896686,0.2521485786893614
2016-01-31 00:00:00,0.1754526777433345,-0.06310996741401584,0.4191263841462717,0.2425681273436706
2016-02-07 00:00:00,0.15514945128398705,-0.08369404260056082,0.399310128326393,0.2953073328918981
2016-02-14 00:00:00,0.14065195439832978,-0.09310565649569005,0.3736859747413386,0.263912955499781
2016-02-21 00:00:00,0.148178405681116,-0.09430945280316078,0.39853826185719415,0.2630488530257743
2016-02-28 00:00:00,0.17670867371422597,-0.07308496649439006,0.4170076585190801,0.2276871704753047
2016-03-06 00:00:00,0.20536353043035843,-0.047167929034120565,0.45452861415904044,0.2453510209991397
2016-03-13 00:00:00,0.21247160310557817,-0.04536393081696574,0.4675764364997505,0.4820366961340729
2016-03-20 00:00:00,0.1957253709709132,-0.03016015527864163,0.40716694040421453,0.5602494601020901
2016-03-27 00:00:00,0.17184585780429915,-0.06581461651531287,0.4314168288267692,0.4803142249652258
2016-04-03 00:00:00,0.1578351042497117,-0.07735702929063287,0.411587667306555,0.4773996187986112
2016-04-10 00:00:00,0.15565855211095594,-0.07617185135354548,0.4057303879099841,0.1982062332833273
2016-04-17 00:00:00,0.1557758254865754,-0.09013511070206681,0.3868332719455876,0.2640995987746863
2016-04-24 00:00:00,0.1521118129057714,-0.08603913011500769,0.3906751138896861,0.2791309726896117
2016-05-01 00:00:00,0.14963184598871232,-0.09869555390052664,0.3964500658184851,0.2585631952523748
2016-05-08 00:00:00,0.15717508887859433,-0.08293124122187864,0.396835183693385,0.2295979173551059
2016-05-15 00:00:00,0.17610398871298652,-0.06824867631432543,0.4268999060874956,0.2786668246034481
2016-05-22 00:00:00,0.19802963643668772,-0.03877331443444362,0.43469878105568993,0.2320634317383769
2016-05-29 00:00:00,0.21203228565598034,-0.028194478692029734,0.4400695797347729,0.2596718263030689
2016-06-05 00:00:00,0.2116051127126334,-0.02796940611098761,0.4595429282186722,0.0
2016-06-12 00:00:00,0.19552407014024528,-0.053015024334565314,0.43204523731754163,0.0
2016-06-19 00:00:00,0.16641381124223242,-0.08096826685642755,0.4125123511343372,0.0
2016-06-26 00:00:00,0.131586120670829,-0.08677461671592757,0.3604092413089825,0.0
2016-07-03 00:00:00,0.10331663177750547,-0.12627056453403773,0.34766661370611657,0.0
2016-07-10 00:00:00,0.0928570306111621,-0.1461339359535037,0.32814474441024644,0.0
2016-07-17 00:00:00,0.10126453813449732,-0.12722106428070368,0.35799884775841573,0.0
2016-07-24 00:00:00,0.11760557874798258,-0.1210847770550953,0.34519363037580364,0.0
2016-07-31 00:00:00,0.1292863546537538,-0.12301686832942016,0.3655044167334093,0.0
2016-08-07 00:00:00,0.13453794488575282,-0.11575538147791975,0.382773074709204,0.0
2016-08-14 00:00:00,0.14257041844837542,-0.09393235720273604,0.3937139563540911,0.0
2016-08-21 00:00:00,0.1606336637319351,-0.06412657960200957,0.3967560913971127,0.0
2016-08-28 00:00:00,0.18352512983667285,-0.04880309597087351,0.42242437598651084,0.2514079480739462
2016-09-04 00:00:00,0.19892775539455745,-0.03591988770421703,0.43031748087631416,0.2698691479282989
2016-09-11 00:00:00,0.2024770316543127,-0.037606797851717944,0.44821320308347806,0.2370554237161726
2016-09-18 00:00:00,0.20350858840838823,-0.03191191097883367,0.4433683716679766,0.2416674802815822
2016-09-25 00:00:00,0.2132210497495931,-0.00841049159969115,0.4639685871127102,0.2672734252692417
2016-10-02 00:00:00,0.22918002763547907,-0.013016914164554055,0.46746845296752076,0.2522692694190057
2016-10-09 00:00:00,0.23587513935831841,0.004474939857105148,0.4823684769208734,0.1972441370329958
2016-10-16 00:00:00,0.22202405572540673,-0.03553245376181441,0.4657278219407254,0.2832131682787567
2016-10-23 00:00:00,0.19431946382398796,-0.049500650519260475,0.4439888406830462,0.0
2016-10-30 00:00:00,0.17076957253624392,-0.06300555092293433,0.3962470376124784,0.0
2016-11-06 00:00:00,0.16131735896540275,-0.0875851433381429,0.3853945099912036,0.0
2016-11-13 00:00:00,0.15903176894115656,-0.0768547397429048,0.3995497166452159,0.0
2016-11-20 00:00:00,0.15219626282896795,-0.08327072414221709,0.38256083562766013,0.0
2016-11-27 00:00:00,0.14174435443129085,-0.09945674744712629,0.3898582038962441,0.0
2016-12-04 00:00:00,0.14178236585768295,-0.08804884725439538,0.38777783890641293,0.0
2016-12-11 00:00:00,0.16198433483235225,-0.08374828499248907,0.3911337504943071,0.0
2016-12-18 00:00:00,0.19347740248571718,-0.036842594782496824,0.450224395962823,0.5503429154345839
2016-12-25 00:00:00,0.21601498045388787,-0.029419149271482176,0.46925856072926825,0.4795937395788764
2017-01-01 00:00:00,0.21832416496778237,-0.007908018920548265,0.4598799699943262,0.4740400336981727
2017-01-08 00:00:00,0.20756476337366414,-0.04986559368520954,0.4383131893035401,0.4960233112883668
2017-01-15 00:00:00,0.19752883594072682,-0.06016124429849107,0.43777164707438604,0.2652707293456923
2017-01-22 00:00:00,0.19135781678500152,-0.05346422261941572,0.44329900849305,0.2603054359340265
2017-01-29 00:00:00,0.1806012797596874,-0.06849314053317554,0.439820360028334,0.1987285551255499
2017-02-05 00:00:00,0.16107077979899173,-0.06959680996829429,0.4130304600768067,0.2756952795947311
2017-02-12 00:00:00,0.14410584136552784,-0.09420225168966675,0.3829336380806444,0.0
2017-02-19 00:00:00,0.14707409194659726,-0.08700566355998951,0.40244740116097677,0.0
2017-02-26 00:00:00,0.1729499589214817,-0.05646907657192893,0.4185083129419593,0.0
2017-03-05 00:00:00,0.2034617951161593,-0.0333344854755194,0.47982870863199373,0.0
2017-03-12 00:00:00,0.2152660179378263,-0.033023627208382644,0.45139110338049615,0.2646427765000798
2017-03-19 00:00:00,0.2018547070793429,-0.038763043179710216,0.4429447157725324,0.2450257897734319
2017-03-26 00:00:00,0.17766513259571864,-0.05068869922603805,0.4355229056469057,0.2448876320592912
2017-04-02 00:00:00,0.1611861172866339,-0.08229333655270041,0.40657822651048153,0.2454438016671972
2017-04-09 00:00:00,0.15738815652851001,-0.10617988189415356,0.40087657868394216,0.2522147354370445
2017-04-16 00:00:00,0.15776922484832986,-0.07718551928808126,0.40906745892369956,0.2543691908612001
2017-04-23 00:00:00,0.1546548532815152,-0.1077349617385418,0.4171180022146139,0.2698895945875743
2017-04-30 00:00:00,0.1511983138715563,-0.09020982331066757,0.36616326786928444,0.2235264791141811
2017-05-07 00:00:00,0.15647512684053935,-0.09630105946105527,0.4072774526558189,0.2410798609787804
2017-05-14 00:00:00,0.1737088073919537,-0.07531361479422477,0.42150034797473834,0.2097116500138903
2017-05-21 00:00:00,0.19588984079711086,-0.049462815734233806,0.45055004233584744,0.2722554930862543
2017-05-28 00:00:00,0.21189861516158595,-0.040772294038433715,0.44422070102273603,0.2769529959210751
2017-06-04 00:00:00,0.21420703409406028,-0.027291268450541167,0.4550400380047293,0.2220194810278516
2017-06-11 00:00:00,0.20077699566720486,-0.04767592419070596,0.4612677021389412,0.2307354100001871
2017-06-18 00:00:00,0.17355806119634562,-0.06177738119342471,0.39443517567235264,0.2493783243605631
2017-06-25 00:00:00,0.13891842000127658,-0.10499383582410349,0.39048662762524267,0.2978667846113979
2017-07-02 00:00:00,0.10846013794346765,-0.11466123474953327,0.3550524281798549,0.0
2017-07-09 00:00:00,0.09431709018765849,-0.13991341124490508,0.3534848905590264,0.0
2017-07-16 00:00:00,0.0998509574517924,-0.13683066022668966,0.3431150660332992,0.0
2017-07-23 00:00:00,0.11581121706387051,-0.12476927658783649,0.38108507891845667,0.0
2017-07-30 00:00:00,0.1288290467665397,-0.1252886265854753,0.3685004781289857,0.0
2017-08-06 00:00:00,0.13470960064043877,-0.1212207304499141,0.3795183610028666,0.0
2017-08-13 00:00:00,0.14141596619745772,-0.10745963513621454,0.3860486339950676,0.0
2017-08-20 00:00:00,0.15764235299853058,-0.09108064146008102,0.41553539646703436,0.0
2017-08-27 00:00:00,0.1805235205908062,-0.06486450766165372,0.40487281852254564,0.2516570667311927
2017-09-03 00:00:00,0.19795431532460395,-0.03489183489277675,0.4309395005202859,0.2553525225461167
2017-09-10 00:00:00,0.2032261755280057,-0.03969744465387623,0.4428752642599957,0.2591538444944193
2017-09-17 00:00:00,0.20365797822826037,-0.04410200129806677,0.4453886848775481,0.233836566228271
2017-09-24 00:00:00,0.2114495281074545,-0.014351776478915945,0.45663789136736005,0.2092281429488638
2017-10-01 00:00:00,0.22718720726993324,0.01617834483197872,0.4699526353180603,0.2474845363927212
2017-10-08 00:00:00,0.23671792116032014,-0.016903543790962705,0.4823280545201971,0.2573502655029887
2017-10-15 00:00:00,0.2265691835530835,-0.022487689013037465,0.46821884543817244,0.2859370551554262
2017-10-22 00:00:00,0.20006646069195422,-0.027110437127740056,0.44235289225699603,0.0
2017-10-29 00:00:00,0.17454051767352896,-0.06808806024920702,0.4107839873822015,0.0
2017-11-05 00:00:00,0.16260916735558767,-0.07792953339089026,0.3865729485450591,0.0
2017-11-12 00:00:00,0.159997791211497,-0.10404313864998382,0.3968567319999394,0.0
2017-11-19 00:00:00,0.154378084339406,-0.08715138633384284,0.40619435057631653,0.0
2017-11-26 00:00:00,0.14371202037432496,-0.1110349022078384,0.3654849805475245,0.0
2017-12-03 00:00:00,0.14072583615963882,-0.09599463738840364,0.390669175573399,0.0
2017-12-10 00:00:00,0.1573177037823148,-0.07661419453467458,0.4180769631759365,0.0
2017-12-17 00:00:00,0.18812085771959933,-0.04931844147224018,0.44352547899424677,0.5496746878300457
2017-12-24 00:00:00,0.21350618348733466,-0.02675557186443278,0.4697992100784387,0.416469918898367
2017-12-31 00:00:00,0.2193014594516634,-0.022302685608735467,0.471697148914946,0.5476267919972246
2018-01-07 00:00:00,0.2097047932480092,-0.02519305227346219,0.4544948991428786,0.4862286012743624
2018-01-14 00:00:00,0.1987744450283444,-0.050664582322675206,0.43716069238003086,0.2016284611935156
2018-01-21 00:00:00,0.1922690868708713,-0.07126748761271193,0.4284574709717845,0.2581518272892542
2018-01-28 00:00:00,0.18292019254843467,-0.05462600085595193,0.43794380547039047,0.2818248375234488
2018-02-04 00:00:00,0.16449025274522816,-0.07846639250016518,0.41384767112882354,0.2583948739937813
2018-02-11 00:00:00,0.14561228851338018,-0.0956182006089141,0.3986339939612819,0.2564556558596672
2018-02-18 00:00:00,0.1440765008014031,-0.0962961745685027,0.3942971311667933,0.2442970332441241
2018-02-25 00:00:00,0.1666040780800431,-0.08680062077797432,0.41593757095236655,0.2620933599038408
2018-03-04 00:00:00,0.19809975409216388,-0.03976553507691999,0.4241295145233335,0.2371539509923678
2018-03-11 00:00:00,0.21432005730017276,-0.02497156876753459,0.4472358514757456,0.2272193433737906
2018-03-18 00:00:00,0.20476523271829247,-0.04745274986675796,0.4431702277239199,0.2575942670373596
2018-03-25 00:00:00,0.18091882266979945,-0.0587301515150796,0.42861865388364206,0.3133197352511833
2018-04-01 00:00:00,0.16213893829559134,-0.07949787524072419,0.4142019066887058,0.2018666543376663
2018-04-08 00:00:00,0.15641440939221463,-0.10385562996663805,0.40900412336411895,0.674177219526959
2018-04-15 00:00:00,0.15679518368387738,-0.09891042883340473,0.399177444391155,0.7190791323901197
2018-04-22 00:00:00,0.15435795354215445,-0.09821362232573605,0.3891684988212415,0.7185779270985273
2018-04-29 00:00:00,0.15026128115782306,-0.08722137256771137,0.4221241928893186,0.8881657209843943
2018-05-06 00:00:00,0.15339747525830538,-0.08652105930642964,0.38965573903982903,0.2244386793101219
2018-05-13 00:00:00,0.16870330734315367,-0.06565013747129358,0.42744892963878517,0.2492990074980394
2018-05-20 00:00:00,0.19077292868374784,-0.037423611761947945,0.44972380660137157,0.2850070418339546
2018-05-27 00:00:00,0.20855492479116255,-0.03604677813481824,0.448410415313002,0.2412552713578839
2018-06-03 00:00:00,0.21355104260557162,-0.025373791246256217,0.4495687133751113,0.2529204312928385
2018-06-10 00:00:00,0.20284303133655185,-0.028519730001978633,0.43760367085180557,0.2588432072484234
2018-06-17 00:00:00,0.17772421983968054,-0.07377855709481682,0.43810278132027797,0.2406290956058279
2018-06-24 00:00:00,0.14364350891273486,-0.11617028117181744,0.38900055509894205,0.2476072658529101
2018-07-01 00:00:00,0.11140031175751983,-0.1382514851371358,0.35277537977011597,0.0
2018-07-08 00:00:00,0.09368278490560028,-0.1519151317611953,0.33820238051560925,0.0
2018-07-15 00:00:00,0.09601189062707878,-0.16962905475833928,0.3326060670469303,0.0
2018-07-22 00:00:00,0.11111313390050016,-0.12966338010601208,0.35014980941014806,0.0
2018-07-29 00:00:00,0.12531339676947123,-0.10835567349345243,0.36170308189105527,0.2656790618644167
2018-08-05 00:00:00,0.13210065150729014,-0.10275197395814378,0.3774170483030751,0.2718292908357362
2018-08-12 00:00:00,0.13778515099068223,-0.095363668399501,0.39373987454004655,0.2389803952538232
2018-08-19 00:00:00,0.15206518860471507,-0.07575230570178235,0.3933508323929026,0.2235112520460238
2018-08-26 00:00:00,0.17449329958860432,-0.06510530382863713,0.417998156936322,0.2564832545688371
2018-09-02 00:00:00,0.19369973265720042,-0.049688971993963355,0.4308876963751315,0.2503408581253616
2018-09-09 00:00:00,0.20091340960884527,-0.037908108770037,0.4481480848892985,0.2220678026015229
2018-09-16 00:00:00,0.20114373528277105,-0.04194449758224955,0.45274151569951043,0.2711080847042783
2018-09-23 00:00:00,0.20700137321383819,-0.046463575330570606,0.4821127962977155,0.0
2018-09-30 00:00:00,0.22197717013698431,-0.03563400872494993,0.45298197532019185,0.0
2018-10-07 00:00:00,0.23382197995814208,-0.00897364034287737,0.46539615738437584,0.0
2018-10-14 00:00:00,0.22744798859351026,-0.018489634752023365,0.476839853366363,0.0
2018-10-21 00:00:00,0.20271545015313086,-0.045324464404748716,0.4413430040062614,0.2754205889245379
2018-10-28 00:00:00,0.17561129242252962,-0.05831662659853648,0.4145150752558904,0.2588554875173974
2018-11-04 00:00:00,0.16099480740701072,-0.07998583287775857,0.37933921817319727,0.2360325577280948
2018-11-11 00:00:00,0.15756528613214377,-0.07983039982152446,0.4158759688281396,0.2296913658299699
2018-11-18 00:00:00,0.15304018137957479,-0.10561544079837071,0.38669419820517964,0.5608930628080908
2018-11-25 00:00:00,0.14257181324637536,-0.10482619683457062,0.39501235474673346,0.4533265346426154
2018-12-02 00:00:00,0.1369518444828654,-0.11374999135243669,0.3811980747196414,0.5248174809551854
2018-12-09 00:00:00,0.14980503601480294,-0.08254861099341548,0.3877166262080998,0.4609629215941082
2018-12-16 00:00:00,0.17928533895181098,-0.05770565120728707,0.4238875731005619,0.2277496494602957
2018-12-23 00:00:00,0.20708056733191837,-0.028278287659302792,0.43980288236916587,0.2540782554415301
2018-12-30 00:00:00,0.21657630741288164,-0.02504639167080877,0.4566355674343525,0.2431763255468109
2019-01-06 00:00:00,0.20870081606447397,-0.04291853316737773,0.46438021948403274,0.2749957695513631
2019-01-13 00:00:00,0.19712766570729245,-0.04545627265864646,0.423362020100129,0.7144102271277781
2019-01-20 00:00:00,0.19006540627707494,-0.05241479625206344,0.4330389956179388,0.8074695873184173
2019-01-27 00:00:00,0.18193487349023915,-0.07344098459136511,0.4320957246723261,0.6621781142374596
2019-02-03 00:00:00,0.16495111199325632,-0.07469382317925524,0.41438857025945786,0.8159420713163451
2019-02-10 00:00:00,0.14484317759282767,-0.10004579938722508,0.39981566645553895,0.2443058940808873
2019-02-17 00:00:00,0.13910479328470962,-0.09127245117807412,0.3754328332032568,0.2619248216645198
2019-02-24 00:00:00,0.15781809969079705,-0.08387168443528839,0.41014678262211923,0.2231314367450833
2019-03-03 00:00:00,0.18950871841474762,-0.048606887869549587,0.44341544358797963,0.2706378475095094
2019-03-10 00:00:00,0.20983949450784606,-0.03285112345820007,0.45661453162242666,0.2670635092069663
2019-03-17 00:00:00,0.2045680244450382,-0.04195084678369321,0.43924045689581526,0.2382654358898415
2019-03-24 00:00:00,0.18175730583342958,-0.07550728646046473,0.4135955949127921,0.24730229769152
2019-03-31 00:00:00,0.16095764510247315,-0.08370701990906701,0.4115667386091746,0.2473687572116721
2019-04-07 00:00:00,0.15306108635898683,-0.10140924373977656,0.4035672948300012,0.0
2019-04-14 00:00:00,0.15313745333171752,-0.07643932738797118,0.39035448232820463,0.0
2019-04-21 00:00:00,0.15143977612037318,-0.08961362353332056,0.3891422963978223,0.0
2019-04-28 00:00:00,0.14703991198702945,-0.11123395525662233,0.3731700248204187,0.0
2019-05-05 00:00:00,0.14822860781934388,-0.10073534288658587,0.3859310814962271,0.2420392829311644
2019-05-12 00:00:00,0.16143565904219537,-0.06963970526363716,0.39677626714885517,0.2423841396822632
2019-05-19 00:00:00,0.1830337014560135,-0.06640145826611774,0.41578893992898075,0.2653762894935577
2019-05-26 00:00:00,0.20232780188750105,-0.04560453613688287,0.4438438735822021,0.2502002878930147
2019-06-02 00:00:00,0.20994117863343298,-0.02693784454604667,0.45918282551926454,0.0
2019-06-09 00:00:00,0.2020129135232533,-0.0381738810170664,0.44977484332780276,0.0
2019-06-16 00:00:00,0.1791784282591672,-0.07601569923343288,0.4269110163128723,0.0
2019-06-23 00:00:00,0.14602554691910902,-0.10986457900030466,0.39722200462698254,0.0
2019-06-30 00:00:00,0.1124454733003333,-0.10945740602083659,0.3582927455505295,0.2743816587784918
2019-07-07 00:00:00,0.09136423025085609,-0.15268387590158677,0.3501284339944672,0.2585804860478412
2019-07-14 00:00:00,0.09025465368746473,-0.14427070049049057,0.32192975653935996,0.2010782385838842
2019-07-21 00:00:00,0.10403594091524113,-0.14265333650258938,0.3379255474139691,0.2659596165897826
2019-07-28 00:00:00,0.11920955619950827,-0.11762539923925852,0.3514083342648221,0.2315893500232027
2019-08-04 00:00:00,0.1271499333374129,-0.11618937624204612,0.3860473894098153,0.2482033867868049
2019-08-11 00:00:00,0.13218022004800287,-0.1144760932898648,0.38592434209709703,0.2804603143872985
2019-08-18 00:00:00,0.1445187617750033,-0.09460213036638651,0.3998971499789137,0.2397469488026938
2019-08-25 00:00:00,0.1661056037471401,-0.08290117501325028,0.4061786429034212,0.2680582708320431
2019-09-01 00:00:00,0.18679041458526754,-0.045606413558306164,0.43045349687679096,0.219487508611269
2019-09-08 00:00:00,0.19620088658827928,-0.04531213065143602,0.43837332993612543,0.2909557920150735
2019-09-15 00:00:00,0.19676171636578277,-0.04844423831159875,0.44051927100328436,0.2214984285416144
2019-09-22 00:00:00,0.20089576671877274,-0.03437457246259837,0.4508013112817565,0.0
2019-09-29 00:00:00,0.21475760066191174,-0.03655804825890052,0.4570014795724617,0.0
2019-10-06 00:00:00,0.22845833091841694,-0.02026725572556104,0.4765886292714658,0.0
2019-10-13 00:00:00,0.22592864570666232,-0.01775215269260516,0.4807968711083972,0.0
2019-10-20 00:00:00,0.2036071347750631,-0.05530494968350766,0.4357025831821921,0.0
2019-10-27 00:00:00,0.17552283487386094,-0.05803995467960624,0.4319836060572608,0.0
2019-11-03 00:00:00,0.15824133494245235,-0.07688929025956681,0.3925248854642154,0.0
2019-11-10 00:00:00,0.15362248059948896,-0.09778523955183743,0.40087441284607706,0.0
2019-11-17 00:00:00,0.1500895304292829,-0.10111254180338436,0.39773281319049847,0.0
2019-11-24 00:00:00,0.1402804164957679,-0.09798629141249471,0.38232953698073474,0.0
2019-12-01 00:00:00,0.13259583954214865,-0.09555902099569982,0.3883970194353117,0.0
2019-12-08 00:00:00,0.14168493293616014,-0.11516420319185677,0.37850186263297025,0.0
2019-12-15 00:00:00,0.16923263846619355,-0.085931120243838,0.4138175791338218,0.0
2019-12-22 00:00:00,0.19888948875692045,-0.042769425986647513,0.4388263870292769,0.0
2019-12-29 00:00:00,0.21216085051948746,-0.03777539736751265,0.46576151393284226,0.0
2020-01-05 00:00:00,0.2065294827402836,-0.03913485082578333,0.4393602692571776,0.0
2020-01-12 00:00:00,0.19463106714322012,-0.04809489069304013,0.3978111581998712,0.2654183038195122
2020-01-19 00:00:00,0.18682752201998537,-0.06618303575812023,0.4299772779768586,0.2232134782598228
2020-01-26 00:00:00,0.1796474669802925,-0.0711070918391194,0.4326479273875868,0.2477038820495476
2020-02-02 00:00:00,0.16432711685806614,-0.053476783267181055,0.40302198245628007,0.2636643358711172
2020-02-09 00:00:00,0.14363600458939502,-0.08780895001613248,0.3896824754562944,0.0
2020-02-16 00:00:00,0.1340905716021773,-0.11391203527767835,0.3830846810684747,0.0
2020-02-23 00:00:00,0.14862781582795836,-0.09950352041570215,0.398508321120717,0.0
2020-03-01 00:00:00,0.17969780227679116,-0.05686434612779068,0.4203802250435399,0.0
2020-03-08 00:00:00,0.20367848354783608,-0.029801555318791695,0.4564527734292524,0.2592646504677829
2020-03-15 00:00:00,0.20301129128874892,-0.04834926178999846,0.4578315272714355,0.2605939549290424
2020-03-22 00:00:00,0.1819509691658558,-0.05701958863634238,0.41955598638577135,0.2294897635164616
2020-03-29 00:00:00,0.15952934890278928,-0.0748229781278629,0.40429619690188073,0.2506516310867129
2020-04-05 00:00:00,0.14929858251831915,-0.08109997917921671,0.3892195926434418,0.0
2020-04-12 00:00:00,0.14874810869023017,-0.08824891992677361,0.38402722660893795,0.0
2020-04-19 00:00:00,0.14779044415855302,-0.10715543494002822,0.3740010587268615,0.0
2020-04-26 00:00:00,0.1434165696674116,-0.10347656037777725,0.37245399074382046,0.0
2020-05-03 00:00:00,0.14291732421457626,-0.10782285567420402,0.37434855910130616,0.256001249629032
2020-05-10 00:00:00,0.15392957314065117,-0.08221605114194036,0.40811672862790815,0.2691598568142948
2020-05-17 00:00:00,0.1747193643350918,-0.0682370722253895,0.43680206042958203,0.2089459990472915
2020-05-24 00:00:00,0.19524570555484697,-0.03974848974011436,0.43042087757082953,0.2658928945093816
2020-05-31 00:00:00,0.20539003282003698,-0.024883729619564393,0.436461978375213,0.2631057850477318
2020-06-07 00:00:00,0.2002953094598577,-0.04128555851001703,0.4464924708159074,0.2370777121344269
2020-06-14 00:00:00,0.1799168021230908,-0.05082789988357403,0.43289253131034106,0.263917687921231
2020-06-21 00:00:00,0.14804298664440563,-0.11076968871912768,0.3865011256887181,0.2358988148966103
2020-06-28 00:00:00,0.11359463671901479,-0.13012199148539344,0.3481460650245005,0.0
2020-07-05 00:00:00,0.08944206866491057,-0.15794701327754757,0.33478487598035844,0.0
2020-07-12 00:00:00,0.08475196226386965,-0.15464053971692748,0.32922420406893893,0.0
2020-07-19 00:00:00,0.0967740489292189,-0.13822004695763107,0.3512906190876869,0.0
2020-07-26 00:00:00,0.1126522852240993,-0.1254635467285709,0.35443338561742294,0.0
2020-08-02 00:00:00,0.12193652312030906,-0.13620696191053072,0.36239975457549595,0.0
2020-08-09 00:00:00,0.1267138198234424,-0.11425519293016445,0.3676158666211371,0.0
2020-08-16 00:00:00,0.13721635926942174,-0.1098332174773835,0.3681049940279255,0.0
2020-08-23 00:00:00,0.15763302126227682,-0.0807855785115939,0.40157273022580847,0.0
2020-08-30 00:00:00,0.1794560979087119,-0.04839447081781528,0.43442902493050894,0.0
2020-09-06 00:00:00,0.19114946053715998,-0.06527217199241594,0.4384700848228952,0.0
2020-09-13 00:00:00,0.19248796037108276,-0.03881687115583654,0.4276917382956379,0.0
2020-09-20 00:00:00,0.1951261992176353,-0.04979544138846825,0.4288566111032036,0.2533203584618799
2020-09-27 00:00:00,0.20752951194334346,-0.042408415223446405,0.4398974423036487,0.2258867043272962
2020-10-04 00:00:00,0.2225167849605563,-0.031066032110739827,0.4644678647034743,0.2685306436717772
2020-10-11 00:00:00,0.22370260809672127,-0.014619360812152149,0.4760984499565462,0.2522622935390465
2020-10-18 00:00:00,0.2042865117241412,-0.04022605750873118,0.46532931860148835,0.0
2020-10-25 00:00:00,0.17580418997611258,-0.07823810075937335,0.41836879668282406,0.0
2020-11-01 00:00:00,0.1559135051964124,-0.09826958093621241,0.39046796818157836,0.0
2020-11-08 00:00:00,0.1496818238615614,-0.08482668134518931,0.38780546803062177,0.0
2020-11-15 00:00:00,0.14687082507708069,-0.10780155367810451,0.3584550132349109,0.2509696720184861
2020-11-22 00:00:00,0.1380188375216026,-0.09584362617007613,0.39286981698042733,0.2514211670448009
2020-11-29 00:00:00,0.12879707156495318,-0.13035647457183325,0.369740452628214,0.2755025406690672
2020-12-06 00:00:00,0.13419243847956355,-0.11698710309544619,0.3846873893107998,0.2221066202676457
2020-12-13 00:00:00,0.1592380071685787,-0.08503771533190815,0.40861260050417153,0.526392119207587
2020-12-20 00:00:00,0.190111752211692,-0.058294348643293914,0.4479959813249154,0.4662188851011654
2020-12-27 00:00:00,0.20708230694888763,-0.03239601169780673,0.4557240951553691,0.5278160125020653
2021-01-03 00:00:00,0.20415314027299167,-0.041198243360935416,0.4532802465543756,0.4795729831891824
2021-01-10 00:00:00,0.19229639148797997,-0.03511667914942407,0.45574213975103145,0.0
2021-01-17 00:00:00,0.1836144996591316,-0.06440511717368103,0.42946903131854425,0.0
2021-01-24 00:00:00,0.17705302521131266,-0.06389201289933222,0.43572520013540034,0.0
2021-01-31 00:00:00,0.16347722228048084,-0.08289407156101747,0.4035616528985674,0.0
2021-02-07 00:00:00,0.14278332656916426,-0.10609971425682474,0.39197393417883686,0.2754727060740106
2021-02-14 00:00:00,0.1298964430579054,-0.11796432173357763,0.36967432084111096,0.2366403984170173
2021-02-21 00:00:00,0.14000468437061142,-0.09479811703701174,0.38203043415216986,0.2330955819858639
2021-02-28 00:00:00,0.16963434555920875,-0.08088349826648808,0.40965160269322615,0.2547913135231083
2021-03-07 00:00:00,0.19665835415419505,-0.04425164242910337,0.431156171331344,0.2613602012563492
2021-03-14 00:00:00,0.2007540550443688,-0.04765851075226071,0.4567968015259386,0.2317138493443567
2021-03-21 00:00:00,0.18211346334251488,-0.0650082633476948,0.43217431241439797,0.2528379815392122
2021-03-28 00:00:00,0.15853371133091862,-0.07787792085514997,0.4012735975510009,0.2540879678600818
2021-04-04 00:00:00,0.145861879784146,-0.11020678328996897,0.39637647011235677,0.242018899964187
2021-04-11 00:00:00,0.14431846009346563,-0.0844326406002725,0.4112367348284658,0.2449151753768098
2021-04-18 00:00:00,0.1439967562161794,-0.0943457115758804,0.40620201100101744,0.2595932895763957
2021-04-25 00:00:00,0.13991350407471304,-0.10340402202457877,0.38664548533345966,0.2534726350826072
2021-05-02 00:00:00,0.13799987088865964,-0.0918393791199767,0.3922731951999383,0.0
2021-05-09 00:00:00,0.14675814006677423,-0.0887263728363556,0.3922961727799148,0.0
2021-05-16 00:00:00,0.16639460082819776,-0.08818218341119605,0.3959082541699235,0.0
2021-05-23 00:00:00,0.1878164478036485,-0.07010090387253565,0.42813501384289726,0.0
2021-05-30 00:00:00,0.20034059785127112,-0.05015202081170711,0.43099381571650136,0.0
2021-06-06 00:00:00,0.19808184905572065,-0.036364882384369246,0.43856514225648224,0.0
2021-06-13 00:00:00,0.18027454109175156,-0.05966189698604457,0.41628487445437606,0.0
2021-06-20 00:00:00,0.14996523919094754,-0.09434902746473042,0.39479984352895414,0.0
2021-06-27 00:00:00,0.1150810626326886,-0.136509557918027,0.3563004104630968,0.268732953656813
2021-07-04 00:00:00,0.08817526287651996,-0.14631723313361755,0.34997998069328734,0.2460622329482397
2021-07-11 00:00:00,0.07981281587264318,-0.16382325066516396,0.3382165462084863,0.2498635460768389
2021-07-18 00:00:00,0.08962809419808433,-0.1523975258273782,0.33110652922962,0.2353412673181084
2021-07-25 00:00:00,0.10584637668072777,-0.1464948988407337,0.3593432521845138,0.2586475855388824
2021-08-01 00:00:00,0.11655420204664452,-0.12859933120229905,0.33926543471176096,0.2282287384708998
2021-08-08 00:00:00,0.12144867368169741,-0.12430835322915029,0.3691079393629014,0.2327042500568719
2021-08-15 00:00:00,0.13026975173661232,-0.11378872425840414,0.3775797367656917,0.2804194259333458
2021-08-22 00:00:00,0.14921516535683213,-0.1161085835271044,0.38494813287440055,0.0
2021-08-29 00:00:00,0.17176383110816276,-0.08336336724162224,0.4162161511501147,0.0
2021-09-05 00:00:00,0.1857305343956193,-0.05694771910209562,0.4370179207017175,0.0
2021-09-12 00:00:00,0.1882648613946126,-0.06522221610412093,0.43071800187771986,0.0
2021-09-19 00:00:00,0.18971629818985028,-0.054431212792640876,0.43108916973132877,0.0
2021-09-26 00:00:00,0.20041282307956765,-0.011600761210491528,0.4623599682956454,0.0
2021-10-03 00:00:00,0.21610627698440688,-0.03667919689965096,0.47146283485577295,0.0
2021-10-10 00:00:00,0.22076353518840447,-0.021762115249001235,0.4555907935676061,0.0
2021-10-17 00:00:00,0.20465825479551672,-0.042563993082154084,0.44012366865406977,0.0
2021-10-24 00:00:00,0.17639872457188396,-0.07026581345732572,0.4305740718788151,0.0
2021-10-31 00:00:00,0.1540686419623306,-0.0947238683945876,0.40122350723713995,0.0
2021-11-07 00:00:00,0.1458475184918378,-0.09175100509572934,0.38556437172273694,0.0
2021-11-14 00:00:00,0.14341192429936314,-0.11505122569732867,0.3944862982786064,0.2432369069776826
2021-11-21 00:00:00,0.13571572052754619,-0.10458727646621646,0.38317913386998614,0.2572405566158314
2021-11-28 00:00:00,0.12549441085684457,-0.11407461443064965,0.363318267912883,0.2729388079047782
2021-12-05 00:00:00,0.12738435456543812,-0.13080279362117336,0.3546643394519068,0.2265837285017078
2021-12-12 00:00:00,0.1494472623196817,-0.09330450772894439,0.39055920832094515,0.0
2021-12-19 00:00:00,0.18084831688953376,-0.047717295075455024,0.4374013419172632,0.0
2021-12-26 00:00:00,0.20131742641492678,-0.06157620235114228,0.4399712774585283,0.0
2022-01-02 00:00:00,0.201489938701623,-0.03875110558539621,0.4535765263463597,0.0
2022-01-09 00:00:00,0.19010516345206085,-0.045595087122142525,0.43279264166911724,0.0
2022-01-16 00:00:00,0.1804950908101291,-0.056102450991381725,0.4298264637805237,0.0
2022-01-23 00:00:00,0.17420695178400802,-0.06432068416940318,0.4231630240031935,0.0
2022-01-30 00:00:00,0.1623527764651136,-0.07288553731914083,0.39642171826008116,0.0
2022-02-06 00:00:00,0.1421770472357849,-0.10576220828203298,0.382430484544693,0.0
2022-02-13 00:00:00,0.12649153337574343,-0.117330750914511,0.3546476804525365,0.0
2022-02-20 00:00:00,0.13206063944571939,-0.11934390428778247,0.3651096897961912,0.0
2022-02-27 00:00:00,0.15948238911506568,-0.09369528239216368,0.40016558040100786,0.0
2022-03-06 00:00:00,0.1888452286754218,-0.04555251347812747,0.43555581336451343,0.0
2022-03-13 00:00:00,0.19771965716025944,-0.0397189378577569,0.4339241542193742,0.0
2022-03-20 00:00:00,0.1821261502374152,-0.055712622003698586,0.41549069895848106,0.0
2022-03-27 00:00:00,0.15793422700587875,-0.09113767372542877,0.41796511957029625,0.0
2022-04-03 00:00:00,0.14280992803001874,-0.10458913884874632,0.4007528553919582,0.0
2022-04-10 00:00:00,0.13991105119258598,-0.10492805886389162,0.3754556261731202,0.0
2022-04-17 00:00:00,0.1400489793519083,-0.1156644510146167,0.39034603556474046,0.0
2022-04-24 00:00:00,0.13647215858953268,-0.12493360206491627,0.37855558751306106,0.0
2022-05-01 00:00:00,0.13344840260769114,-0.11008113602272113,0.36888875262394416,0.0
2022-05-08 00:00:00,0.1399610759177184,-0.11331238006405092,0.38231375216877606,0.0
2022-05-15 00:00:00,0.15812998093763433,-0.07769652834086413,0.39875990569181197,0.0
2022-05-22 00:00:00,0.1800883761551077,-0.08162432759959323,0.4136459779507529,0.0
2022-05-29 00:00:00,0.19480610315049296,-0.06335245012050308,0.43706689145478045,0.5861497998106859
2022-06-05 00:00:00,0.19536418604715378,-0.04019835569336758,0.4357635642989184,0.4808568272237729
2022-06-12 00:00:00,0.18022074461539453,-0.05539444883202077,0.43365266161031785,0.4577790961907192
2022-06-19 00:00:00,0.15172688292536807,-0.08870363336735715,0.3954292856858127,0.4752142767748219
2022-06-26 00:00:00,0.1168256928340244,-0.13147077478660835,0.37363187358111427,0.0
2022-07-03 00:00:00,0.08753125866907455,-0.16213004357504807,0.3274183818110199,0.0
2022-07-10 00:00:00,0.07548770560783447,-0.177117735606742,0.3241224433305346,0.0
2022-07-17 00:00:00,0.0826870540089464,-0.16474990269511003,0.3311223767813028,0.0
2022-07-24 00:00:00,0.09882930797803746,-0.1486892990145089,0.33177791527684375,0.5642236272861472
2022-07-31 00:00:00,0.11095550056373399,-0.14666079438464447,0.3315783096720996,0.4747722567384206
2022-08-07 00:00:00,0.11631964953254523,-0.1247858903298596,0.3530353052074866,0.5171240340223338
2022-08-14 00:00:00,0.12368564085048374,-0.12185760018277242,0.35919374872965865,0.4438800819530983
2022-08-21 00:00:00,0.14093026214035573,-0.10279213725481051,0.3803744769392605,0.0
2022-08-28 00:00:00,0.16376919540923177,-0.07059288200459399,0.4071854432751589,0.0
2022-09-04 00:00:00,0.179905751679297,-0.07992358209446673,0.41863039128776663,0.0
2022-09-11 00:00:00,0.18400660749422448,-0.08022791126782841,0.4308504846597842,0.0
2022-09-18 00:00:00,0.1846460483875673,-0.04842218489424216,0.41265244455718164,0.4275257304629076
2022-09-25 00:00:00,0.1934923646618672,-0.05052683262804397,0.45693406256238267,0.500108265237422
2022-10-02 00:00:00,0.209325116538294,-0.03134311629135189,0.47138148486393705,0.5591547778562271
2022-10-09 00:00:00,0.21710635244096754,-0.015397257702633699,0.44503923221768543,0.5132112264434433
2022-10-16 00:00:00,0.20461355531253816,-0.04482032122110724,0.44928789240515665,0.4097112490968341
2022-10-23 00:00:00,0.1772132606230436,-0.06947681370668707,0.40822084853740354,0.559668917352585
2022-10-30 00:00:00,0.15272484576975381,-0.07265416277132036,0.39998842500314324,0.5369885372357719
2022-11-06 00:00:00,0.14220587937662033,-0.09028669840457104,0.39767015739714967,0.4936312963148094
2022-11-13 00:00:00,0.13974195753391117,-0.08667082815113605,0.38509895351239154,0.0
2022-11-20 00:00:00,0.1332943465472018,-0.1167271426060868,0.38699187579991756,0.0
2022-11-27 00:00:00,0.12259745599171283,-0.11141072738936308,0.36059113748504623,0.0
2022-12-04 00:00:00,0.12127742901893271,-0.10794200721161662,0.37785018704081696,0.0
2022-12-11 00:00:00,0.13998318505068927,-0.10713842714060001,0.36189158469529414,0.0
2022-12-18 00:00:00,0.17120260057526002,-0.0671878012528998,0.4174598330377735,0.0
2022-12-25 00:00:00,0.1948499255497967,-0.055155633166448975,0.44291699276235763,0.0
2023-01-01 00:00:00,0.19844522085154653,-0.03811633923153329,0.4397332519702748,0.0
2023-01-08 00:00:00,0.1880085050653907,-0.04631343327160728,0.4328619151234125,0.0
2023-01-15 00:00:00,0.1775150335963794,-0.06094314116154553,0.4360458209317561,0.0
2023-01-22 00:00:00,0.1711645966551597,-0.066625818468836,0.4083378052754965,0.0
2023-01-29 00:00:00,0.1609139070167268,-0.07369270776540365,0.4277396557469249,0.0
2023-02-05 00:00:00,0.14170006330493423,-0.09039306399024141,0.3834597472242802,0.0
2023-02-12 00:00:00,0.12381257879734417,-0.12412889647991471,0.3680942355938842,0.0
2023-02-19 00:00:00,0.12487559087930807,-0.11177718981195006,0.36975124250668234,0.0
2023-02-26 00:00:00,0.14940002959735038,-0.09667580092120504,0.39411022880834,0.0
2023-03-05 00:00:00,0.1803230677519316,-0.055008609712590695,0.4286710880317364,0.0
2023-03-12 00:00:00,0.1938459016844888,-0.04156486884659602,0.4251510617748151,0.0
2023-03-19 00:00:00,0.18186097127194323,-0.04632645355344925,0.42167299833976507,0.0
2023-03-26 00:00:00,0.15766907707502786,-0.08521440554878579,0.40938010496264976,0.0
2023-04-02 00:00:00,0.14018474598478953,-0.119897934783872,0.3749918999640815,0.0
2023-04-09 00:00:00,0.13559134933566863,-0.12590771109004695,0.3820495312975276,0.0
2023-04-16 00:00:00,0.13594805395679777,-0.10660392673168767,0.3703740941558719,0.0
2023-04-23 00:00:00,0.13303427998837603,-0.126034259181529,0.3647120158881551,0.0
2023-04-30 00:00:00,0.12922246348078315,-0.10743147174382311,0.38906365419645517,0.0
2023-05-07 00:00:00,0.13356553722881417,-0.12769653897455502,0.3740600885345533,0.0
2023-05-14 00:00:00,0.14999422166318963,-0.08757749536598053,0.4004040347264045,0.0
2023-05-21 00:00:00,0.1721160695083029,-0.08128612405378649,0.425972989698253,0.0
2023-05-28 00:00:00,0.18880521979604684,-0.040320729319081566,0.43044954525726176,0.5319023717959166
2023-06-04 00:00:00,0.19213714167880383,-0.05132211872345921,0.41339807772463655,0.4605041534532797
2023-06-11 00:00:00,0.17972962237048445,-0.062413842968339905,0.44290201261802914,0.5198108447810114
2023-06-18 00:00:00,0.15326859142695165,-0.09573068100931903,0.40769220955451196,0.4877826299697926
2023-06-25 00:00:00,0.11874810949188808,-0.1229950954564914,0.35468033169796764,0.0
2023-07-02 00:00:00,0.08746473888366285,-0.17066910166814747,0.3406322007653967,0.0
2023-07-09 00:00:00,0.07181304686534418,-0.17738606649069488,0.32174169327117075,0.0
2023-07-16 00:00:00,0.07603957102070526,-0.16616570866413688,0.3039082287789159,0.0
2023-07-23 00:00:00,0.09165309509294925,-0.1555053670603972,0.35071855226266396,0.2446687025659993
2023-07-30 00:00:00,0.10510570049305674,-0.12436159491310095,0.36298397319682657,0.2552754087690368
2023-08-06 00:00:00,0.11125713390249925,-0.12722832762977065,0.3594257571925237,0.2623997080586513
2023-08-13 00:00:00,0.11745439130637253,-0.1346355046557034,0.353094553344163,0.2376561806063124
2023-08-20 00:00:00,0.1328490655719521,-0.11390343437678763,0.3819292335433154,0.4994281835659037
2023-08-27 00:00:00,0.15553956629186455,-0.08491360744076973,0.39837000410165124,0.5257281693478513
2023-09-03 00:00:00,0.17365378601540465,-0.06879343169044,0.420601504090255,0.4836792240738573
2023-09-10 00:00:00,0.1796277025642206,-0.06473779566427187,0.42622347295319485,0.4911644230123878
2023-09-17 00:00:00,0.17987700824854938,-0.07446643875368608,0.4444497900027013,0.2407398836026974
2023-09-24 00:00:00,0.18683775630792004,-0.05287839571887773,0.43262633664043126,0.2916383854091364
2023-10-01 00:00:00,0.20227925431278126,-0.03428162707787982,0.4535459858501737,0.2373422167420437
2023-10-08 00:00:00,0.21274898201882358,-0.02480133632034362,0.44671491526076196,0.2302795142461223
2023-10-15 00:00:00,0.20405544611824358,-0.010806676969563,0.4690239247661457,0.0
2023-10-22 00:00:00,0.1781418766161266,-0.06686154786893403,0.4179375046891827,0.0
2023-10-29 00:00:00,0.15187916096469817,-0.09572777098160629,0.38443961511286473,0.0
2023-11-05 00:00:00,0.13883987589312324,-0.11147283435715793,0.37559894640532265,0.0
2023-11-12 00:00:00,0.13590792796674117,-0.10987032688615628,0.37903222531018826,0.0
2023-11-19 00:00:00,0.13069359482293375,-0.09366388427059189,0.3816028287554659,0.0
2023-11-26 00:00:00,0.12000784943274251,-0.11725161355562302,0.3696901627691949,0.0
2023-12-03 00:00:00,0.11586464287530396,-0.12385229314250484,0.36211873765350727,0.0
2023-12-10 00:00:00,0.13095669426367895,-0.08512948372947804,0.3704785854169458,0.0
2023-12-17 00:00:00,0.16129187488613667,-0.1026048130421639,0.39794079455698916,0.0
2023-12-24 00:00:00,0.18768626577387795,-0.06081071907876326,0.4243563509100987,0.0
2023-12-31 00:00:00,0.19492956949664458,-0.06731157385535508,0.43671720129078984,0.0
2024-01-07 00:00:00,0.18594179108860562,-0.028363792373825497,0.4180449666286729,
2024-01-14 00:00:00,0.17470622369515654,-0.07646335597829804,0.4187243497379812,
2024-01-21 00:00:00,0.16798902551931494,-0.07628193436152925,0.411385352141035,
2024-01-28 00:00:00,0.15914099978725485,-0.08010079137795686,0.3727426406099861,
2024-02-04 00:00:00,0.14124111934115602,-0.10067433505777607,0.37918827015041806,
2024-02-11 00:00:00,0.12177664003649277,-0.1188510017125014,0.37546890705286756,
2024-02-18 00:00:00,0.11850398322160627,-0.14073711920101456,0.3665848181111929,
2024-02-25 00:00:00,0.1395422052914488,-0.10370622965848952,0.38490097064360645,
2024-03-03 00:00:00,0.1711986344774238,-0.06539032539745931,0.4231776247318455,
2024-03-10 00:00:00,0.1890947269090508,-0.05977570717792524,0.433801349201031,
2024-03-17 00:00:00,0.18119122583662126,-0.07542213454498528,0.4278297419023661,
2024-03-24 00:00:00,0.15765783027171057,-0.08254924740333175,0.40131975618772475,
2024-03-31 00:00:00,0.1380132705328599,-0.09825149091413093,0.3806103839886111,
2024-04-07 00:00:00,0.13142871222467112,-0.09324125513184345,0.3650941275907664,
2024-04-14 00:00:00,0.13170923971860307,-0.10576777714859992,0.38006603008216305,
2024-04-21 00:00:00,0.12954740203038378,-0.12168511717945679,0.36348375343015593,
2024-04-28 00:00:00,0.12527275792417564,-0.12543617046166616,0.3549289818404066,
2024-05-05 00:00:00,0.12758649581695622,-0.1088607784731796,0.3704740180202951,
2024-05-12 00:00:00,0.14205289205071092,-0.10594106403379472,0.38227189026818387,
2024-05-19 00:00:00,0.16395965489927086,-0.07827842941649041,0.41415051755549664,
2024-05-26 00:00:00,0.18236259012826453,-0.05622621957812196,0.4227605293407114,
2024-06-02 00:00:00,0.18839883303746932,-0.05451416110933785,0.4365325764390848,
2024-06-09 00:00:00,0.1787799427755158,-0.06601003651504284,0.4110259271631611,
2024-06-16 00:00:00,0.15453746029986487,-0.07250016680394164,0.4121115433975981,
2024-06-23 00:00:00,0.12076848882057378,-0.12690538262907758,0.3603770350512369,
2024-06-30 00:00:00,0.08791932450111968,-0.15603962697076273,0.34996256318583185,
2024-07-07 00:00:00,0.06881019596486053,-0.158835902755029,0.3071790613521471,
2024-07-14 00:00:00,0.06977081791195171,-0.1687593162863339,0.321441816406687,
2024-07-21 00:00:00,0.08438249365578343,-0.154254997193505,0.3258323862095226,
2024-07-28 00:00:00,0.09898466581708956,-0.14629519062279728,0.35403582761927116,
2024-08-04 00:00:00,0.10619042238674112,-0.141466891894738,0.3484602939786105,
2024-08-11 00:00:00,0.11155077818355616,-0.13640489801212413,0.3567595111757805,
2024-08-18 00:00:00,0.12503186990923015,-0.10811419492731061,0.37517159259391497,
2024-08-25 00:00:00,0.14715104425789025,-0.09078946862733803,0.38041462468336135,
2024-09-01 00:00:00,0.1669711911096026,-0.07029694535491732,0.41976191616425046,
2024-09-08 00:00:00,0.1750469370032048,-0.05074427735393622,0.42055442868999177,
2024-09-15 00:00:00,0.17535451441803412,-0.07238498405639171,0.41399118531711715,
2024-09-22 00:00:00,0.18050087423169467,-0.05914504270634574,0.4352148448868533,
2024-09-29 00:00:00,0.19507785129014873,-0.0671070261109663,0.44149819920593725,
2024-10-06 00:00:00,0.20773137478827616,-0.02388152388540335,0.46368125773393715,
2024-10-13 00:00:00,0.20290257139449194,-0.03997775752110755,0.45067879567414126,
2024-10-20 00:00:00,0.1790698952365261,-0.07623187753420987,0.42265085982077805,
2024-10-27 00:00:00,0.15150695833451625,-0.098600081140997,0.3885240029578754,
2024-11-03 00:00:00,0.13582476545537459,-0.10533794668312679,0.3560660448155563,
2024-11-10 00:00:00,0.13197212118327817,-0.11074374221905642,0.36426197430522844,
2024-11-17 00:00:00,0.12787046733742619,-0.11161219183744814,0.38807837388300703,
2024-11-24 00:00:00,0.11762387284893885,-0.11514814535208878,0.3535779732760116,
2024-12-01 00:00:00,0.11111617115645517,-0.10745474848530984,0.34279236692825604,
2024-12-08 00:00:00,0.12246287723606682,-0.11849396936016032,0.3703408733225473,
2024-12-15 00:00:00,0.15124310271382932,-0.07005808829627092,0.3869279000479998,
2024-12-22 00:00:00,0.17985621259957973,-0.0606880247589294,0.4304157757785315,
2024-12-29 00:00:00,0.19086313667626664,-0.042882224782843814,0.4257457638612413,
2025-01-05 00:00:00,0.18382721017413625,-0.06311457815986407,0.4452633514914595,
2025-01-12 00:00:00,0.17208435462896174,-0.07353421293244805,0.4078623818965478,
2025-01-19 00:00:00,0.16474691172013314,-0.07261620052349022,0.4126271801101191,
2025-01-26 00:00:00,0.15703433655071278,-0.09108561748930358,0.40891088682587057,
2025-02-02 00:00:00,0.14069906453125847,-0.10462686764954349,0.3817860751079836,
2025-02-09 00:00:00,0.12028499764274736,-0.13051694311021966,0.35499923409515877,
2025-02-16 00:00:00,0.11297351430539034,-0.11232989723328923,0.3519964125889812,
2025-02-23 00:00:00,0.13005545207926444,-0.1060984212045098,0.39331520515181884,
2025-03-02 00:00:00,0.16159810619437648,-0.08553597305303834,0.4084060787185015,
2025-03-09 00:00:00,0.18345422953757856,-0.06048421360136394,0.4251547715011311,
2025-03-16 00:00:00,0.1799963414338674,-0.06323058165744383,0.4245087238727774,
2025-03-23 00:00:00,0.1578035440045676,-0.08583898852474711,0.3979993578842169,
2025-03-30 00:00:00,0.13630498759408452,-0.10373605874374048,0.3750382827580809,
2025-04-06 00:00:00,0.12749295965891075,-0.11332907716266138,0.3829541063022962,
2025-04-13 00:00:00,0.1273616858341859,-0.10973427026869076,0.37813443217074016,
2025-04-20 00:00:00,0.12596740333739498,-0.11283986421350212,0.37648406149303093,
2025-04-27 00:00:00,0.12154329405819264,-0.1386992207297259,0.3507340207012019,
2025-05-04 00:00:00,0.12202619124739633,-0.1303502459495478,0.3697267806723246,
2025-05-11 00:00:00,0.13436641046083242,-0.10856385170172522,0.3770616342216141,
2025-05-18 00:00:00,0.15568381806257267,-0.08041610306283858,0.4011382027369469,
2025-05-25 00:00:00,0.17550925343413343,-0.056531833550708066,0.43829131350791517,
2025-06-01 00:00:00,0.18415096161801567,-0.03803487324072244,0.42955339816044996,
2025-06-08 00:00:00,0.17735451782398093,-0.08504071632892235,0.42215228015211737,
2025-06-15 00:00:00,0.15548705664654122,-0.10397780716666966,0.3982714516790349,
2025-06-22 00:00:00,0.12280933065321664,-0.111460050770748,0.35057509075059273,
2025-06-29 00:00:00,0.08882953566481601,-0.13669795172632082,0.336905680376708,
2025-07-06 00:00:00,0.06648502288042142,-0.19461006041709306,0.2791655006051624,
2025-07-13 00:00:00,0.06395953586799119,-0.1888323579269804,0.296356097296937,
2025-07-20 00:00:00,0.0770926936438339,-0.16576623180738165,0.34350916948202576,
2025-07-27 00:00:00,0.09258804658912465,-0.14061194090566387,0.3468296206339466,
2025-08-03 00:00:00,0.10105114719616354,-0.13103669606803703,0.35357768605764023,
2025-08-10 00:00:00,0.10593543453351442,-0.13322754345470506,0.34641921257059116,
2025-08-17 00:00:00,0.11752602853797497,-0.13144831662697876,0.35478953763587895,
2025-08-24 00:00:00,0.13868503126112827,-0.09037664873549786,0.3849322448074847,
2025-08-31 00:00:00,0.15987243656677336,-0.10163506612001033,0.4032812279806784,
2025-09-07 00:00:00,0.17019110584774755,-0.07732515456574546,0.4015205162972793,
2025-09-14 00:00:00,0.17101056074310905,-0.04595153405255481,0.40524547081206985,
2025-09-21 00:00:00,0.17451412294550445,-0.057616423913588566,0.41633911907253485,
2025-09-28 00:00:00,0.18782877572246615,-0.05192194018885854,0.4179603314295392,
2025-10-05 00:00:00,0.2021136435763161,-0.043392389812066084,0.44736726865205617,
2025-10-12 00:00:00,0.20109231525774426,-0.0639627413877305,0.4344052795536507,
2025-10-19 00:00:00,0.17987827918288804,-0.061949631795751164,0.42583167689055335,
2025-10-26 00:00:00,0.15156227810570835,-0.08655033848254831,0.40036867382922536,
2025-11-02 00:00:00,0.13322405048400762,-0.1046165946245371,0.3701802992611961,
2025-11-09 00:00:00,0.1280087936270556,-0.1174531074000727,0.3596401464507655,
2025-11-16 00:00:00,0.1248017428826432,-0.12496158697691728,0.3754626061677726,
2025-11-23 00:00:00,0.11534511346376633,-0.1348413678579175,0.3664237665841497,
2025-11-30 00:00:00,0.10698128616664626,-0.14118949621653926,0.34193778352117987,
2025-12-07 00:00:00,0.11457768176338129,-0.12622518671604444,0.35764030110545353,
2025-12-14 00:00:00,0.14118834915712708,-0.09539077978827998,0.39967742942091566,
2025-12-21 00:00:00,0.17141241800444493,-0.06249288450058743,0.41679097665568315,
2025-12-28 00:00:00,0.18617965307067735,-0.07296796364557534,0.4495423298711621,
2026-01-04 00:00:00,0.18157703537474246,-0.07107369973555822,0.42466201853357616,
2026-01-11 00:00:00,0.16964737746773528,-0.06748833077639446,0.4062333771587679,
2026-01-18 00:00:00,0.1615043041944785,-0.08343907549043533,0.40810689410577144,
2026-01-25 00:00:00,0.15461280011840345,-0.07658058673610482,0.4065806910382157,
2026-02-01 00:00:00,0.1399865310534039,-0.10896776203005443,0.3632042218970434,
2026-02-08 00:00:00,0.11922757441937203,-0.10951003240838719,0.3709535329392696,
2026-02-15 00:00:00,0.1082848940454271,-0.1278437673184032,0.3431952347115964,
2026-02-22 00:00:00,0.12107299400556851,-0.12271011920479225,0.3839908871574259,
2026-03-01 00:00:00,0.15166293732570935,-0.09613437399395697,0.39455087921293724,
2026-03-08 00:00:00,0.176939743526547,-0.06302983983107358,0.4136677294559791,
2026-03-15 00:00:00,0.17816656151833007,-0.06795141815293085,0.4173984870692991,
2026-03-22 00:00:00,0.15799564185336454,-0.09121218790201013,0.3961482826054875,
2026-03-29 00:00:00,0.13505022637126174,-0.10070229148443982,0.375886554257068,
2026-04-05 00:00:00,0.12385077308281826,-0.09984240329438593,0.37179626681687594,
2026-04-12 00:00:00,0.12294732169888921,-0.11446538660610617,0.361454925151685,
2026-04-19 00:00:00,0.12226073610265811,-0.11692233980921535,0.37069183809687595,
2026-04-26 00:00:00,0.11797385918352314,-0.12895728878567114,0.350422938038645,
2026-05-03 00:00:00,0.11687406744517972,-0.13476818869537616,0.349745411458882,
2026-05-10 00:00:00,0.1269881029998105,-0.11971414308037515,0.37599206209400543,
2026-05-17 00:00:00,0.14735651998007554,-0.10127254546281922,0.38298566434391623,
2026-05-24 00:00:00,0.16828290893793976,-0.08247546750518606,0.40191452082892576,
2026-05-31 00:00:00,0.17939923713309272,-0.05912071865535859,0.41450077076705594,
2026-06-07 00:00:00,0.17543977526796228,-0.06155109147140361,0.4093482141001476,
2026-06-14 00:00:00,0.156077234386639,-0.1182822698658072,0.3893509993056682,
2026-06-21 00:00:00,0.12479691353746715,-0.12429710640490632,0.3690040319867467,
2026-06-28 00:00:00,0.09012291752307852,-0.16358062432998677,0.34202036164910543,
2026-07-05 00:00:00,0.06482803239491625,-0.17664951205892532,0.30898925398486343,
2026-07-12 00:00:00,0.05867535997676723,-0.19591489997309064,0.29550616018169074,
2026-07-19 00:00:00,0.06986661069057142,-0.17661617338258995,0.3161245339582087,
2026-07-26 00:00:00,0.08592781141716879,-0.15520382780866865,0.3321170719012919,
2026-08-02 00:00:00,0.09577659168227146,-0.13298418947403096,0.35343200350347814,
2026-08-09 00:00:00,0.1005569285259805,-0.1525584199726701,0.33514216439520716,
2026-08-16 00:00:00,0.11036408520637457,-0.12032765035237669,0.3467591100925248,
2026-08-23 00:00:00,0.13022461061344068,-0.11082433019554827,0.35668293162250675,
2026-08-30 00:00:00,0.15238913860667344,-0.08311891043444747,0.4080474085153087,
2026-09-06 00:00:00,0.16499831318672217,-0.06737031661833506,0.4152226617784294,
2026-09-13 00:00:00,0.16676721642770398,-0.07059039354091207,0.4081961118594941,
2026-09-20 00:00:00,0.16888957567642401,-0.06555297328698001,0.4155422040972399,
2026-09-27 00:00:00,0.1806342210503455,-0.06021151453237955,0.42501137747904655,
2026-10-04 00:00:00,0.19597338242818763,-0.040590039924137455,0.4229428616807849,
2026-10-11 00:00:00,0.19858315636846707,-0.042329138470348165,0.43683806436363676,
2026-10-18 00:00:00,0.18044824504012066,-0.08249476584951262,0.40754363106172287,
2026-10-25 00:00:00,0.15197912119025506,-0.08128163863235235,0.4035599924112347,
2026-11-01 00:00:00,0.13108594162656723,-0.10378995136282793,0.35718729410152406,
2026-11-08 00:00:00,0.12410029237516995,-0.11204836677252406,0.3832322113450862,
2026-11-15 00:00:00,0.12148469106474108,-0.11323363480450016,0.37515215019391746,
2026-11-22 00:00:00,0.11307699507972763,-0.1209497523901027,0.3630140103770102,
2026-11-29 00:00:00,0.10339111576203577,-0.13293211804639637,0.35616519618817943,
2026-12-06 00:00:00,0.10735541023430505,-0.12941932321874605,0.3510734785036899,
2026-12-13 00:00:00,0.13125996068501355,-0.10236953783269209,0.3789919783425616,
2026-12-20 00:00:00,0.1624290347030339,-0.07045896352255437,0.4001060779290915,
2026-12-27 00:00:00,0.18082993245136525,-0.06106403361610019,0.4097330278970623,
2027-01-03 00:00:00,0.17909745832133303,-0.06609657170751762,0.4148018909432267,
2027-01-10 00:00:00,0.16737485585175083,-0.07490695637857403,0.4062876614207873,
2027-01-17 00:00:00,0.15832247300307123,-0.08568141051277423,0.42196683214987096,
2027-01-24 00:00:00,0.15191172011283335,-0.09977956549370759,0.3863449096644951,
2027-01-31 00:00:00,0.1390328834118534,-0.10632488107023036,0.3834511256072475,
2027-02-07 00:00:00,0.11848769210008639,-0.11116044031880468,0.3607161592479785,
2027-02-14 00:00:00,0.10441264326661132,-0.15392874626500397,0.3494437004699448,
2027-02-21 00:00:00,0.112710361872804,-0.11848201299247801,0.3635771950332648,
2027-02-28 00:00:00,0.14154513044295627,-0.10334356964083175,0.37588823398567744,
2027-03-07 00:00:00,0.16959391525049028,-0.07457133775447036,0.4042176276725308,
2027-03-14 00:00:00,0.17560735824774812,-0.06538534729270246,0.4155825236740954,
2027-03-21 00:00:00,0.15811347059808453,-0.08100755962060724,0.41146234815908733,
2027-03-28 00:00:00,0.1342192146086337,-0.10843909770363541,0.38330193951578806,
2027-04-04 00:00:00,0.12056207895104391,-0.12855259023812804,0.35075766653786633,
2027-04-11 00:00:00,0.11851909595996474,-0.12471344417341002,0.35913019960811765,
2027-04-18 00:00:00,0.11840621363153322,-0.12823893299771866,0.36666805625298315,
2027-04-25 00:00:00,0.11450272890755003,-0.12358183466928407,0.3492625403595865,
2027-05-02 00:00:00,0.11210721981296123,-0.1186221910435139,0.3576742545500122,
2027-05-09 00:00:00,0.11996241517604862,-0.1141999164567265,0.37209656409961317,
2027-05-16 00:00:00,0.13904744948174635,-0.1146111158595487,0.362593353021581,
2027-05-23 00:00:00,0.16072796323320893,-0.09593240092665584,0.39934111025157115,
2027-05-30 00:00:00,0.17415389865615896,-0.07825122170068347,0.4083539819180801,
2027-06-06 00:00:00,0.1730254588919433,-0.07177291740301572,0.41325338952128515,
2027-06-13 00:00:00,0.15627376868885806,-0.09473554497764752,0.41132633187720363,
2027-06-20 00:00:00,0.1266624426190916,-0.1280912839493844,0.37135270413654686,
2027-06-27 00:00:00,0.09172223421961802,-0.14602130607791775,0.3196836291968451,
2027-07-04 00:00:00,0.063815002903902,-0.1910530772604208,0.3248919499580414,
2027-07-11 00:00:00,0.053976528896087214,-0.19297850478145329,0.308014446020428,
2027-07-18 00:00:00,0.06279189183218131,-0.17076614877892438,0.30380299249689785,
2027-07-25 00:00:00,0.07903209359921588,-0.1700637577338608,0.33391354041457255,
2027-08-01 00:00:00,0.09031274858184588,-0.16653766618295485,0.3228231210208883,
2027-08-08 00:00:00,0.09535437244404597,-0.1528147006919699,0.33228652473250514,
2027-08-15 00:00:00,0.10356259522960423,-0.1601530711576638,0.35848195856177467,
2027-08-22 00:00:00,0.12185089512986527,-0.11497705178053252,0.3758761167680072,
2027-08-29 00:00:00,0.14456853044547094,-0.10042921937761906,0.3835576389001094,
2027-09-05 00:00:00,0.15942072192464699,-0.07099239270329566,0.397881334391528,
2027-09-12 00:00:00,0.16254042591468665,-0.07203653938164495,0.40127172884953444,
2027-09-19 00:00:00,0.16361900954420264,-0.07577974900065845,0.40466712341019423,
2027-09-26 00:00:00,0.17358663103727395,-0.0743912065125222,0.42215048817217926,
2027-10-03 00:00:00,0.18940229135780912,-0.05729469693551609,0.4416320948360378,
2027-10-10 00:00:00,0.19535614985768643,-0.053327199877905684,0.44241180362653504,
2027-10-17 00:00:00,0.1806658958516325,-0.05117160520934322,0.40813701478866654,
2027-10-24 00:00:00,0.15267363467901296,-0.1037846146100489,0.38963205016010954,
2027-10-31 00:00:00,0.1294404873874124,-0.11755493117963939,0.3650926422309291,
2027-11-07 00:00:00,0.12033278285013334,-0.12814305841459495,0.3599957427919598,
2027-11-14 00:00:00,0.11793681869266821,-0.13352530150110897,0.3633331822240492,
2027-11-21 00:00:00,0.11073497408466393,-0.1318648681115442,0.3585481925574431,
2027-11-28 00:00:00,0.10026213176871648,-0.13852332806429135,0.34053118058956955,
2027-12-05 00:00:00,0.10082712098483246,-0.1459931937370127,0.3594281485717897,
2027-12-12 00:00:00,0.12158571792047682,-0.11452949452506356,0.374152072615837,
2027-12-19 00:00:00,0.1529994140457257,-0.09118257288474474,0.40670461332975727,
2027-12-26 00:00:00,0.17478470785075928,-0.07160480101074507,0.397017435200811,
2028-01-02 00:00:00,0.17629281499975127,-0.07185872767113421,0.42513499844346575,
2028-01-09 00:00:00,0.16522825111178704,-0.0724313986537771,0.4024649467739363,
2028-01-16 00:00:00,0.15525402971826469,-0.09820598808215175,0.39806934563566354,
2028-01-23 00:00:00,0.1489799707505964,-0.10027782290517445,0.4031632071317527,
2028-01-30 00:00:00,0.1377863214393031,-0.09489944597369426,0.3814249700854073,
2028-02-06 00:00:00,0.11794695674522164,-0.12441566841856833,0.3395331677921484,
2028-02-13 00:00:00,0.10130688896226771,-0.14177998072084036,0.3412697459129571,
2028-02-20 00:00:00,0.10506171174607441,-0.11880076324344857,0.34457636881206377,
2028-02-27 00:00:00,0.1314020981007055,-0.09963307381857034,0.3664440171050401,
2028-03-05 00:00:00,0.16148575716847652,-0.08614224450026942,0.3970928727422518,
2028-03-12 00:00:00,0.17224338509020268,-0.07964822329079307,0.4146887334388594,
2028-03-19 00:00:00,0.15803040858543718,-0.08648582640690539,0.3845444284633836,
2028-03-26 00:00:00,0.13376196209884758,-0.1178648197093854,0.3678163018431577,
2028-04-02 00:00:00,0.11767657742827797,-0.14342883435009063,0.35003746901969096,
2028-04-09 00:00:00,0.11413862219106244,-0.12472583942267756,0.3528956080480917,
2028-04-16 00:00:00,0.11439626096837324,-0.12961670188796104,0.3520088006875731,
2028-04-23 00:00:00,0.11106949678260021,-0.14114447630150923,0.34237859078833255,
2028-04-30 00:00:00,0.1076913564604948,-0.1390370904973519,0.3362966785941336,
2028-05-07 00:00:00,0.11332336714943475,-0.112497647132342,0.3513388391168059,
2028-05-14 00:00:00,0.1308262591455836,-0.12358680899482061,0.383858297821963,
2028-05-21 00:00:00,0.15289531881116913,-0.08517748564099617,0.4136646869295975,
2028-05-28 00:00:00,0.16843028460239534,-0.06530464733515265,0.4264869736839404,
2028-06-04 00:00:00,0.1701044849033194,-0.05338930013154547,0.41753785499976054,
2028-06-11 00:00:00,0.1560478692330857,-0.0790786789970733,0.3835323667180257,
2028-06-18 00:00:00,0.12834287596372787,-0.11937885299918166,0.3902403856665232,
2028-06-25 00:00:00,0.09354763750463839,-0.15038410361227494,0.3460904514378654,
2028-07-02 00:00:00,0.06340809132049617,-0.16643018896896,0.3178010845865702,
2028-07-09 00:00:00,0.04990805663072495,-0.18072960756720818,0.2909523723663283,
2028-07-16 00:00:00,0.05595776280204466,-0.16374119691365396,0.30305065819127486,
2028-07-23 00:00:00,0.07194436570810754,-0.16905935952325735,0.3276377901203199,
2028-07-30 00:00:00,0.08461699179094236,-0.17791358198135154,0.30690224791861054,
2028-08-06 00:00:00,0.0902604434633524,-0.13701418722219882,0.3280775197557542,
2028-08-13 00:00:00,0.09712168266402975,-0.13604153209714465,0.3302097187291977,
2028-08-20 00:00:00,0.1136395078075452,-0.14515431313550425,0.3492629271105215,
2028-08-27 00:00:00,0.13647125045119357,-0.11001178629193548,0.39316040230583016,
2028-09-03 00:00:00,0.15342663424064926,-0.08617586775034494,0.40806875542769055,
2028-09-10 00:00:00,0.15824401810890934,-0.07975786950364042,0.4076116190212608,
2028-09-17 00:00:00,0.15867482221655185,-0.08876951216615911,0.3979597825654401,
2028-09-24 00:00:00,0.1667651034505061,-0.0761972364420995,0.39635461330929067,
2028-10-01 00:00:00,0.18250225540913606,-0.059759377377278045,0.42040946476904384,
2028-10-08 00:00:00,0.191415476121553,-0.06612139507378209,0.44188967703330545,
2028-10-15 00:00:00,0.18042667255057068,-0.06113406573639124,0.4139102419570785,
2028-10-22 00:00:00,0.15354709817714576,-0.09458534797346296,0.3980181136362585,
2028-10-29 00:00:00,0.12829750059864412,-0.10406688644396855,0.38389331921448633,
2028-11-05 00:00:00,0.11679177830572009,-0.12386769696532018,0.3653600586790423,
2028-11-12 00:00:00,0.11419466418440163,-0.13549356327430884,0.3603789359880121,
2028-11-19 00:00:00,0.10824821623634628,-0.15114663397155753,0.3461839175673095,
2028-11-26 00:00:00,0.09750021199863401,-0.1405483162576831,0.3464455259654148,
2028-12-03 00:00:00,0.09500000257961674,-0.14141575743978851,0.3360260884508402,
2028-12-10 00:00:00,0.1122841690151183,-0.1279885384840101,0.35283933664592826,
2028-12-17 00:00:00,0.14323297997935155,-0.08751573769650772,0.38699855952097517,
2028-12-24 00:00:00,0.1680366651092074,-0.08083896749161279,0.42032818047613624,
2028-12-31 00:00:00,0.17307001237530703,-0.05919567177667326,0.4393311229868438,
2029-01-07 00:00:00,0.16315212954258185,-0.0843351036810712,0.3961098176225121,
2029-01-14 00:00:00,0.15233950677331604,-0.09047032941945954,0.3936582688786412,
2029-01-21 00:00:00,0.1458764650163557,-0.10522676951001947,0.3902673646168445,
2029-01-28 00:00:00,0.13621505801751913,-0.10631258368644508,0.39034135383343427,
2029-02-04 00:00:00,0.11749006350076616,-0.12904853892576368,0.36480781472975454,
2029-02-11 00:00:00,0.09889607089326174,-0.13101693371416911,0.3312324911757013,
2029-02-18 00:00:00,0.0981969863896961,-0.14014279775471655,0.33565489946103,
2029-02-25 00:00:00,0.12139131579740964,-0.12558909420606312,0.3603094055066234,
2029-03-04 00:00:00,0.15270870392448713,-0.08634138028577007,0.4037795037140341,
2029-03-11 00:00:00,0.1680217999714596,-0.08291196830033973,0.405925664464432,
2029-03-18 00:00:00,0.15761837080261334,-0.0889794825690203,0.40554380171720195,
2029-03-25 00:00:00,0.13360900558826794,-0.11535218827827737,0.3823300099049759,
2029-04-01 00:00:00,0.11523057639089121,-0.11013817176700835,0.36946252809255864,
2029-04-08 00:00:00,0.10987331808217896,-0.1502317150410104,0.3478556449461987,
2029-04-15 00:00:00,0.11023755407154608,-0.14605380819337627,0.3612623049503333,
2029-04-22 00:00:00,0.10761790138590269,-0.13709460870211415,0.35458060142456116,
2029-04-29 00:00:00,0.10358225322437778,-0.13217316118167305,0.35581942020718804,
2029-05-06 00:00:00,0.10709333652538819,-0.15047243311412428,0.35188750531873714,
2029-05-13 00:00:00,0.12276064725871912,-0.1071070795122307,0.3680281458471605,
2029-05-20 00:00:00,0.1448418730259475,-0.10524753017824146,0.3924741918166059,
2029-05-27 00:00:00,0.16224939546312664,-0.07364746795406468,0.39598443163253183,
2029-06-03 00:00:00,0.1666729681141882,-0.09654614229187997,0.3874651731449406,
2029-06-10 00:00:00,0.1553756345798777,-0.08000303258227145,0.39986040351196606,
2029-06-17 00:00:00,0.12978143310049503,-0.11930002475917978,0.3607713249799835,
2029-06-24 00:00:00,0.0955187239497941,-0.14788698417810625,0.34428617409318923,
2029-07-01 00:00:00,0.06355733497605884,-0.18831106748256987,0.3009880688978294,
2029-07-08 00:00:00,0.046500421917754914,-0.1950065350090338,0.2923137499350858,
2029-07-15 00:00:00,0.049451847459121526,-0.19459139284572174,0.2851670433598187,
2029-07-22 00:00:00,0.06472198590821457,-0.16459447370404606,0.33905629514618885,
2029-07-29 00:00:00,0.07866025007001623,-0.17319083487727654,0.325149762929468,
2029-08-05 00:00:00,0.08520467940946468,-0.15827587573551843,0.31442672997498433,
2029-08-12 00:00:00,0.09102534622213265,-0.1236429610862525,0.3316671403753464,
2029-08-19 00:00:00,0.10565735155220798,-0.14226051104790366,0.343095387685197,
2029-08-26 00:00:00,0.1281685556661258,-0.11270046671160461,0.3690266291704756,
2029-09-02 00:00:00,0.14700181916624244,-0.08768683549950868,0.3897925110311385,
2029-09-09 00:00:00,0.15379374536869514,-0.06683433685023432,0.39879257305306604,
2029-09-16 00:00:00,0.15401177837413146,-0.06924296397036497,0.38594403109948033,
2029-09-23 00:00:00,0.16023242128838613,-0.07900063760196324,0.41366735464518456,
2029-09-30 00:00:00,0.17538104947964772,-0.055069842817806997,0.402202907012003,
2029-10-07 00:00:00,0.18678803675689734,-0.06447661395784782,0.43174200364090615,
2029-10-14 00:00:00,0.17963943271153684,-0.06454536014101675,0.41904422211689146,
2029-10-21 00:00:00,0.15448958238445315,-0.10595507946274418,0.40518240863022026,
2029-10-28 00:00:00,0.12764537671200987,-0.1228362308878822,0.37866117554569795,
2029-11-04 00:00:00,0.11355767350146972,-0.12607630340332177,0.3462962757271311,
2029-11-11 00:00:00,0.11031169802912276,-0.12607559524801787,0.36751314736461493,
2029-11-18 00:00:00,0.10556259364319787,-0.13179386301458706,0.35863656293698465,
2029-11-25 00:00:00,0.09500509454522656,-0.15707157234400032,0.33347089887645176,
2029-12-02 00:00:00,0.0898577440790642,-0.1524980772922931,0.3222847098809721,
2029-12-09 00:00:00,0.10346034301552659,-0.15970720517509007,0.3521222011799816,
2029-12-16 00:00:00,0.1332514081987563,-0.1068731546590293,0.389862243155059,
2029-12-23 00:00:00,0.1606015745670605,-0.08551653462884629,0.3957468126807277,
2029-12-30 00:00:00,0.16934295498768281,-0.07775272278977244,0.41734462439592285,
2030-01-06 00:00:00,0.16107624149175706,-0.08337650062381896,0.4244562008065236,
2030-01-13 00:00:00,0.14960455842136736,-0.07498951273199744,0.3845708774935195,
2030-01-20 00:00:00,0.14266621607824903,-0.1047247568287093,0.399054174247369,
2030-01-27 00:00:00,0.13430753423739786,-0.14148536531970463,0.376035829468535,
2030-02-03 00:00:00,0.11700931663782513,-0.1283392070131873,0.35766798588970844,
2030-02-10 00:00:00,0.09709043663920473,-0.14769852564615849,0.351472263535222,
2030-02-17 00:00:00,0.09216002769169415,-0.14102408761705332,0.3338631583418471,
2030-02-24 00:00:00,0.11166497593166384,-0.13947526591472376,0.3535337205516349,
2030-03-03 00:00:00,0.1433777360168782,-0.09976791279153135,0.39359400546236023,
2030-03-10 00:00:00,0.16291481282384312,-0.08316218520746169,0.39874623304761014,
2030-03-17 00:00:00,0.15675253572564402,-0.10168978573676946,0.38284266257183014,
2030-03-24 00:00:00,0.13367301189355646,-0.11560218020494317,0.3665957645039774,
2030-03-31 00:00:00,0.11324428199295516,-0.1400938526066039,0.3515510483458244,
2030-04-07 00:00:00,0.10579315059071051,-0.1264815305117858,0.34914161182231873,
2030-04-14 00:00:00,0.10595099832547702,-0.1456642695073858,0.3525265361836405,
2030-04-21 00:00:00,0.10409852324938378,-0.13698091214583763,0.3452305333085248,
2030-04-28 00:00:00,0.09972765819471209,-0.15274000771940216,0.3395650659656033,
2030-05-05 00:00:00,0.10128224165443091,-0.12592686619913035,0.3478923330108557,
2030-05-12 00:00:00,0.11491436154467308,-0.13000909170384878,0.3608345616701343,
2030-05-19 00:00:00,0.13662971205641106,-0.08672750504714283,0.37641485214634507,
2030-05-26 00:00:00,0.155638389115458,-0.0973556858960341,0.40465089858532066,
2030-06-02 00:00:00,0.16273041646522196,-0.0854824116260772,0.4345964568909557,
2030-06-09 00:00:00,0.15423750855156484,-0.08664893643715207,0.4018934058681055,
2030-06-16 00:00:00,0.1309278065004559,-0.10121451628298972,0.3648358427927296,
2030-06-23 00:00:00,0.0975564060942381,-0.14696959020650308,0.35932548451546686,
2030-06-30 00:00:00,0.0642024677940989,-0.1990241863954632,0.30857391335256146,
2030-07-07 00:00:00,0.043768806670375485,-0.1810911056133549,0.2824068277827284,
2030-07-14 00:00:00,0.04335708758319376,-0.2121315583268863,0.3036215876118171,
2030-07-21 00:00:00,0.057434185286271186,-0.16021448366141106,0.2970518101883925,
2030-07-28 00:00:00,0.07242859427749662,-0.16417518700369382,0.3167716798434604,
2030-08-04 00:00:00,0.08011690222836575,-0.1575237106396824,0.3212031689643115,
2030-08-11 00:00:00,0.0852424933132717,-0.17620864771063688,0.3212373208127105,
2030-08-18 00:00:00,0.09795980980527966,-0.14272717344110858,0.34053635799605886,
2030-08-25 00:00:00,0.11973909265076407,-0.1126349769533293,0.3550116165427406,
2030-09-01 00:00:00,0.14015003814828958,-0.11341598158675109,0.3806199547394912,
2030-09-08 00:00:00,0.14911117351660186,-0.1021249564084512,0.3823568036899478,
2030-09-15 00:00:00,0.14956949857024895,-0.08328104879875223,0.3862849681810515,
2030-09-22 00:00:00,0.15403283187219052,-0.0883891379394027,0.4154251266952511,
2030-09-29 00:00:00,0.16814785534069804,-0.08021355517048118,0.4023740701622097,
2030-10-06 00:00:00,0.18152211930101364,-0.06636014994497272,0.42349592087892496,
2030-10-13 00:00:00,0.178229981771048,-0.06606159917362342,0.4097118813740223,
2030-10-20 00:00:00,0.15538412188456677,-0.07844122324578748,0.4035706857634091,
2030-10-27 00:00:00,0.12745085929986436,-0.11957861060509722,0.36638302115694577,
2030-11-03 00:00:00,0.11070148455493131,-0.14156669440781294,0.34584673703614355,
2030-11-10 00:00:00,0.10635542708499043,-0.13231523245128246,0.34131319092790335,
2030-11-17 00:00:00,0.10264287205009512,-0.1332515948518599,0.3476294447643103,
2030-11-24 00:00:00,0.09267502632255575,-0.17286657556602547,0.34579950115306574,
2030-12-01 00:00:00,0.08536188076000825,-0.1643006279597226,0.3213976603716131,
2030-12-08 00:00:00,0.09520202623467391,-0.14073249246212793,0.35108228070535663,
2030-12-15 00:00:00,0.12318427066382028,-0.12079365760538419,0.38277499650503977,
2030-12-22 00:00:00,0.15251846131641258,-0.07156931340357625,0.3833979602110713,
2030-12-29 00:00:00,0.16503676953520877,-0.08975986587456886,0.4065427785097596,
2031-01-05 00:00:00,0.15891838176498813,-0.07469809131853108,0.3913094447529955,
2031-01-12 00:00:00,0.14705791717172562,-0.11228679296207555,0.3853076575585608,
2031-01-19 00:00:00,0.13941615553010234,-0.0969408806439222,0.39441715735322425,
2031-01-26 00:00:00,0.13207167786715981,-0.12914331904731935,0.3852699359624961,
2031-02-02 00:00:00,0.11640867491847218,-0.11325882078683491,0.3596639564203967,
2031-02-09 00:00:00,0.09578616974621476,-0.15759906398289514,0.3360113309196794,
2031-02-16 00:00:00,0.0869677085444679,-0.15529709911178285,0.326548556023105,
2031-02-23 00:00:00,0.10236485335058251,-0.13351794356282248,0.3565019467374021,
2031-03-02 00:00:00,0.13362567504542883,-0.09842090131621839,0.3885641349194474,
2031-03-09 00:00:00,0.15692134111582687,-0.09281800297906032,0.39525066053423386,
2031-03-16 00:00:00,0.15531610582854122,-0.09513188287935467,0.3953994060659486,
2031-03-23 00:00:00,0.1338511990121823,-0.11413752756517931,0.3877520912989326,
2031-03-30 00:00:00,0.11171968142182409,-0.1316893377185651,0.3547038949357858,
2031-04-06 00:00:00,0.10196712072058567,-0.13764752866445917,0.35755352118217665,
2031-04-13 00:00:00,0.10157102557125969,-0.135564060673717,0.34611271904728724,
2031-04-20 00:00:00,0.10047122532503452,-0.14468025170901644,0.3429024897123738,
2031-04-27 00:00:00,0.0960695786390108,-0.15459591096840497,0.34074317208635085,
2031-05-04 00:00:00,0.09588718321793882,-0.15705158270640668,0.35621539869490526,
2031-05-11 00:00:00,0.10734520993596997,-0.12589930996534243,0.35079646750546933,
2031-05-18 00:00:00,0.12832500139494665,-0.1131736888962595,0.3657815390954284,
2031-05-25 00:00:00,0.1486309482358472,-0.11277115934826037,0.404184053351956,
2031-06-01 00:00:00,0.15828007745503297,-0.0839360629087118,0.3923635942116235,
2031-06-08 00:00:00,0.1526177943955176,-0.07697289676460364,0.38757719937662605,
2031-06-15 00:00:00,0.131738111564594,-0.10259291590114639,0.35953209308021716,
2031-06-22 00:00:00,0.09958453731252973,-0.134371608639052,0.34721311178360403,
2031-06-29 00:00:00,0.06527495884957972,-0.17307593075098743,0.28261261557392764,
2031-07-06 00:00:00,0.0417128903335582,-0.19002105262267815,0.2864456153461423,
2031-07-13 00:00:00,0.037748883340563005,-0.2188359200548048,0.2704185499607732,
2031-07-20 00:00:00,0.05015958788218498,-0.1929881108492842,0.2956725652800117,
2031-07-27 00:00:00,0.06592417641393791,-0.1619616221978486,0.3119643871741068,
2031-08-03 00:00:00,0.07493061809978185,-0.16533483351349354,0.30883597832503573,
2031-08-10 00:00:00,0.0797286495419108,-0.17929082085736164,0.3197496115999977,
2031-08-17 00:00:00,0.09058849912040771,-0.16503077844055103,0.32929800044802865,
2031-08-24 00:00:00,0.11126537581230639,-0.13554698805963922,0.34439378387507,
2031-08-31 00:00:00,0.1328927557063806,-0.12111860324716706,0.370392292996765,
2031-09-07 00:00:00,0.1441272528409786,-0.12121311354237468,0.38710729281387934,
2031-09-14 00:00:00,0.14527557151702267,-0.08962025513779101,0.38701095326923113,
2031-09-21 00:00:00,0.14819066040381892,-0.08715991957561778,0.3841081434569751,
2031-09-28 00:00:00,0.16090878401382197,-0.09215701702536444,0.4037285686859137,
2031-10-05 00:00:00,0.17568519267011876,-0.08679682113949183,0.42085884423652054,
2031-10-12 00:00:00,0.17614390616492467,-0.07303381187548261,0.4139077340014827,
2031-10-19 00:00:00,0.15611122170652975,-0.07151867864009775,0.3865781305909272,
2031-10-26 00:00:00,0.1276597661865939,-0.1223692625782336,0.37063528194203144,
2031-11-02 00:00:00,0.10828098757021318,-0.13907974586310623,0.3610984916939332,
2031-11-09 00:00:00,0.10240383581171858,-0.1415458341840729,0.3461856202729259,
2031-11-16 00:00:00,0.09947399492680198,-0.15347155100401755,0.33484489485667984,
2031-11-23 00:00:00,0.09041139987724615,-0.1632880982790737,0.34312030908220237,
2031-11-30 00:00:00,0.08145405210026872,-0.15739101202526773,0.31660063392752835,
2031-12-07 00:00:00,0.08757676015947308,-0.15723481697277786,0.33940270143725026,
2031-12-14 00:00:00,0.1131643296596892,-0.11713738031826915,0.35927165691912827,
2031-12-21 00:00:00,0.1438487968447055,-0.08451251504998752,0.3836134314376908,
2031-12-28 00:00:00,0.16009163344530453,-0.069531063657396,0.41162724464635336,
2032-01-04 00:00:00,0.15658790472202844,-0.07396694402503601,0.4088736804809175,
2032-01-11 00:00:00,0.1446902047570282,-0.09229508695173466,0.3869228799110579,
2032-01-18 00:00:00,0.13619090822038363,-0.1092753137249986,0.3869494568367816,
2032-01-25 00:00:00,0.1295332537139708,-0.11759221498794337,0.37346864691149395,
2032-02-01 00:00:00,0.11560715469088048,-0.1380983841655925,0.3611812635583592,
2032-02-08 00:00:00,0.09486996989273097,-0.16038410201408743,0.3237414416567511,
2032-02-15 00:00:00,0.08261011013169048,-0.1586330866256575,0.31825574926683275,
2032-02-22 00:00:00,0.09361758494719535,-0.15494551348785746,0.3299695824136179,
2032-02-29 00:00:00,0.1235987893989632,-0.1299587641382146,0.35937853308894385,
2032-03-07 00:00:00,0.15006769200320125,-0.09974079436712457,0.40858642464436884,
2032-03-14 00:00:00,0.15320490827275673,-0.10579107161305179,0.36586643609049796,
2032-03-21 00:00:00,0.13402849890401178,-0.12183766771174359,0.3845475532942446,
2032-03-28 00:00:00,0.11063913143761632,-0.12491020787329599,0.3397558514839777,
2032-04-04 00:00:00,0.09845963741251554,-0.14663194778878696,0.3463157058164449,
2032-04-11 00:00:00,0.09714421907186951,-0.1641818953681934,0.33106264417921266,
2032-04-18 00:00:00,0.096707217875112,-0.16289683835224406,0.3483393693493796,
2032-04-25 00:00:00,0.09254686267181536,-0.1438728948370236,0.33556552221485114,
2032-05-02 00:00:00,0.09089258311403496,-0.1400383202322386,0.3263823169763508,
2032-05-09 00:00:00,0.10010316923691362,-0.1463331438138576,0.3334536236970814,
2032-05-16 00:00:00,0.11999659222088539,-0.12099030522309445,0.34619378803061446,
2032-05-23 00:00:00,0.1412674629550249,-0.10290784630403654,0.38200337933032646,
2032-05-30 00:00:00,0.1533294060853437,-0.07005323629317231,0.40898113100253103,
2032-06-06 00:00:00,0.15050427398059657,-0.08496880639692278,0.3960954244618641,
2032-06-13 00:00:00,0.1321746227495082,-0.11644269292659903,0.3693840234307222,
2032-06-20 00:00:00,0.10153124692996354,-0.13631308466705605,0.34079516818765565,
2032-06-27 00:00:00,0.06670017699778723,-0.16321102674429733,0.31986263551968663,
2032-07-04 00:00:00,0.040317183016875355,-0.21108753402488162,0.2993427964139568,
2032-07-11 00:00:00,0.03269256172299466,-0.21915534682754678,0.25735672348015537,
2032-07-18 00:00:00,0.04298337298628435,-0.1925004121381942,0.2938834189131663,
2032-07-25 00:00:00,0.05916548768036885,-0.19303283822967982,0.29307313827645987,
2032-08-01 00:00:00,0.0695862460420804,-0.17925665994154621,0.3202084811085881,
2032-08-08 00:00:00,0.07442826168640604,-0.18119615600100097,0.3087856219479893,
2032-08-15 00:00:00,0.08356966879122141,-0.1660913733077639,0.3102889686122978,
2032-08-22 00:00:00,0.102830134694542,-0.12719859521044308,0.37035017820811433,
2032-08-29 00:00:00,0.12526805870540744,-0.10936875576082927,0.36000665407027566,
2032-09-05 00:00:00,0.13878541621304408,-0.11752974747958878,0.3732901444397855,
2032-09-12 00:00:00,0.14104914482921527,-0.10937828117694376,0.3792831475841776,
2032-09-19 00:00:00,0.14270980736474145,-0.09666801458386598,0.37761580089217556,
2032-09-26 00:00:00,0.15376259488413896,-0.0847478461810954,0.4068533650645968,
2032-10-03 00:00:00,0.16936093249600442,-0.07914823144115576,0.419233059636029,
2032-10-10 00:00:00,0.17334858864234198,-0.06266119486464239,0.42029853734554967,
2032-10-17 00:00:00,0.1565535028263391,-0.08807370906988782,0.4069471299108594,
2032-10-24 00:00:00,0.1281986471553669,-0.12373557900374738,0.37986252345311233,
2032-10-31 00:00:00,0.10633743072272617,-0.14331147712322584,0.34486676522269116,
2032-11-07 00:00:00,0.09854132687546746,-0.13499537351298885,0.3239819748073586,
2032-11-14 00:00:00,0.09606141131909407,-0.13426514568355846,0.3467621891024195,
2032-11-21 00:00:00,0.08812317369358473,-0.14950663652009327,0.3256646510404928,
2032-11-28 00:00:00,0.07805906900406147,-0.14887604252801767,0.31450547542433516,
2032-12-05 00:00:00,0.08062968793300762,-0.16951052020954915,0.3265494156412837,
2032-12-12 00:00:00,0.10332268146685752,-0.13502269210730772,0.3555116873274946,
2032-12-19 00:00:00,0.13467473820120346,-0.10980687919679982,0.3780728969353577,
2032-12-26 00:00:00,0.1544660301434512,-0.09560982574255497,0.3992181017483586,
2033-01-02 00:00:00,0.15398973697200047,-0.09224783548403728,0.39856650436456165,
2033-01-09 00:00:00,0.14247365739908746,-0.10942249346687549,0.3935900743279386,
2033-01-16 00:00:00,0.1330487245961256,-0.12575684240316043,0.3662061758547005,
2033-01-23 00:00:00,0.12673339485841426,-0.09883768451432273,0.3746538998856148,
2033-01-30 00:00:00,0.11454145271435978,-0.11968223492733038,0.35706006824908426,
2033-02-06 00:00:00,0.09422388613616925,-0.162859603949701,0.34022348843987976,
2033-02-13 00:00:00,0.07905172694597562,-0.1866244498144058,0.3420600129630584,
2033-02-20 00:00:00,0.08553054905729325,-0.17305514751330764,0.3170832899775177,
2033-02-27 00:00:00,0.11345187854947605,-0.1355870571986344,0.3518167512522407,
2033-03-06 00:00:00,0.1424072287037711,-0.10721508569439048,0.37710563120717244,
2033-03-13 00:00:00,0.1503316451006187,-0.09624937041620402,0.39465452707410087,
2033-03-20 00:00:00,0.13408135204303262,-0.10066495982646623,0.39148520675052884,
2033-03-27 00:00:00,0.10996473870370557,-0.1250984709256004,0.3353464714225264,
2033-04-03 00:00:00,0.09532693958710559,-0.1398965552401064,0.32970367678426393,
2033-04-10 00:00:00,0.09272730656582215,-0.14009202354979333,0.34845539207089654,
2033-04-17 00:00:00,0.09279064165231288,-0.1551597150548985,0.3338246313221437,
2033-04-24 00:00:00,0.0890979708334185,-0.16379395140781589,0.32746231221036826,
2033-05-01 00:00:00,0.08627083811310564,-0.1627608791875485,0.3280227455266289,
2033-05-08 00:00:00,0.09322868362708606,-0.13539376440677692,0.34498579276170194,
2033-05-15 00:00:00,0.11171438073493248,-0.1302554327466388,0.3460413236979898,
2033-05-22 00:00:00,0.13359497928441041,-0.11942079633239788,0.37299627872876484,
2033-05-29 00:00:00,0.14789061185690933,-0.09393702336022727,0.38951373131240064,
2033-06-05 00:00:00,0.14788796793053738,-0.09544055177542377,0.3787001758007321,
2033-06-12 00:00:00,0.13220535213327697,-0.0977228563289349,0.38649332454458485,
2033-06-19 00:00:00,0.10332996017165731,-0.13625593723894586,0.3567770086019464,
2033-06-26 00:00:00,0.06839958560864322,-0.1605027945999788,0.3080257534917279,
2033-07-03 00:00:00,0.03955185798844918,-0.19838308012392158,0.27421498353339396,
2033-07-10 00:00:00,0.028241262917725884,-0.22494211564993016,0.2677308072011708,
2033-07-17 00:00:00,0.03599420192550058,-0.21760691386279912,0.297042992150502,
2033-07-24 00:00:00,0.05218693258090552,-0.2090299688001313,0.2879485092652099,
2033-07-31 00:00:00,0.064034036265237,-0.17248435332007356,0.2964362173114921,
2033-08-07 00:00:00,0.06927748688726318,-0.16349712508753922,0.3249514083932127,
2033-08-14 00:00:00,0.07691331276339052,-0.16974475686066431,0.3199597075030993,
2033-08-21 00:00:00,0.09451269569619275,-0.11299903198903877,0.3563173559404563,
2033-08-28 00:00:00,0.11732884272156804,-0.13523317468146012,0.36172137416039635,
2033-09-04 00:00:00,0.1330440732393868,-0.10200921949925101,0.3929081577772455,
2033-09-11 00:00:00,0.13680482990966694,-0.10781633403952096,0.3761974327444951,
2033-09-18 00:00:00,0.13757414006822954,-0.09185297541424028,0.39247378486061624,
2033-09-25 00:00:00,0.14679679278842087,-0.1138855139419443,0.37390981967683035,
2033-10-02 00:00:00,0.1626456083135399,-0.10030715910593135,0.3975518575019816,
2033-10-09 00:00:00,0.16983432194933756,-0.07037469107421243,0.4183585096058285,
2033-10-16 00:00:00,0.15660028599285605,-0.08799859650347222,0.380765336433216,
2033-10-23 00:00:00,0.12897730306965205,-0.11450928882895373,0.37954206329158147,
2033-10-30 00:00:00,0.10489296884670339,-0.13374856962377157,0.36677319060206,
2033-11-06 00:00:00,0.09485434563017507,-0.15196903919511112,0.34535736533586237,
2033-11-13 00:00:00,0.09243043715555188,-0.1284003327279279,0.3430231676212788,
2033-11-20 00:00:00,0.08573088146505511,-0.16354638724380038,0.3463728725936686,
2033-11-27 00:00:00,0.07508865200142147,-0.16372632641770823,0.3016047590720067,
2033-12-04 00:00:00,0.0743823393418855,-0.170190255177798,0.3346079715832695,
2033-12-11 00:00:00,0.0937839567654368,-0.14660427970948364,0.3313351165054092,
2033-12-18 00:00:00,0.12509648306497884,-0.11034082594109718,0.3765269775509289,
2033-12-25 00:00:00,0.14813927844965358,-0.09565510102527813,0.3952693495500195,
2034-01-01 00:00:00,0.15102870714516822,-0.07629904021382086,0.4090095283844822,
2034-01-08 00:00:00,0.14036278314577152,-0.095677331459455,0.3780246966319153,
2034-01-15 00:00:00,0.13003776360738314,-0.1033272579089119,0.3616829022242437,
2034-01-22 00:00:00,0.12372544002467029,-0.11783040497735431,0.3773368775954466,
2034-01-29 00:00:00,0.11316768624441756,-0.1288830501489167,0.37057343296603784,
2034-02-05 00:00:00,0.093730195084538,-0.14919977709853577,0.3287147665671546,
2034-02-12 00:00:00,0.07623363901235763,-0.17904436848780397,0.3111161304995065,
2034-02-19 00:00:00,0.07818850581068093,-0.17983159031915336,0.3263705438878332,
2034-02-26 00:00:00,0.10334302656848751,-0.13439705625931492,0.34206144672093897,
2034-03-05 00:00:00,0.13401901992644744,-0.1305783649229178,0.37634449346115717,
2034-03-12 00:00:00,0.14662961323709295,-0.10290618977510424,0.3926518417334895,
2034-03-19 00:00:00,0.13388199430862902,-0.10513251858358935,0.37715644971652595,
2034-03-26 00:00:00,0.10963858587581951,-0.14687340216768385,0.3687668949087122,
2034-04-02 00:00:00,0.09261372809747323,-0.17101615459453307,0.34196807906135684,
2034-04-09 00:00:00,0.08838459140645832,-0.16755734925731336,0.34379472295158287,
2034-04-16 00:00:00,0.08871958155401255,-0.16626318368252013,0.32363003029227266,
2034-04-23 00:00:00,0.0856638198529963,-0.17037630936568104,0.3309363827017907,
2034-04-30 00:00:00,0.08198348239557458,-0.14583225637821473,0.32453848521203255,
2034-05-07 00:00:00,0.08675124137050856,-0.15517270576932152,0.32076545936788237,
2034-05-14 00:00:00,0.10354747416055166,-0.14130210321914793,0.3425379540672144,
2034-05-21 00:00:00,0.1256668746951517,-0.09450875606471618,0.3788003380294268,
2034-05-28 00:00:00,0.1419812328937284,-0.09669448739327396,0.379416901054233,
2034-06-04 00:00:00,0.14476305912933446,-0.09530641916048999,0.38800806094055096,
2034-06-11 00:00:00,0.13180353163704026,-0.10243177954105664,0.37882710439364065,
2034-06-18 00:00:00,0.10492009593427451,-0.15072606126817195,0.3416583246958346,
2034-06-25 00:00:00,0.07029287638513766,-0.19693971352979261,0.30281605792257726,
2034-07-02 00:00:00,0.039374024528137555,-0.189084476892031,0.2954471429527655,
2034-07-09 00:00:00,0.024434313788851303,-0.20556585693271207,0.2666497662083356,
2034-07-16 00:00:00,0.02928103854372506,-0.22494431590140174,0.2767269289712462,
2034-07-23 00:00:00,0.04503774548205011,-0.20178995575000147,0.30345851641340954,
2034-07-30 00:00:00,0.05823655490200878,-0.18403066176623506,0.2915872341169842,
2034-08-06 00:00:00,0.06420734056614316,-0.1675530788070233,0.31292955918509063,
2034-08-13 00:00:00,0.07061302665497687,-0.1812367300135158,0.3076128454509569,
2034-08-20 00:00:00,0.0863855602606624,-0.14527147955923975,0.34644079957985285,
2034-08-27 00:00:00,0.10914035594210533,-0.12559416498671466,0.3572558868927546,
2034-09-03 00:00:00,0.1268783977279478,-0.11172771740022375,0.3710383762062622,
2034-09-10 00:00:00,0.13245674476226052,-0.10763187321389578,0.38783380372171317,
2034-09-17 00:00:00,0.1327487495170705,-0.10547185896877442,0.377253697122821,
2034-09-24 00:00:00,0.14008426631144957,-0.10175960062265932,0.3769203156745622,
2034-10-01 00:00:00,0.15564399133412407,-0.09692971176896503,0.3970247675223145,
2034-10-08 00:00:00,0.1656144765243224,-0.0880728218645836,0.40277490285184137,
2034-10-15 00:00:00,0.15615191631866604,-0.10142327691584097,0.3798303800850876,
2034-10-22 00:00:00,0.1298920583309976,-0.1091913838812481,0.3720733277471891,
2034-10-29 00:00:00,0.10394893737976546,-0.16308893809168695,0.3594415485201019,
2034-11-05 00:00:00,0.09142688680979914,-0.16520979032781208,0.33307668056271744,
2034-11-12 00:00:00,0.08862468280677897,-0.15185938255916187,0.31307861712348695,
2034-11-19 00:00:00,0.08317005465353337,-0.16297449721782903,0.3107027982358526,
2034-11-26 00:00:00,0.0724456730603481,-0.16776465866158063,0.31257735005075227,
2034-12-03 00:00:00,0.06883240316432918,-0.16205595429702407,0.302553673219184,
2034-12-10 00:00:00,0.08466178280468173,-0.1584181684178657,0.3351250122809981,
2034-12-17 00:00:00,0.11522884840497595,-0.128641148403554,0.3550982899384223,
2034-12-24 00:00:00,0.14111321515450284,-0.10122867864396418,0.36156998264283613,
2034-12-31 00:00:00,0.1476139968772433,-0.09407783523319133,0.3962782092992948,
2035-01-07 00:00:00,0.13829592623028597,-0.10987935568174367,0.38660657180268787,
2035-01-14 00:00:00,0.12719290264268468,-0.11663610867204371,0.360681849433071,
2035-01-21 00:00:00,0.12057123291606259,-0.10608072687294118,0.3673376214388081,
2035-01-28 00:00:00,0.11146218779911848,-0.12923952746048317,0.3584747894676936,
2035-02-04 00:00:00,0.09327611565983703,-0.16729609217832359,0.32886825052719104,
2035-02-11 00:00:00,0.07407655056884242,-0.16414240857620543,0.3337420969778844,
2035-02-18 00:00:00,0.0716511281268021,-0.18061048922087686,0.3156437241174257,
2035-02-25 00:00:00,0.09342823006144912,-0.15057070351284546,0.3288491019343368,
2035-03-04 00:00:00,0.12500551293527215,-0.10633579812738964,0.36049232869417014,
2035-03-11 00:00:00,0.1420557334050881,-0.09799431173738399,0.39044606376674607,
2035-03-18 00:00:00,0.1333030726676897,-0.09694375983892572,0.37865636766369226,
2035-03-25 00:00:00,0.10958382224973344,-0.13644942365352847,0.37332847344025333,
2035-04-01 00:00:00,0.09035016492983415,-0.14791258668206925,0.3367534733823082,
2035-04-08 00:00:00,0.08418491934498526,-0.13642180150600974,0.3178804569245942,
2035-04-15 00:00:00,0.08450644590360336,-0.14539931883917467,0.34748843135516855,
2035-04-22 00:00:00,0.08219057304057738,-0.14607841112166586,0.3302862254037688,
2035-04-29 00:00:00,0.07798282900469483,-0.1487841737916037,0.30358442000614944,
2035-05-06 00:00:00,0.08068830981818975,-0.16178251851489184,0.3238690982559122,
2035-05-13 00:00:00,0.09556223170762762,-0.1547149422100944,0.3487001706755567,
2035-05-20 00:00:00,0.11754223601443792,-0.12514652659394943,0.35489185771478543,
2035-05-27 00:00:00,0.13562467903255382,-0.10173620977632308,0.3707630841444034,
2035-06-03 00:00:00,0.14112698726592954,-0.1051929942543649,0.38194892220521925,
2035-06-10 00:00:00,0.1309470610968555,-0.11908180402127838,0.37850840813797004,
2035-06-17 00:00:00,0.1062474531307577,-0.12334703622102361,0.35211237380736404,
2035-06-24 00:00:00,0.07229996036270238,-0.18091389613609327,0.30982574664233953,
2035-07-01 00:00:00,0.03972936608139549,-0.19395063723392303,0.291871341300619,
2035-07-08 00:00:00,0.021296134489775104,-0.2119078103382509,0.2772769851651017,
2035-07-15 00:00:00,0.022929993712472202,-0.22468144044041322,0.26164340816054565,
2035-07-22 00:00:00,0.03778030367515975,-0.214684400718186,0.2971733328402012,
2035-07-29 00:00:00,0.05217063230365425,-0.18406518138060085,0.3060053199568196,
2035-08-05 00:00:00,0.059147061304631224,-0.17427086126851116,0.3050269226485757,
2035-08-12 00:00:00,0.06464660923596854,-0.1633634316031236,0.307124634570193,
2035-08-19 00:00:00,0.07851133097740035,-0.16365300668760074,0.33724543705050564,
2035-08-26 00:00:00,0.10077721861490928,-0.14486487747776694,0.3456404445124696,
2035-09-02 00:00:00,0.1202813383492095,-0.12690102343373988,0.3692863434526348,
2035-09-09 00:00:00,0.1279225145261219,-0.12562703954205817,0.36051100297274197,
2035-09-16 00:00:00,0.12818200619282905,-0.11902747454001572,0.3734709930204172,
2035-09-23 00:00:00,0.1336806055119229,-0.13257110524956467,0.3876437916725748,
2035-09-30 00:00:00,0.14846496120975872,-0.09881781943354223,0.4038935499385103,
2035-10-07 00:00:00,0.160724719057462,-0.08330773053525178,0.40102432031154467,
2035-10-14 00:00:00,0.1551236428007848,-0.09015231937382379,0.3950119807975365,
2035-10-21 00:00:00,0.13082964553112847,-0.09815918610207314,0.3718610779260773,
2035-10-28 00:00:00,0.1034850452084903,-0.13927885660427347,0.34026106863325045,
2035-11-04 00:00:00,0.08833608676314643,-0.16350467658113083,0.32814485839167384,
2035-11-11 00:00:00,0.08470362125341939,-0.1714489967187347,0.31814772973882993,
2035-11-18 00:00:00,0.08039390925233814,-0.16730988001315078,0.3260740177847371,
2035-11-25 00:00:00,0.07002871199082986,-0.1918136731017287,0.30546042748989977,
2035-12-02 00:00:00,0.06395449251297967,-0.17789448340086572,0.29812576827974346,
2035-12-09 00:00:00,0.07605470120942073,-0.18300919061345167,0.31112956762054333,
2035-12-16 00:00:00,0.10519721504182841,-0.14367616683784518,0.34159125123326306,
2035-12-23 00:00:00,0.1334129469521536,-0.11031063388792967,0.3574831811267044,
2035-12-30 00:00:00,0.1436635105926541,-0.09514466009660244,0.37147826904940867,
2036-01-06 00:00:00,0.13619767167842903,-0.10813511837673856,0.36877186388450534,
2036-01-13 00:00:00,0.12453322644496481,-0.11411916732998817,0.38348080747665114,
2036-01-20 00:00:00,0.11733706284273059,-0.11067755644747201,0.3490965496121001,
2036-01-27 00:00:00,0.10942133451570005,-0.1353931808209899,0.3534220438881207,
2036-02-03 00:00:00,0.09275816098579738,-0.1422638364864165,0.3250055758150346,
2036-02-10 00:00:00,0.07248455860393906,-0.18211262157475522,0.31473241799855856,
2036-02-17 00:00:00,0.06595151604015294,-0.1705961642091141,0.3035484047873034,
2036-02-24 00:00:00,0.08385611174796731,-0.1526357400439305,0.3287201581338332,
2036-03-02 00:00:00,0.11548931130946798,-0.12263369743114227,0.3663793605981094,
2036-03-09 00:00:00,0.1365927529788532,-0.09860786177345121,0.39716052834061977,
2036-03-16 00:00:00,0.13222240854197528,-0.12434481416773846,0.3492235204192867,
2036-03-23 00:00:00,0.10970660096159683,-0.13746793927935907,0.34395736822091566,
2036-03-30 00:00:00,0.0885493854685449,-0.15595678009010128,0.3319808096807784,
2036-04-06 00:00:00,0.08019830247567178,-0.15667596787571902,0.3372841096359144,
2036-04-13 00:00:00,0.08017767320240024,-0.17641434996605587,0.29155954507106047,
2036-04-20 00:00:00,0.07863224951770123,-0.1726565916655856,0.3063348437468005,
2036-04-27 00:00:00,0.07421403659879684,-0.16680371484298462,0.32235841990669856,
2036-05-04 00:00:00,0.07504469606710575,-0.14429185293450225,0.33071933837386946,
2036-05-11 00:00:00,0.08782026047709159,-0.14560034324982601,0.33379400454017194,
2036-05-18 00:00:00,0.10928493082520402,-0.1371523468600162,0.34913859428829946,
2036-05-25 00:00:00,0.12885068311577758,-0.10650970607511812,0.3595837205880905,
2036-06-01 00:00:00,0.13698070690664788,-0.12147261770604217,0.37046221972454085,
2036-06-08 00:00:00,0.12961798147175066,-0.12027796793499407,0.3734816644906701,
2036-06-15 00:00:00,0.10726431255887955,-0.11779615270560417,0.35481193339953143,
2036-06-22 00:00:00,0.07434274687303338,-0.15509380297074338,0.3245293986063271,
2036-06-29 00:00:00,0.040554056769542005,-0.1950218352580949,0.2893329728494318,
2036-07-06 00:00:00,0.018835699818490065,-0.2030398305657895,0.2566582093725039,
2036-07-13 00:00:00,0.017021319579199418,-0.20896689647121913,0.27892193776536467,
2036-07-20 00:00:00,0.03048791567359574,-0.23456263867262023,0.2732127346892841,
2036-07-27 00:00:00,0.04582869682028182,-0.20199819765506344,0.31138848569677435,
2036-08-03 00:00:00,0.05402754308631104,-0.17822196208343544,0.3133619722315333,
2036-08-10 00:00:00,0.058977374689465886,-0.1840016175449402,0.30671961682217597,
2036-08-17 00:00:00,0.07094011981309249,-0.16141979982594923,0.32323643107723504,
2036-08-24 00:00:00,0.09232005807255841,-0.14944996913312647,0.3299993885385889,
2036-08-31 00:00:00,0.11326381773089385,-0.13195678084502954,0.35292322105689006,
2036-09-07 00:00:00,0.12312705354098491,-0.10890210119624705,0.39137943765594396,
2036-09-14 00:00:00,0.12380831415591996,-0.11373564997325414,0.38021312364670473,
2036-09-21 00:00:00,0.12762220643198935,-0.12021621055910447,0.3669413756953026,
2036-09-28 00:00:00,0.14121700192548547,-0.10478601752803907,0.3779200687568708,
2036-10-05 00:00:00,0.15522131990958415,-0.07435849331871353,0.3896543465652951,
2036-10-12 00:00:00,0.15344888678082624,-0.09728733534884543,0.3873303055775065,
2036-10-19 00:00:00,0.13167153439637486,-0.10296636544858778,0.37287814945849174,
2036-10-26 00:00:00,0.10345952519864979,-0.1472743664748397,0.3574132419942979,
2036-11-02 00:00:00,0.0856481005242972,-0.1474426255153342,0.3284188216143773,
2036-11-09 00:00:00,0.0807394093937793,-0.15312053907153023,0.3258514049987504,
2036-11-16 00:00:00,0.077375180820005,-0.16483733775230763,0.31288189149508416,
2036-11-23 00:00:00,0.06773672514850246,-0.17205547704296303,0.3142411725509456,
2036-11-30 00:00:00,0.059701865357621786,-0.19551096246249305,0.30272239439445714,
2036-12-07 00:00:00,0.0680427155624434,-0.17705901940468494,0.32471583993240277,
2036-12-14 00:00:00,0.09513300879981684,-0.14614304142135526,0.3363007926893641,
2036-12-21 00:00:00,0.125086628883158,-0.1261684277549246,0.372003783387766,
2036-12-28 00:00:00,0.1391079642171673,-0.11734059702394117,0.3695460535280443,
2037-01-04 00:00:00,0.13398198463413397,-0.11014601422709858,0.3929739499325826,
2037-01-11 00:00:00,0.1220603155917904,-0.11186428283003524,0.3658675081909163,
2037-01-18 00:00:00,0.1140894413578598,-0.1265472819541446,0.35220970514900873,
2037-01-25 00:00:00,0.1070604352119768,-0.1354586936291321,0.34678782620449755,
2037-02-01 00:00:00,0.0920859454491604,-0.1522302248734031,0.35283449915832077,
2037-02-08 00:00:00,0.07134948472740983,-0.18298505966812656,0.3218861121022601,
2037-02-15 00:00:00,0.0610957460677678,-0.1582094253386222,0.3087187951757091,
2037-02-22 00:00:00,0.07476292808424119,-0.1661831028577883,0.3190945434035173,
2037-03-01 00:00:00,0.10560917592281385,-0.145427640371056,0.3423150019679602,
2037-03-08 00:00:00,0.1302505198140318,-0.1125669384888105,0.3788782664575824,
2037-03-15 00:00:00,0.13052771763479062,-0.1236485036358963,0.3557978069155306,
2037-03-22 00:00:00,0.10989880787947744,-0.12896612717060685,0.34975267157955126,
2037-03-29 00:00:00,0.08720565136504577,-0.15688739150426262,0.3381604962106175,
2037-04-05 00:00:00,0.076492341038349,-0.16446770273670852,0.32361111007858273,
2037-04-12 00:00:00,0.07577275747911419,-0.15423992355209604,0.34054637300242385,
2037-04-19 00:00:00,0.07495302814538256,-0.18115308553615445,0.31800613172661474,
2037-04-26 00:00:00,0.07061752584010088,-0.17734201769624158,0.31523776931228786,
2037-05-03 00:00:00,0.06981238393815839,-0.1816865441872612,0.3174049681851515,
2037-05-10 00:00:00,0.08037645432277718,-0.16093863395118174,0.32604007621732,
2037-05-17 00:00:00,0.10096238098057646,-0.13013840138533928,0.3512168198444653,
2037-05-24 00:00:00,0.1216956009931923,-0.13502246945235513,0.3481065156857872,
2037-05-31 00:00:00,0.1323290869044602,-0.10400521367211846,0.3751045830001033,
2037-06-07 00:00:00,0.12780202592916806,-0.12608220740404724,0.3658101304276974,
2037-06-14 00:00:00,0.10792929506224865,-0.15280000143196298,0.3418429592197762,
2037-06-21 00:00:00,0.07634665673570959,-0.1603005280399291,0.32169052798778097,
2037-06-28 00:00:00,0.04177686202117835,-0.20968604222323722,0.2971842958472837,
2037-07-05 00:00:00,0.01704655243749925,-0.22561963672972063,0.264096339605632,
2037-07-12 00:00:00,0.011626669228959913,-0.2155388352793774,0.2531679172701887,
2037-07-19 00:00:00,0.023242184170358837,-0.2074025391546998,0.2613705475944129,
2037-07-26 00:00:00,0.03921944372161784,-0.195548651004873,0.30361597748519,
2037-08-02 00:00:00,0.048784684199056225,-0.19496364469192762,0.27170405551818944,
2037-08-09 00:00:00,0.0535561108583118,-0.1756377010782818,0.2949806777307944,
2037-08-16 00:00:00,0.06370754969546198,-0.1875088103075367,0.30408127014589326,
2037-08-23 00:00:00,0.08385191487810412,-0.17255051685644052,0.3202941418888558,
2037-08-30 00:00:00,0.10585412173164212,-0.13599344458847,0.3517322783414506,
2037-09-06 00:00:00,0.11800596452186016,-0.11656821408869866,0.371061564564565,
2037-09-13 00:00:00,0.11955143335362838,-0.10876153380912534,0.36074756943703723,
2037-09-20 00:00:00,0.12192523443135947,-0.11999671083347024,0.3731970009935659,
2037-09-27 00:00:00,0.1340037802892667,-0.12534592990560567,0.38137473938737565,
2037-10-04 00:00:00,0.1491786266535351,-0.11004896421499977,0.39692913600643165,
2037-10-11 00:00:00,0.15108176040795276,-0.08345395922838802,0.3891732660635977,
2037-10-18 00:00:00,0.13229851782606067,-0.1264064055457219,0.3907067193407372,
2037-10-25 00:00:00,0.10381023879602609,-0.1446429843182604,0.3407160210483503,
2037-11-01 00:00:00,0.08341445013562811,-0.15272571874888002,0.3265665913165606,
2037-11-08 00:00:00,0.07681310812219609,-0.16265044022374353,0.32216243229269065,
2037-11-15 00:00:00,0.07410703007626983,-0.15091477813670495,0.30615532296409226,
2037-11-22 00:00:00,0.0654736198430732,-0.1713777060011733,0.3066120929947176,
2037-11-29 00:00:00,0.0560090206631739,-0.19142919892478832,0.3011947330589405,
2037-12-06 00:00:00,0.060684615466297415,-0.19457570585493683,0.31090678478890876,
2037-12-13 00:00:00,0.0851689098045949,-0.1632718026339936,0.3308821290970288,
MAE,0.15587343589117153,,,
RMSE,0.19017635447893658,,,
