ds,yhat,yhat_lower,yhat_upper,actual
2001-01-07 00:00:00,17.64956617207569,2.2820047280433986,32.790325677221006,26.55736476815793
2001-01-14 00:00:00,15.258347477313759,-1.8171332578738166,29.863239381535593,20.104424924029423
2001-01-21 00:00:00,13.302378107987288,-2.7062025763273745,29.073795905976283,18.244635268254683
2001-01-28 00:00:00,12.608405527781724,-4.004746411303124,28.178475079016657,22.45525203955796
2001-02-04 00:00:00,13.272986925702073,-2.3508721438722304,29.028036980758834,9.700144813359351
2001-02-11 00:00:00,14.769057947688694,-1.3856050609900628,30.843492273800827,14.083916192545756
2001-02-18 00:00:00,16.158416652064762,-1.0581743218559154,30.924673206163803,17.01286691206699
2001-02-25 00:00:00,16.407312002329753,-1.2287589926280518,31.226614814169324,17.444190082027898
2001-03-04 00:00:00,14.95682386688992,-1.8134862402893006,30.610257520987176,54.06311574909185
2001-03-11 00:00:00,12.325561964016856,-4.393994393525993,28.320343995044922,39.24291237681582
2001-03-18 00:00:00,10.089366506777115,-6.725366639978727,25.4730259028814,24.60642617305074
2001-03-25 00:00:00,9.875059425825619,-6.232930801100302,27.06419438196577,13.13006170104159
2001-04-01 00:00:00,11.996488105619818,-4.691962154555359,27.362394802745506,20.8820893921384
2001-04-08 00:00:00,15.000940449901826,-2.076675238186386,30.4341739144463,0.0
2001-04-15 00:00:00,16.759618574907932,0.5538551965555527,32.15084302839943,0.0
2001-04-22 00:00:00,16.25688588302651,-0.2904140861475071,31.903776985218073,22.7987496078616
2001-04-29 00:00:00,14.426382320403171,-1.425524308253319,30.68172949102459,1.7954701586153643
2001-05-06 00:00:00,13.21748827829148,-3.4602909906834896,28.47566110536424,3.461014717610847
2001-05-13 00:00:00,13.795106387281152,-2.5133107118649427,31.13310200817086,4.575714896012682
2001-05-20 00:00:00,15.60831557228412,0.16730654070307338,30.840196308461653,4.728080227761108
2001-05-27 00:00:00,17.133115338180044,1.8548170093771574,33.4033637395915,41.83602229809646
2001-06-03 00:00:00,17.395824533980907,1.431316020683056,33.57904624480329,24.733012638457136
2001-06-10 00:00:00,16.703622638809723,1.0186124830480097,32.10664582566525,11.94668109005938
2001-06-17 00:00:00,15.988915501483577,-1.236295107701494,31.518292241992807,8.84596097338703
2001-06-24 00:00:00,15.669242119689887,-0.678638155394605,32.46439062082202,3.493403531069996
2001-07-01 00:00:00,15.321914120857585,0.4581098650663584,31.529156702801266,6.801691454850937
2001-07-08 00:00:00,14.446198989301923,-3.4817629715047076,30.04226315435522,9.226734907610355
2001-07-15 00:00:00,13.350385611296595,-4.203464376175564,29.368599097821615,9.59872910646871
2001-07-22 00:00:00,13.09588550978107,-2.352883090120656,29.058657534298924,39.661269858411856
2001-07-29 00:00:00,14.488553374556528,-1.1881922590212213,30.46562914973409,22.48964207169286
2001-08-05 00:00:00,17.138770640935576,1.316810343500478,32.91158615644052,8.30736703398707
2001-08-12 00:00:00,19.557690005362602,3.463489042960264,35.75378615975626,2.343119035908224
2001-08-19 00:00:00,20.25177290265041,5.254431484694724,36.07948809382459,0.9477075649575512
2001-08-26 00:00:00,18.867496426114386,3.1251533762377885,35.60505564228761,2.901810179705792
2001-09-02 00:00:00,16.445265068016898,0.8463305904640102,31.686256622552147,4.795008885531107
2001-09-09 00:00:00,14.641470119490528,-1.4844694872912179,30.04803554890853,5.915753369805549
2001-09-16 00:00:00,14.590254443732507,-1.6446905033357417,31.34328616303484,10.055342090625608
2001-09-23 00:00:00,16.26189159173873,0.2688702198882922,31.732515562984265,9.64080672071337
2001-09-30 00:00:00,18.70031169722444,2.0430971429278912,33.81696324104057,10.453234294139536
2001-10-07 00:00:00,20.833965067469546,4.815559041593543,36.73093931115347,13.531455894521487
2001-10-14 00:00:00,22.168275154329287,5.407832597929417,37.547573789648055,13.025533897904358
2001-10-21 00:00:00,22.8414263740719,7.2254279485361455,38.772056676817144,17.91596793850562
2001-10-28 00:00:00,23.111824374287522,6.791798268015178,40.60717696736539,21.01043963987088
2001-11-04 00:00:00,22.865067703649043,6.898367869985437,38.93120415435523,20.84945652371914
2001-11-11 00:00:00,21.699964244818915,6.985822306210132,38.19150641502557,70.96603348267391
2001-11-18 00:00:00,19.547734857801668,4.06044164064318,36.5995071951878,45.34749948367407
2001-11-25 00:00:00,17.154552321458215,1.1174199227771098,32.08261397057607,21.86176828341532
2001-12-02 00:00:00,15.787710028072214,-0.08689993871844592,31.103781969164384,7.427494750236725
2001-12-09 00:00:00,16.272935626587,-1.021173702649758,32.66245535688542,1.7312266450589076
2001-12-16 00:00:00,18.212771681441467,3.982442383104969,34.29046231910502,4.3220477423387695
2001-12-23 00:00:00,20.167542914525228,3.918514774604601,35.858909916871475,9.329660438650942
2001-12-30 00:00:00,20.705110369780716,3.8003993639907314,36.553018181721,14.39226217395138
2002-01-06 00:00:00,19.417250947140754,2.7993597384180493,35.286927066762175,5.838838587806662
2002-01-13 00:00:00,17.07921437393657,1.6310466471166656,33.324228635510366,7.320729602921704
2002-01-20 00:00:00,14.965185192002059,-1.8110579347057723,32.01901867130252,8.251856446828087
2002-01-27 00:00:00,14.017799364072124,-2.8090366872694723,29.872549948025412,8.363772362443544
2002-02-03 00:00:00,14.463140619285193,-1.6245000942099672,29.80213799310127,20.678733633721748
2002-02-10 00:00:00,15.870720649220772,-0.6581166908772715,31.575296848030046,16.741664676884753
2002-02-17 00:00:00,17.358093428077225,1.7146929697373068,33.12655982275685,12.662559615195644
2002-02-24 00:00:00,17.87452676023934,1.488356532015196,33.45394227966865,9.467437074197855
2002-03-03 00:00:00,16.725721461073896,1.2235299005752047,33.269128554223556,7.213440994845445
2002-03-10 00:00:00,14.212317926922587,-1.8600565885678932,28.609574667719123,5.905044312598068
2002-03-17 00:00:00,11.768628007906607,-3.808559480683094,29.211239774024243,6.6434842223009065
2002-03-24 00:00:00,11.117961748160333,-4.350372954976063,28.7445278946252,10.013227470255575
2002-03-31 00:00:00,12.883820882730646,-3.2545152509361337,28.24955668624497,4.220756744877806
2002-04-07 00:00:00,15.891073096936756,-0.01323402350897851,32.56700097060212,6.435051744015718
2002-04-14 00:00:00,17.999365464681105,2.8253384048860983,33.83823065352995,8.643166147182347
2002-04-21 00:00:00,17.885652119633374,2.6379200736443895,34.44628624676187,10.476222363924128
2002-04-28 00:00:00,16.1551956889363,0.20976750097732122,32.85374590246636,24.18586111265712
2002-05-05 00:00:00,14.705829498972108,-1.7649858721452993,32.08630388470671,26.31975324373531
2002-05-12 00:00:00,14.956050088322426,-0.5599635503792335,31.37688113948635,27.187639274780626
2002-05-19 00:00:00,16.652332857187574,1.0682180975825801,33.37178795622926,26.519936368826937
2002-05-26 00:00:00,18.333609542170905,2.0561774503508765,33.428737398430926,43.29703403108731
2002-06-02 00:00:00,18.83450340535057,3.7636547127699416,34.986048892504265,36.82273366424106
2002-06-09 00:00:00,18.246263844773242,3.1004299401172855,34.36119720981004,29.93410224552588
2002-06-16 00:00:00,17.4786198245773,1.3675799015309913,33.409707895599595,23.93451805914573
2002-06-23 00:00:00,17.10047087840347,0.9057100713321908,32.60935935035676,23.25297368783972
2002-06-30 00:00:00,16.807113693470818,0.6480072627066775,32.81357054991332,18.21743913209285
2002-07-07 00:00:00,16.032817241570626,1.1009858771525494,32.55590423559428,15.865817554860037
2002-07-14 00:00:00,14.910414219807095,-2.055506728945293,29.968891074579368,17.10176262520741
2002-07-21 00:00:00,14.423051689870006,-1.603881866697403,30.116907340425904,8.02554453372264
2002-07-28 00:00:00,15.509653257460176,-0.36633418725195455,30.710505451053127,10.937848335021007
2002-08-04 00:00:00,18.023344192336975,1.2048809747769056,34.33770808847848,12.952035309337347
2002-08-11 00:00:00,20.610868454644592,4.017408345408786,36.54410186546047,12.747367821919008
2002-08-18 00:00:00,21.681761435439764,5.458057734104765,37.33842630348531,35.57248899979559
2002-08-25 00:00:00,20.627094474717193,6.090583267819952,36.97240804922133,20.29281905096162
2002-09-01 00:00:00,18.27106508988856,3.086475220201887,34.571798647866544,9.145234990962663
2002-09-08 00:00:00,16.245462334088817,0.7997366881345975,32.7386320943323,9.427449958280135
2002-09-15 00:00:00,15.848059957996387,-0.18130083057446456,31.784653037073692,3.170340676210792
2002-09-22 00:00:00,17.264529611118743,2.152761634793439,33.32852994599386,6.503419907766634
2002-09-29 00:00:00,19.65298900255269,4.309602089072223,35.3803534238466,9.44541593789754
2002-10-06 00:00:00,21.898985756453385,6.0526582891942695,36.97405809569773,10.656020478125036
2002-10-13 00:00:00,23.379488525979042,8.37278720611416,38.53358571887377,43.45644798431197
2002-10-20 00:00:00,24.1466826097474,7.964367959500194,39.482186416127504,34.03840586685305
2002-10-27 00:00:00,24.48362823814187,8.536096261932638,40.3121101504513,23.94250089636788
2002-11-03 00:00:00,24.356735744662824,8.446289414860459,40.65014451617256,17.663434252467113
2002-11-10 00:00:00,23.3796348179672,7.552776842405445,38.237103218613214,12.758334327039206
2002-11-17 00:00:00,21.373908232820977,5.383929805839475,38.183560538132284,13.892351307111989
2002-11-24 00:00:00,18.93531884342561,2.2503072689797463,34.67780603984335,16.0615434003956
2002-12-01 00:00:00,17.297825580650418,2.340099391209895,32.64009448127404,17.765544965453202
2002-12-08 00:00:00,17.442020332531683,1.5277376477761955,33.38984413161883,14.22848169288811
2002-12-15 00:00:00,19.20829555592694,3.9347366661437047,35.536123512899074,14.782889989878967
2002-12-22 00:00:00,21.282116781913196,5.894572075374047,37.192509717213326,15.332544145684356
2002-12-29 00:00:00,22.140372968477745,7.315877266756548,38.529650840915096,16.133858171548564
2003-01-05 00:00:00,21.15012503819982,5.529511207171369,37.62688066600444,17.326319477797288
2003-01-12 00:00:00,18.908271473152464,2.1685521080731363,34.83150082002847,18.61969874724452
2003-01-19 00:00:00,16.667208369973743,0.8246949745262739,31.648509889295582,19.64114059605176
2003-01-26 00:00:00,15.473322738220977,-0.06820693781683573,31.473916715178934,20.01005917890644
2003-02-02 00:00:00,15.685148560014238,-0.055954140864120205,30.849299958198337,24.74840827492715
2003-02-09 00:00:00,16.975462687915428,0.5677872368813688,33.03658542903827,23.57596868617954
2003-02-16 00:00:00,18.52596838694588,2.426300031372943,34.548371842347194,22.011896083972207
2003-02-23 00:00:00,19.28590739060865,3.0956367068160127,34.82139289226054,20.38038895492111
2003-03-02 00:00:00,18.44779292665811,2.3590488177210727,35.68701594327632,21.00739995611636
2003-03-09 00:00:00,16.100311818822448,0.48288646106917454,32.42974327551532,19.08314205959193
2003-03-16 00:00:00,13.508152104442853,-2.403844682436336,28.711229008282444,17.802359242940277
2003-03-23 00:00:00,12.443165458676214,-3.482741116081975,28.166086290509774,17.704316741351434
2003-03-30 00:00:00,13.813616844452275,-2.554472652596001,29.16463550377226,13.109842047810726
2003-04-06 00:00:00,16.75017446364751,0.6897534935385465,34.873648669317426,14.658149729740847
2003-04-13 00:00:00,19.162590066513165,3.506242603732531,34.24442547966537,16.081586336500603
2003-04-20 00:00:00,19.459078138102676,2.2491732375943414,36.023993375622105,16.62819588594782
2003-04-27 00:00:00,17.894446117148235,1.2744603550499285,33.13094626475698,21.384949156092137
2003-05-04 00:00:00,16.25334681635888,-0.3084603078000612,32.84665545250816,19.788112015303764
2003-05-11 00:00:00,16.16662985321742,0.18037773748968178,30.19577803426934,17.91765851877128
2003-05-18 00:00:00,17.694876450471696,2.364930597995084,32.337918550199504,16.50649830983281
2003-05-25 00:00:00,19.492651442436305,3.7322018767914322,36.29680449973742,16.197956741314087
2003-06-01 00:00:00,20.236057741601552,4.476301455890717,36.064355977758524,15.69899136101773
2003-06-08 00:00:00,19.784332554788488,3.456478419554914,35.57347041473557,15.01310144621753
2003-06-15 00:00:00,18.98347135135465,3.4632970106208916,35.23850886151601,13.567724451450651
2003-06-22 00:00:00,18.535216406333905,1.9946196302029193,34.05245896988453,15.356255386499257
2003-06-29 00:00:00,18.27484261411926,2.745971943407012,33.79929859551321,11.411343268146894
2003-07-06 00:00:00,17.605715754695463,1.882329860961697,33.662888544442865,8.846167027304933
2003-07-13 00:00:00,16.490747074923366,0.9458304443526622,32.97982929145036,9.744565318048917
2003-07-20 00:00:00,15.803576021253807,-1.0292329704257348,32.04693704630469,4.386889792899132
2003-07-27 00:00:00,16.579800633471073,1.1117199466042962,32.40724139869492,6.79424989589248
2003-08-03 00:00:00,18.910977427839462,2.1667244459364703,34.06848499777432,9.040239121156562
2003-08-10 00:00:00,21.61285198011379,5.10239856080692,37.07993880143127,10.017508190051826
2003-08-17 00:00:00,23.039862139402825,7.375785379528276,38.249626817782215,25.20550023972521
2003-08-24 00:00:00,22.342923674094187,6.715210413842939,38.60553280710748,21.05096190592933
2003-08-31 00:00:00,20.108410462349966,4.015437134949163,35.5705082619662,16.204750674751754
2003-09-07 00:00:00,17.90457265306546,1.6395015369652413,34.32698382688021,13.136005179593695
2003-09-14 00:00:00,17.16660677727501,0.7740368974651588,33.12917525782934,10.161712738408273
2003-09-21 00:00:00,18.29886225782848,2.168513313199494,35.69580775249885,10.699100207202536
2003-09-28 00:00:00,20.599628020619903,4.700740997462216,37.08149283325481,11.84020747516933
2003-10-05 00:00:00,22.937608999024818,7.335041173704729,37.66404526739966,12.65731057921986
2003-10-12 00:00:00,24.567320665229285,7.882059887463766,39.39426344102446,10.829829357984224
2003-10-19 00:00:00,25.439242390686758,9.418003774271241,40.515603576990685,10.934171758638042
2003-10-26 00:00:00,25.84179787952156,11.117936392090144,41.1985646199564,11.431094197426727
2003-11-02 00:00:00,25.820769093367197,9.466744969433828,41.65949860547291,12.987170685951009
2003-11-09 00:00:00,25.024231861209,9.706051808267517,41.732897686561074,12.129361483512268
2003-11-16 00:00:00,23.184325182001434,7.153236411734145,38.571228824792705,14.967814015529925
2003-11-23 00:00:00,20.74227616544111,4.716675535549825,36.241934170844274,17.17834799703542
2003-11-30 00:00:00,18.868037310533573,3.3129975261711966,34.76487052713609,17.30083150392238
2003-12-07 00:00:00,18.666188304274044,2.6445829910623697,35.05095421451307,37.67405141273376
2003-12-14 00:00:00,20.214221636694482,4.7164813445412115,36.27969750782542,27.51864994710779
2003-12-21 00:00:00,22.35532953624925,6.864163371436396,37.248599692665934,16.799766421077358
2003-12-28 00:00:00,23.513164494308384,8.54548508588384,40.29420293994565,10.372064219081096
2004-01-04 00:00:00,22.841304529161,6.774849078666982,38.2179147262851,5.336046082682194
2004-01-11 00:00:00,20.738053986004402,3.962284130618345,35.949046563315704,6.908114134296473
2004-01-18 00:00:00,18.40458484964002,2.1282310246613036,34.4608013687906,9.075849485436825
2004-01-25 00:00:00,16.975486492354264,-0.07126193207630038,32.43271306812473,9.46816729758451
2004-02-01 00:00:00,16.942809258757297,2.2678729907007984,33.395525643998866,14.904077465616451
2004-02-08 00:00:00,18.089186301863013,1.0690072113662232,34.148466804322794,8.696348684432161
2004-02-15 00:00:00,19.668107104446758,3.0076106693310702,35.710291512531924,3.389711484525165
2004-02-22 00:00:00,20.643904381469337,4.484900084673818,36.49146114590169,3.79803936542622
2004-02-29 00:00:00,20.11833256654119,3.59449530630212,35.87349998200831,1.4286407226377882
2004-03-07 00:00:00,17.9788961635363,2.1798643024259388,34.08146819523299,3.137465277067319
2004-03-14 00:00:00,15.298757557329024,0.8358481459565432,30.963035325270184,4.91678566833324
2004-03-21 00:00:00,13.851191062923236,-1.8823172229147538,30.22768601961354,5.911197331961652
2004-03-28 00:00:00,14.796973219066667,-1.3234916700147288,30.901709084714085,24.47171534444066
2004-04-04 00:00:00,17.591139743411144,1.6399251053770456,33.26409778034051,21.821465368744107
2004-04-11 00:00:00,20.2529196169966,4.440120731597343,36.11494091470214,17.449483873155007
2004-04-18 00:00:00,20.96866682289005,5.031560710770785,37.10025161574829,13.227778413660229
2004-04-25 00:00:00,19.631766797138052,3.272180609277685,36.055288106273906,20.606695331926744
2004-05-02 00:00:00,17.855117806919644,3.006635497136818,33.92488295674769,12.425416782671537
2004-05-09 00:00:00,17.43283546110662,2.644508650771229,33.90629193240726,6.854061388993111
2004-05-16 00:00:00,18.745838095260808,3.3173453450216375,34.07195868680884,6.296092496408611
2004-05-23 00:00:00,20.614463293478035,4.58720122208911,36.88488882684614,1.6217770546183763
2004-05-30 00:00:00,21.596584609869282,5.936179403650669,38.5321306925734,3.05967372925186
2004-06-06 00:00:00,21.311820721033367,5.3130499038069665,37.030848036469656,4.730158937651101
2004-06-13 00:00:00,20.502281545561882,4.3818332429452695,36.07669388873899,5.982479278478663
2004-06-20 00:00:00,19.977293315597805,3.395266935756016,36.53293955522895,13.542173702496433
2004-06-27 00:00:00,19.72782912519493,3.093989571629434,36.67814157284865,14.24325486630805
2004-07-04 00:00:00,19.161599412708906,2.9166204820925685,34.13236741350002,15.335117124542686
2004-07-11 00:00:00,18.084158666469577,2.4982336169082053,33.91811593968377,18.45580930665283
2004-07-18 00:00:00,17.233508846928412,0.388104358628496,32.13498271190605,19.97827350764506
2004-07-25 00:00:00,17.703275180919015,1.4157983408377817,34.09581296928951,26.13303288531591
2004-08-01 00:00:00,19.811791023475323,3.9144579449762116,35.49014979870347,31.00897642723033
2004-08-08 00:00:00,22.57188372817788,6.658951837365423,38.35310416160441,30.638338179808706
2004-08-15 00:00:00,24.32611229383338,8.42460336739761,41.376874621369694,102.9531899812556
2004-08-22 00:00:00,24.00694535766862,6.59574772592827,40.51193773811508,56.048725751718784
2004-08-29 00:00:00,21.94716917437975,6.495742908679997,37.46033686989998,10.333059267025597
2004-09-05 00:00:00,19.61340118120033,3.472289829533345,34.859017089452436,0.0
2004-09-12 00:00:00,18.54792568832335,2.28743545193049,34.63146493668118,1.5524640331244055
2004-09-19 00:00:00,19.3716104485988,2.5564848078630646,34.95797208324239,5.866949951771653
2004-09-26 00:00:00,21.546259092982257,4.1148537461805095,37.250412644397926,10.83724468521842
2004-10-03 00:00:00,23.951590212825195,7.146113040670139,41.09997882007515,13.748462329885523
2004-10-10 00:00:00,25.730029555368894,9.909279648755902,42.56090819001122,80.65349738400879
2004-10-17 00:00:00,26.717632165186423,10.88906405966195,42.6731546207682,71.7719032608083
2004-10-24 00:00:00,27.187747331726083,11.218558778962695,42.88740347366708,57.13952396137276
2004-10-31 00:00:00,27.259924202454172,10.059475075218726,42.519496000566626,46.4760423938102
2004-11-07 00:00:00,26.6334931330258,9.54222379375708,42.053254825609784,45.427981217251656
2004-11-14 00:00:00,24.97333224039625,8.413220925265684,41.126937218658014,43.99430097705664
2004-11-21 00:00:00,22.56743137127602,6.641104570964988,39.06730810932012,44.50209260656533
2004-11-28 00:00:00,20.49452012688488,3.4913941464186724,36.159709846860856,42.10379019912636
2004-12-05 00:00:00,19.949743198048004,5.033245799148931,35.15615248116325,45.49445505711686
2004-12-12 00:00:00,21.24027128968662,5.120243218692535,39.09244570755918,34.35475853516274
2004-12-19 00:00:00,23.395049906157745,7.309443193337687,38.868912550871954,24.443283874080404
2004-12-26 00:00:00,24.824026486819527,8.824708494641555,41.29470633393518,23.727985533640016
2005-01-02 00:00:00,24.484618607773804,7.194319647288186,40.382468381470005,11.280328501185616
2005-01-09 00:00:00,22.560803449766578,6.921514275448136,38.15508621484242,17.751690443691697
2005-01-16 00:00:00,20.172658546386415,5.854830296140987,35.88557622980801,24.44996445381549
2005-01-23 00:00:00,18.524079792157043,3.1367217386476227,34.71045167723169,26.5308186013072
2005-01-30 00:00:00,18.23942312224704,1.6831513026860456,34.59468838475874,88.29454497181185
2005-02-06 00:00:00,19.217514677757574,3.4827913127987387,34.77730797607304,58.55747723806739
2005-02-13 00:00:00,20.790772671115025,4.914349381484952,37.096932764818995,23.70600764104245
2005-02-20 00:00:00,21.951936458790165,6.6397280973790895,37.6042153318772,5.470135149078307
2005-02-27 00:00:00,21.73401369563809,5.230514733164169,37.45927040741901,1.2929044635832994
2005-03-06 00:00:00,19.83808748188797,3.7430354637602044,36.2636589246426,5.466802124373507
2005-03-13 00:00:00,17.130306605763575,2.1028214273578296,33.528744908727475,11.15434554342738
2005-03-20 00:00:00,15.34046397291361,-1.8858992611787642,31.254056065677545,14.091068868615816
2005-03-27 00:00:00,15.843510533131981,0.42679120915106594,32.13205198554194,45.31839889776875
2005-04-03 00:00:00,18.42743878650019,1.485313715736254,34.88186690201781,34.42285285264485
2005-04-10 00:00:00,21.276187421074013,4.836664158489798,36.48773061195483,19.807630827534474
2005-04-17 00:00:00,22.407747692005522,6.182803001113527,38.39656377720752,12.469040422051922
2005-04-24 00:00:00,21.35457894633453,4.585357154943377,37.24944681937225,5.853226691363178
2005-05-01 00:00:00,19.504305951266602,2.597601740737076,34.8766449004096,9.885275568563369
2005-05-08 00:00:00,18.75897696629193,2.6080019921400677,34.516837735932185,15.07965943238549
2005-05-15 00:00:00,19.815191060269676,2.7962960321515222,35.9934402382452,17.18951930768796
2005-05-22 00:00:00,21.70474699873958,6.083258608493534,36.91607880394449,46.769241961776245
2005-05-29 00:00:00,22.91336957447045,7.012953914019372,38.992797182025924,32.28312382655183
2005-06-05 00:00:00,22.822484180361005,7.599626260757178,40.070648957320415,13.880427264050557
2005-06-12 00:00:00,22.032742605163538,6.285242171970101,38.84858816491672,3.082568947621368
2005-06-19 00:00:00,21.42996482138771,6.7266791913319395,37.771128424043994,0.2755101584893323
2005-06-26 00:00:00,21.16950209091773,5.4916301629901945,37.18514608107539,1.989543874459333
2005-07-03 00:00:00,20.698321878696433,5.8451703899095,36.389711651519235,5.193504416092214
2005-07-10 00:00:00,19.683659543349798,3.377452455957295,35.60367936442355,8.54400155095912
2005-07-17 00:00:00,18.707786187835868,3.9751735994504234,34.46780561272038,14.62885921083818
2005-07-24 00:00:00,18.882833936686318,2.4462058964117706,36.334760129001864,18.747696869014163
2005-07-31 00:00:00,20.735352285247014,5.189744889151948,36.50998584609542,22.320579028364435
2005-08-07 00:00:00,23.497138990479375,6.582943829705247,38.04176070271013,24.315666891783227
2005-08-14 00:00:00,25.5422183438271,9.697251982656924,41.36066270551962,45.98987045577648
2005-08-21 00:00:00,25.6122416578678,9.004190286821524,42.15396928249898,43.40091022539732
2005-08-28 00:00:00,23.77702829688899,7.771825295120827,40.088344137828514,38.968393409461015
2005-09-04 00:00:00,21.365342357609105,5.377178042502594,37.844751603823724,35.25339090936517
2005-09-11 00:00:00,19.99278184184144,4.635723876435762,36.66880061386021,33.63016248873124
2005-09-18 00:00:00,20.48903445740342,4.46097285340155,37.41548149110149,31.89114902120552
2005-09-25 00:00:00,22.499403547852225,6.513090133467211,37.20794542223373,31.63543730967628
2005-10-02 00:00:00,24.943522605448536,9.08066243462801,40.4081540513247,33.73330318038698
2005-10-09 00:00:00,26.866260656003078,10.502347487858156,41.98286185222385,26.835257035456504
2005-10-16 00:00:00,27.980047227880178,11.398464166509104,45.09707600862474,31.7374641538916
2005-10-23 00:00:00,28.52235709765118,13.307528267874215,44.6325591907968,36.25725962111007
2005-10-30 00:00:00,28.67700983927029,11.630489014704246,45.44681009834964,36.060071189541816
2005-11-06 00:00:00,28.207995073569315,11.955987171666568,43.962630560597134,86.25962182930962
2005-11-13 00:00:00,26.736180590060464,9.994170682648079,42.52355953998631,56.1374022510081
2005-11-20 00:00:00,24.402762904092132,8.878863462321366,40.18047963589582,20.769593315482982
2005-11-27 00:00:00,22.17225820917886,6.706512072699528,38.750955269219446,0.4459476041992902
2005-12-04 00:00:00,21.295532514163057,4.012599117391925,37.90833421450533,0.0
2005-12-11 00:00:00,22.29567480475073,6.8819541204217884,38.82888591500263,2.07723047949928
2005-12-18 00:00:00,24.410016361278263,8.204717980739694,40.70762307803185,5.991463933271312
2005-12-25 00:00:00,26.074953185908093,10.867499760232334,42.65377778116104,8.292562587229407
2006-01-01 00:00:00,26.0747887399528,10.116422164142843,41.181272891295976,32.26891469407235
2006-01-08 00:00:00,24.36862634162047,7.467824048286932,40.631135181445345,25.71275371958019
2006-01-15 00:00:00,21.966019614507324,6.181258484416222,38.80575287405395,15.14380906542528
2006-01-22 00:00:00,20.118134595471837,4.148459076225153,37.00868864543264,8.680805520922174
2006-01-29 00:00:00,19.5777566283828,3.20329653303955,35.8868259261463,4.04026316729021
2006-02-05 00:00:00,20.36574432103506,5.780057184965967,36.49806100800304,6.197320600367035
2006-02-12 00:00:00,21.900312287277302,6.269639669072054,37.95637640286388,9.968121819346855
2006-02-19 00:00:00,23.214253724091737,6.326180038215066,38.50604909139511,12.516807412995895
2006-02-26 00:00:00,23.292884089881962,6.368423023391834,39.96409266040088,18.96635644326296
2006-03-05 00:00:00,21.668786251112227,5.628556996830106,38.5732009659219,17.97886838141486
2006-03-12 00:00:00,18.99200867462318,2.5859395003907792,35.90464928771864,15.429981172826858
2006-03-19 00:00:00,16.907411562122324,0.08926529285771423,31.732133633208655,13.06982000249532
2006-03-26 00:00:00,16.961122227408968,0.6114133277759422,31.97893783575789,14.52313474618893
2006-04-02 00:00:00,19.272718430912576,3.1176517540023063,35.591948400173365,12.611273797311496
2006-04-09 00:00:00,22.240263662278934,6.498425447801019,38.790280215466794,11.301580771927656
2006-04-16 00:00:00,23.771707006027977,8.567161579729301,40.19654108643495,10.64778068457192
2006-04-23 00:00:00,23.05049785476772,6.362712659781664,39.793714035454144,6.570365174408459
2006-04-30 00:00:00,21.192347394097723,3.8598832469343254,36.86718245978986,6.986883001787121
2006-05-07 00:00:00,20.147490913209197,3.700981014760549,36.297509730491456,8.165107047879369
2006-05-14 00:00:00,20.912643178902307,4.3784503116489475,35.087885349163415,11.00015777592505
2006-05-21 00:00:00,22.770543157442454,6.771934786780433,37.758414054254004,10.543379268053544
2006-05-28 00:00:00,24.185062983509795,8.17189063078199,39.84521897046726,14.877542231325268
2006-06-04 00:00:00,24.310106750839562,8.348078015083093,39.62160643882563,19.27833008809112
2006-06-11 00:00:00,23.571483535531108,7.080876813099055,38.75536905986131,20.74577441253007
2006-06-18 00:00:00,22.89575046759392,7.209403124050191,37.38524912163518,59.6732201426793
2006-06-25 00:00:00,22.603788030537363,6.401016436968691,37.12015864342041,42.6270041419971
2006-07-02 00:00:00,22.21491107924011,5.764102831288156,37.660921212382625,20.38083101238781
2006-07-09 00:00:00,21.282733618423855,4.967050998816688,38.16478424451675,8.208996702935785
2006-07-16 00:00:00,20.220436270057952,4.344220849540976,35.69796830204027,2.26298843268305
2006-07-23 00:00:00,20.119677323531825,4.541432901790948,37.0396116367304,5.678645539193154
2006-07-30 00:00:00,21.690427358489455,6.837742478992382,37.59967973814969,11.024688107187457
2006-08-06 00:00:00,24.39848337580197,8.017788663732498,41.79674897332335,14.495280920936338
2006-08-13 00:00:00,26.69151870762056,9.702432705356067,41.983200673623045,37.93156420778466
2006-08-20 00:00:00,27.15319614749393,11.128987187568056,42.192489633656514,34.0106890181589
2006-08-27 00:00:00,25.58773625266693,8.738124687315949,41.25872735072012,25.874889067503595
2006-09-03 00:00:00,23.152708112061617,7.245840847905066,38.9861457680026,19.298467706552856
2006-09-10 00:00:00,21.500609093301712,6.475570960005404,37.98839536330671,17.568053891001608
2006-09-17 00:00:00,21.65675489468756,6.315068223505328,37.90527022748752,15.965438602685262
2006-09-24 00:00:00,23.465931619685357,7.074074352085981,38.7546054821497,16.527020937029768
2006-10-01 00:00:00,25.916838900712747,10.035834009167132,42.47843541685462,16.862692569283354
2006-10-08 00:00:00,27.975170288443294,11.695352512451272,44.694154971075164,12.91770466534224
2006-10-15 00:00:00,29.22446274159114,12.794602444954307,44.14635275696122,12.139004979341108
2006-10-22 00:00:00,29.845949233802635,12.814243468065666,45.0438121910577,11.587765819876752
2006-10-29 00:00:00,30.074741565118103,14.602884604866567,46.12112593936296,13.54792853543991
2006-11-05 00:00:00,29.749042152801728,13.828032400884723,44.60738062983549,10.012824885235858
2006-11-12 00:00:00,28.469094287821477,12.907463469238479,44.52384033888442,14.272917343758849
2006-11-19 00:00:00,26.24043785085451,10.397167165287382,42.393888118151025,19.42047479767592
2006-11-26 00:00:00,23.8952149810514,8.614757495410393,40.18636154205949,23.21698897332936
2006-12-03 00:00:00,22.70489790978633,6.4712172258372185,38.53712904203829,44.1084078558368
2006-12-10 00:00:00,23.38893445917814,7.042996623202077,39.320662151530726,44.484682384995374
2006-12-17 00:00:00,25.40962287612363,8.094824156247775,41.995791277014916,41.88714082464815
2006-12-24 00:00:00,27.26937687804675,11.22879022103416,43.586695495746916,36.82778293451968
2006-12-31 00:00:00,27.607591820133496,11.119325879187567,42.54257844096806,63.00728692367095
2007-01-07 00:00:00,26.153667156693427,10.196310323453837,42.73640851005182,42.06562940529526
2007-01-14 00:00:00,23.77856464362962,6.722992063399923,39.85455534462801,19.837264213738752
2007-01-21 00:00:00,21.755895940618775,5.651810700688932,37.549929033209764,8.936230457295034
2007-01-28 00:00:00,20.960003496295517,4.907476867936534,35.7332144171519,2.3777988403330093
2007-02-04 00:00:00,21.538803117754366,6.285691616597312,37.84083656191302,5.7521022010252425
2007-02-11 00:00:00,23.003055672312804,6.265112993155942,37.8940100431948,10.905907155472024
2007-02-18 00:00:00,24.435794324623224,8.633010920373039,39.401134521498555,14.42579480316972
2007-02-25 00:00:00,24.794325124303384,8.707930552893568,39.75664238836847,41.55735919105702
2007-03-04 00:00:00,23.46295870527605,5.327574021089223,39.74572241103319,38.29680099090445
2007-03-11 00:00:00,20.87272856154829,3.5879147800904843,36.2802810295501,30.36015491937257
2007-03-18 00:00:00,18.546615046906215,2.621065313422614,34.577182436080946,23.63209589866594
2007-03-25 00:00:00,18.155780666974593,1.7805928404768299,33.11473670675151,20.105303377424978
2007-04-01 00:00:00,20.140403085176533,3.9012054399836806,36.7689677752077,18.35768313440438
2007-04-08 00:00:00,23.154821502202157,7.980422020646673,39.1616239965216,19.646144771740104
2007-04-15 00:00:00,25.05815140287317,8.553430933112658,41.52224040726051,25.54487571643054
2007-04-22 00:00:00,24.70773618097456,8.178204800861753,40.366505862345335,17.77108896617751
2007-04-29 00:00:00,22.909199038975153,7.912630162272041,38.76047768733724,25.50263043210404
2007-05-06 00:00:00,21.598806814585394,5.774746485709487,38.596653714436,34.369799825655605
2007-05-13 00:00:00,22.047288237452182,6.918530344444179,37.15445989335796,39.47209077606286
2007-05-20 00:00:00,23.818855921687835,7.714018179560588,41.056746274121,89.45199880900141
2007-05-27 00:00:00,25.409452669438483,9.177899889336341,40.58210137508304,78.728337332059
2007-06-03 00:00:00,25.765240104633904,9.780782942805892,42.042627489565035,59.248561204831006
2007-06-10 00:00:00,25.1094652221713,8.722063678815394,40.62967094161937,40.263924654108585
2007-06-17 00:00:00,24.370377657384484,7.790338945647319,40.12283478980186,69.32324968194028
2007-06-24 00:00:00,24.027821935984203,7.816410459371758,39.8781679424215,30.49538510627613
2007-07-01 00:00:00,23.70330253860486,6.469505874780753,39.46643721676601,3.5142989863257554
2007-07-08 00:00:00,22.866130468153067,6.707995984937215,40.0810787599313,4.09287522545783
2007-07-15 00:00:00,21.75421291302599,5.6932290283635165,37.48397316620258,2.658750693438847
2007-07-22 00:00:00,21.401687668692677,5.279912551586012,37.968450475551194,7.332556890390817
2007-07-29 00:00:00,22.67180488013384,6.56162593254628,38.60051106505532,13.38505178354184
2007-08-05 00:00:00,25.272080422235042,10.481616416744654,41.10991177345365,16.908318632628497
2007-08-12 00:00:00,27.76359403583506,12.007057978621184,43.517354102553355,96.84063619638648
2007-08-19 00:00:00,28.609157360886,13.645932467657381,44.23864011888334,76.34929535924255
2007-08-26 00:00:00,27.351684991214498,11.468123420794779,43.16823781951916,40.95914851042087
2007-09-02 00:00:00,24.94804043916781,8.695437149824789,40.94351997600691,14.130763933950108
2007-09-09 00:00:00,23.049457511120817,5.844530761301092,38.662881943204944,1.3888860699262393
2007-09-16 00:00:00,22.858387344500656,5.658289341616836,38.14760121567231,3.2512220414080946
2007-09-23 00:00:00,24.43052944295627,8.830825340540091,39.2337552807098,12.90238668652611
2007-09-30 00:00:00,26.852233637908444,11.102544546837201,43.347953010661755,22.74218320213956
2007-10-07 00:00:00,29.03180642475435,12.723532348431553,44.28087905317949,22.02175666211285
2007-10-14 00:00:00,30.42285228459912,14.504949221807047,45.77483419835237,26.330191470367296
2007-10-21 00:00:00,31.131207057696685,15.00865199395301,47.888716580928325,29.14339444013704
2007-10-28 00:00:00,31.4273480517152,15.0950225089099,48.07363494736291,29.93046642738284
2007-11-04 00:00:00,31.229097989461124,14.584130404542869,46.44718596467954,52.03875561713936
2007-11-11 00:00:00,30.138686592086938,13.964558978568187,46.23209181213511,45.53068094873781
2007-11-18 00:00:00,28.04122061800668,11.604760828857035,43.6999488562694,35.95808428465244
2007-11-25 00:00:00,25.62355715716489,8.112159290822163,40.16336452220999,27.61119314947038
2007-12-02 00:00:00,24.143521091785068,6.802042089642423,39.99087743649742,23.60342209977316
2007-12-09 00:00:00,24.492282803717014,7.939879072744956,39.53796227078256,19.957163105828872
2007-12-16 00:00:00,26.36718038017383,10.925251168290561,43.031765425091734,18.70188710599437
2007-12-23 00:00:00,28.374432165073543,12.314419898765435,44.00786777480555,18.306884688403592
2007-12-30 00:00:00,29.041143917297454,13.458135520802852,44.68775523553266,12.645989576599526
2008-01-06 00:00:00,27.868256934363448,12.149203491299803,43.79707676547072,12.917307512765133
2008-01-13 00:00:00,25.562366380718608,9.436671638528953,40.97214659228737,13.506357179412868
2008-01-20 00:00:00,23.392411531235506,7.268448164524569,39.7994290042546,14.64325073122247
2008-01-27 00:00:00,22.34417611842682,7.3959328507817546,38.71534295385323,13.798461919155669
2008-02-03 00:00:00,22.68970566500592,6.76269779160495,39.32645193986097,15.798547443199828
2008-02-10 00:00:00,24.04578020338902,7.840930565966277,40.30806544066246,18.08778462346642
2008-02-17 00:00:00,25.554654786054645,8.809940273672908,42.05918650126199,19.45633701417809
2008-02-24 00:00:00,26.163654667110336,9.583321123993708,41.98320015969473,26.68342940702269
2008-03-02 00:00:00,25.13051351618924,10.066194022803408,40.97253951114775,24.964276917570885
2008-03-09 00:00:00,22.670085966709724,7.108592734216121,39.18752280488047,21.957793716759976
2008-03-16 00:00:00,20.151866678947318,4.421980126818266,36.48498910445346,20.392082958646466
2008-03-23 00:00:00,19.324322114994967,3.88845949042687,35.468179005312855,15.58974394948022
2008-03-30 00:00:00,20.928284861940636,3.5264854688251734,36.47852948683692,17.90086746350479
2008-04-06 00:00:00,23.908085684611716,7.819967058579644,40.586970992729086,21.67321071983177
2008-04-13 00:00:00,26.136099314257137,10.538934835193558,42.07652396048738,25.40553486718322
2008-04-20 00:00:00,26.176651121690654,9.84099233922404,41.663746378352215,30.37506520133066
2008-04-27 00:00:00,24.496861216142932,8.88908821505459,41.560327648896305,33.15679166169893
2008-05-04 00:00:00,22.95656162119645,7.9572878057487895,38.180768414923996,35.187676537752075
2008-05-11 00:00:00,23.064611091371336,6.485074970830425,38.26100042526727,35.562727599218334
2008-05-18 00:00:00,24.69169540084719,9.631907636158548,40.60260173689852,48.2419669372664
2008-05-25 00:00:00,26.416775474570244,10.289173999414537,42.69922467302051,43.15669498441208
2008-06-01 00:00:00,27.006660455626264,10.390739121664565,42.270650194841835,35.8067956789719
2008-06-08 00:00:00,26.46126633261564,9.824933032125177,41.92779574131238,29.41161339934963
2008-06-15 00:00:00,25.669742634740587,10.202419415640943,41.66846724843086,24.36662417307315
2008-06-22 00:00:00,25.25674277490049,10.631840917080138,41.38066069097549,22.305982789657776
2008-06-29 00:00:00,24.971246641308294,8.60476662824239,41.743072765343015,22.114304323060686
2008-07-06 00:00:00,24.23097301135484,7.441711546160986,39.49334729063661,22.5730467142084
2008-07-13 00:00:00,23.099718815101657,7.075349127782669,39.3289292143444,17.905744048926106
2008-07-20 00:00:00,22.520313978085646,6.00397633349024,39.082594408073646,18.55283999360845
2008-07-27 00:00:00,23.474875545288196,8.130543610451515,39.7774532160841,19.56145663113804
2008-08-03 00:00:00,25.91283683708917,9.218541413651803,42.83659227680803,22.28849532632741
2008-08-10 00:00:00,28.5448103732869,11.884336732832569,43.64012148305947,20.930912698530985
2008-08-17 00:00:00,29.75316745245492,14.0227185114299,45.93336427054636,26.47443251463849
2008-08-24 00:00:00,28.830715728570297,12.484967503928171,44.933590153016894,33.132468842475305
2008-08-31 00:00:00,26.508803272274815,10.762913621623987,41.901695170113534,36.924988944355206
2008-09-07 00:00:00,24.398451937023154,7.491773547235784,41.00822315938294,67.43612421447122
2008-09-14 00:00:00,23.855794666577953,7.728065051726505,38.83418694078298,57.89204783098639
2008-09-21 00:00:00,25.15388135661224,10.18910897757031,41.54733580946068,41.582583525162015
2008-09-28 00:00:00,27.503911187294392,11.66916521741496,43.420337587900875,28.860583429380387
2008-10-05 00:00:00,29.781450728163772,13.997556411207148,45.73644069158516,16.432480293074132
2008-10-12 00:00:00,31.31352014754306,14.367835787679665,47.2852053815446,18.494350590039453
2008-10-19 00:00:00,32.10114176086905,16.091158057585147,47.533081090191686,25.189504960298024
2008-10-26 00:00:00,32.44412873226759,16.434886506840847,49.705660757194245,31.2436221565884
2008-11-02 00:00:00,32.341050440713985,16.83293000711058,48.28528276621565,37.30566769311877
2008-11-09 00:00:00,31.417103119961258,16.20102153791239,47.22787293688553,37.60894171423958
2008-11-16 00:00:00,29.455537101213736,12.894014103968402,45.69115339150702,35.23002698660481
2008-11-23 00:00:00,26.990488174624147,10.617368383348179,43.102084532151764,33.421012606036854
2008-11-30 00:00:00,25.233818871015174,8.742844710865883,40.783581580014,32.406402841380604
2008-12-07 00:00:00,25.219588613067604,8.140614901617521,40.47161899444262,34.51278910995159
2008-12-14 00:00:00,26.883498464781916,10.419795221345431,43.06497243378561,37.98706927981708
2008-12-21 00:00:00,28.97042907384548,13.20669675415042,44.42718711904648,38.659387768850735
2008-12-28 00:00:00,29.931320357192575,13.708602282220177,44.342529079368916,62.56746639922724
2009-01-04 00:00:00,29.046145301996447,12.399811236420431,45.55440802007042,46.85680581602493
2009-01-11 00:00:00,26.83455798406824,11.083699946507952,42.58115628154658,24.50890732982783
2009-01-18 00:00:00,24.532040340457474,8.541386022992446,40.08255430998888,9.632469454920008
2009-01-25 00:00:00,23.222316545580107,7.312075351171117,38.228982656944396,2.3980825164909088
2009-02-01 00:00:00,23.317317509648518,7.483303830033961,39.75025281381352,6.00502161871287
2009-02-08 00:00:00,24.53298144521846,8.58143102162101,40.47800549542999,12.830503622281224
2009-02-15 00:00:00,26.078842876704705,11.430159620189608,42.28940354917408,17.920660242514998
2009-02-22 00:00:00,26.90846870574841,11.771338043532332,43.14809835961995,57.07297524277612
2009-03-01 00:00:00,26.175387022333652,10.519216345954128,43.20714784520886,47.624938975185245
2009-03-08 00:00:00,23.8862777264846,9.31708587426073,40.42483064783434,27.51948246443758
2009-03-15 00:00:00,21.231490010343958,4.914277828619694,37.883492505659646,11.348252317601077
2009-03-22 00:00:00,19.989004508578667,3.8929924768487822,35.825286747740336,2.7847517460032645
2009-03-29 00:00:00,21.172332227199185,5.636249237228419,36.16950609703102,5.487243778992276
2009-04-05 00:00:00,24.040215517111225,6.844062301042094,40.71264529647529,12.496023977083642
2009-04-12 00:00:00,26.539264264657596,10.32501372523932,41.329291184053375,18.386248497920818
2009-04-19 00:00:00,26.982914480144387,11.976120386229393,43.61943670690267,39.19294451789045
2009-04-26 00:00:00,25.482082560170156,10.431361896852824,42.57016199392592,35.61798864246092
2009-05-03 00:00:00,23.75950847521422,7.669692374234343,40.69499554125466,25.42703961409005
2009-05-10 00:00:00,23.51762712218765,7.021335006100967,39.40717955748772,16.10122022555858
2009-05-17 00:00:00,24.94501147148042,8.951500976100165,40.32365182722177,9.778816448243912
2009-05-24 00:00:00,26.756726719985416,11.145756963260661,43.26573634998752,9.9776840092867
2009-05-31 00:00:00,27.576392288536052,11.814858237900264,43.69223680142662,13.871983723856657
2009-06-07 00:00:00,27.167813850162247,11.523157659526788,42.87599013698126,18.07782381861273
2009-06-14 00:00:00,26.34014356345188,10.013524144843274,41.21426272533854,18.93817411690141
2009-06-21 00:00:00,25.8415381944322,10.971680341474578,41.76579200254467,20.01602066737625
2009-06-28 00:00:00,25.568045434195785,9.509934544574298,40.774176666328664,19.773844582314982
2009-07-05 00:00:00,24.906545663673963,8.459464009715566,41.36259332363856,18.83142263340736
2009-07-12 00:00:00,23.7691005570645,7.0862825053658725,39.154211134517546,22.47259321776692
2009-07-19 00:00:00,22.97791051005062,6.171594141081361,40.389914693907826,20.35045218495141
2009-07-26 00:00:00,23.596502491903216,7.700297952397108,39.80501354947828,17.934234212928626
2009-08-02 00:00:00,25.808941407003054,9.899674493999655,42.934309794791005,16.802182384353046
2009-08-09 00:00:00,28.50676529571134,12.777429235920426,44.94952786764248,11.648526724844716
2009-08-16 00:00:00,30.034438453974076,14.781542730522089,46.0075945853183,13.761663643739164
2009-08-23 00:00:00,29.452547101569998,14.323229244836398,46.304123644035315,17.27891684305397
2009-08-30 00:00:00,27.2475743822951,10.793944349193456,44.02728831730182,21.94377778836216
2009-09-06 00:00:00,24.95160667023156,7.386302687821878,41.265386216880515,26.184081873877663
2009-09-13 00:00:00,24.046525074508992,9.248499023395883,40.34622862149095,32.49966400674616
2009-09-20 00:00:00,25.02385496802025,8.753531765195369,40.88994229162184,39.470453914933
2009-09-27 00:00:00,27.244662640230956,11.531693448482942,43.46281756973036,44.03814720444319
2009-10-04 00:00:00,29.578639815505632,13.096991550826122,45.32757105356541,72.73717981390408
2009-10-11 00:00:00,31.233983237073453,14.888010442890586,48.25697698550967,66.28261694722705
2009-10-18 00:00:00,32.11674249722057,15.901873342366162,48.83644928980638,53.39895564238316
2009-10-25 00:00:00,32.51180217549245,17.100399955459846,48.95861173001492,40.25963459648568
2009-11-01 00:00:00,32.49534926508335,15.377168815505474,47.445187964197544,35.123632315748246
2009-11-08 00:00:00,31.73412327343336,15.862652554709495,48.134360660886905,28.29089550376211
2009-11-15 00:00:00,29.93061619963355,13.719829036442388,45.51956719743388,25.614662960589484
2009-11-22 00:00:00,27.46430808736953,12.150413675629718,42.68030320698494,27.310002219900145
2009-11-29 00:00:00,25.471707164411068,9.535669056660144,41.9213802163288,16.828253183562243
2009-12-06 00:00:00,25.097735083075285,8.843159655248009,42.613647358845064,22.20805605840693
2009-12-13 00:00:00,26.513010931328026,11.077755936866456,43.608156459788034,29.52160470112086
2009-12-20 00:00:00,28.631950214799108,12.881152613088044,45.2811817857239,34.854702056909964
2009-12-27 00:00:00,29.867917953950972,12.516183130519657,45.83858246129316,64.47207727612599
2010-01-03 00:00:00,29.293618379575193,13.061443192668506,45.6168111633184,57.62628859772519
2010-01-10 00:00:00,27.223236212580133,12.476965140790778,44.411244507570224,43.12332438374594
2010-01-17 00:00:00,24.829085657308593,8.876268493095237,40.01238351315449,28.676965742402874
2010-01-24 00:00:00,23.275928261686907,5.712994022851923,39.1861497682614,21.22258825379083
2010-01-31 00:00:00,23.10902295674064,6.555325538993902,37.86160881317349,16.998270694636766
2010-02-07 00:00:00,24.156741223854844,7.60978332589718,39.75097330556025,18.27568913724369
2010-02-14 00:00:00,25.703306657418388,9.063988820363324,40.597533901103205,21.06291391432872
2010-02-21 00:00:00,26.722914073060856,10.6688016549234,42.54709293934583,16.48495509145469
2010-02-28 00:00:00,26.28722056984258,9.472563586259964,42.75760838495097,16.658967598488815
2010-03-07 00:00:00,24.207194786830907,7.667072489025328,41.358646272633095,15.96728581376187
2010-03-14 00:00:00,21.459133696029596,6.485560020816287,38.299254731979715,15.52167649629463
2010-03-21 00:00:00,19.819697407083883,2.642740945074408,36.180444975394835,14.25409123563128
2010-03-28 00:00:00,20.540226873941098,4.222771575936401,35.81425640703393,15.706782149661077
2010-04-04 00:00:00,23.208471625869024,6.224894845118271,38.40407608906288,18.01490086302373
2010-04-11 00:00:00,25.90320707557561,9.292189299431033,41.53789762707953,20.13483775168392
2010-04-18 00:00:00,26.736710264358337,10.236204340629287,41.641730848249516,24.036265909029808
2010-04-25 00:00:00,25.457291953677025,10.061717418429765,41.973382596965536,24.26512599810837
2010-05-02 00:00:00,23.59381665886302,7.519580875067529,39.67213728860799,23.52242584131009
2010-05-09 00:00:00,22.990503352104785,7.139251092138215,40.512069132403305,23.531038251551724
2010-05-16 00:00:00,24.155716080626807,7.609061957584979,39.733897887327196,21.18445919594445
2010-05-23 00:00:00,25.989204475822156,10.349567627585621,41.1166307497444,24.602528719680954
2010-05-30 00:00:00,27.01417924371426,10.728771151194518,44.02634109909961,29.57366469166797
2010-06-06 00:00:00,26.754293939110795,9.976088384195014,43.35127958668751,33.61632639270662
2010-06-13 00:00:00,25.899384324757023,9.379599334327889,42.33508642594214,47.46936272267331
2010-06-20 00:00:00,25.29339488112944,9.153887226438606,40.610357071108226,45.1634035024044
2010-06-27 00:00:00,24.992422199188248,8.228346232496001,41.550325624683396,39.07746523263447
2010-07-04 00:00:00,24.415759153914387,8.384405470998585,39.91031295484788,31.755236542287804
2010-07-11 00:00:00,23.311010296143394,7.281413555675119,39.40434427049448,33.56211512289171
2010-07-18 00:00:00,22.355932354261583,6.190072220938752,38.19735265962093,25.96570885186837
2010-07-25 00:00:00,22.65629722288347,7.136182125860836,38.84771060968348,19.59143780097816
2010-08-01 00:00:00,24.616318607223654,9.142753441838009,41.10646354804605,16.235594224261764
2010-08-08 00:00:00,27.334156814022673,11.105061593984237,42.37321477285661,8.005821198337754
2010-08-15 00:00:00,29.159791861173243,14.58628414746846,45.19784507733047,10.611461274217271
2010-08-22 00:00:00,28.945740652104405,12.633408456266041,44.2648938698363,15.231512048659171
2010-08-29 00:00:00,26.920356540168477,10.704149795531,43.56258082880673,20.63969447878581
2010-09-05 00:00:00,24.499322967986178,8.683625020377162,40.83283494152481,29.74746415477294
2010-09-12 00:00:00,23.258469451135333,7.88753300324225,39.62281826368712,35.39408069348913
2010-09-19 00:00:00,23.903425770239856,7.24969076955087,40.56442529890186,40.64741967636875
2010-09-26 00:00:00,25.96720785594013,10.836899469799562,42.26743398168995,44.05438147536919
2010-10-03 00:00:00,28.34199996537248,11.670213927830837,43.95690816019355,63.99538578964487
2010-10-10 00:00:00,30.129237159727957,14.53195529525334,45.820693682881696,59.91645713131687
2010-10-17 00:00:00,31.11641616248521,15.235141184864622,46.79245036894478,51.51256500762357
2010-10-24 00:00:00,31.56502599111169,15.029366261210903,48.09644715900983,42.5295490714147
2010-10-31 00:00:00,31.621669138956868,15.473387181479634,47.921806033758514,36.73081156168909
2010-11-07 00:00:00,31.0101383377326,16.13654259315091,46.69290090047204,33.28758083111396
2010-11-14 00:00:00,29.374889130465,12.554456870863863,44.840691936367904,32.66068624518942
2010-11-21 00:00:00,26.944146068460576,11.071458864713055,42.62241718170115,33.54214436200755
2010-11-28 00:00:00,24.7393213199567,8.10344908277634,40.58155936733645,28.9228331887802
2010-12-05 00:00:00,23.996202375491073,7.349336263167022,38.58715366636764,30.152538369953387
2010-12-12 00:00:00,25.110317372901147,8.956770036204396,41.831083556432176,31.555233207993005
2010-12-19 00:00:00,27.191576441235174,11.94591758107182,44.200851663094255,31.968496233273417
2010-12-26 00:00:00,28.655693609829,13.097688529592592,45.419408155793086,39.23586561033038
2011-01-02 00:00:00,28.387771612576337,12.865344062294184,43.99379465303461,34.34366599292443
2011-01-09 00:00:00,26.482793696866757,8.991985799430115,41.53152788212546,26.94607570887699
2011-01-16 00:00:00,24.020104028649236,7.871150092207387,39.06098251141552,22.07349368786821
2011-01-23 00:00:00,22.2253165160404,4.900096118076068,37.24764508539123,13.191990563851258
2011-01-30 00:00:00,21.774785156695785,5.979880420897873,38.348556224167815,18.5804964505818
2011-02-06 00:00:00,22.615486141091154,5.741445201682662,38.46669171254232,27.798882356406164
2011-02-13 00:00:00,24.113341458125802,8.301092083723342,40.63330069388063,35.78348662916078
2011-02-20 00:00:00,25.275801455192305,8.910674672247909,40.709029770068454,74.3269004348594
2011-02-27 00:00:00,25.114339306989454,8.59209340486477,40.73248135157841,65.05064478858448
2011-03-06 00:00:00,23.26033915912744,7.474141851604941,40.26122059850793,43.48220492803642
2011-03-13 00:00:00,20.494247113800395,4.82515696356152,36.784157471814254,20.47493884851969
2011-03-20 00:00:00,18.516626273940908,3.2694530753608824,34.39313406921478,7.124250245511418
2011-03-27 00:00:00,18.776268562481256,2.7858233963799233,34.82502638460301,3.6893546210692905
2011-04-03 00:00:00,21.194514747949615,3.9943044959498213,38.146540507507716,10.164433589670969
2011-04-10 00:00:00,24.035400795993343,7.011236368128831,38.432018746409696,19.688899543748324
2011-04-17 00:00:00,25.265696482269405,9.945771894995701,41.7599315092383,18.243256610110816
2011-04-24 00:00:00,24.276198121323397,8.987448373280122,40.56054497744255,18.966021677587605
2011-05-01 00:00:00,22.3509204103931,7.011589379832493,38.233111797993885,16.58086068649609
2011-05-08 00:00:00,21.418537085994885,4.314197460051151,38.15986034054749,13.98809102580548
2011-05-15 00:00:00,22.29816388211489,7.103581373969698,38.46693417079225,11.214707059616233
2011-05-22 00:00:00,24.11764079494964,7.542781480286438,38.671399410843165,13.846507019336398
2011-05-29 00:00:00,25.347737599229134,9.335415163734362,41.80294025027656,18.793543686310667
2011-06-05 00:00:00,25.277073559751223,11.380651519518473,41.89230458532157,23.923472234736693
2011-06-12 00:00:00,24.44008357375247,8.079707326120044,41.84746998560868,34.81301406218603
2011-06-19 00:00:00,23.743390270184538,6.798416612534744,40.18428781600264,35.69771233965333
2011-06-26 00:00:00,23.40884972915267,6.91436741005581,39.29902427628779,33.711618070574595
2011-07-03 00:00:00,22.908548483396377,5.688182647086512,37.95527311595784,31.334114527586035
2011-07-10 00:00:00,21.86102535326163,5.935163889395293,38.51457806432069,28.807422784620787
2011-07-17 00:00:00,20.782123558729936,4.585023306224066,36.6326331689621,31.19225042581132
2011-07-24 00:00:00,20.78038579848186,5.310392250267206,37.30169103034865,35.832316032022064
2011-07-31 00:00:00,22.459026865110975,6.268967082622307,39.331434788598784,39.72446975754581
2011-08-07 00:00:00,25.142042484983005,8.818017168386994,41.77934504896304,55.30746011330061
2011-08-14 00:00:00,27.221271003870157,12.223949428172553,43.71697609612917,48.59567109290276
2011-08-21 00:00:00,27.377657465669436,11.394225692810167,43.970278995012265,35.83880262703924
2011-08-28 00:00:00,25.574711659899222,10.845791795221809,41.78548557962429,22.92581716675741
2011-09-04 00:00:00,23.07652671465348,7.68375152538488,38.69240285807805,11.486353120761247
2011-09-11 00:00:00,21.51794886343258,4.569648835977153,37.947317736348,12.338331864130769
2011-09-18 00:00:00,21.80880279116719,5.829130790188302,37.64409635669269,18.06657401476657
2011-09-25 00:00:00,23.672510688350233,7.345327719195048,39.485727407741294,25.88697100034141
2011-10-02 00:00:00,26.052847704111635,11.06689748445676,41.9672689572015,31.68300627818444
2011-10-09 00:00:00,27.960605024039435,12.123468721341485,44.75700059402185,36.53692444081553
2011-10-16 00:00:00,29.057055647269973,11.834523489897009,43.77974384224749,39.87136789433457
2011-10-23 00:00:00,29.55957095972054,13.326833326158845,44.60666955892995,41.02080638666548
2011-10-30 00:00:00,29.674223058892203,14.594546557936019,45.38638372913,58.49838421638617
2011-11-06 00:00:00,29.193767531332313,13.697893040339023,44.56614044881431,51.09615636041282
2011-11-13 00:00:00,27.72803951329756,12.101963024256847,43.49814045098702,39.21193950225537
2011-11-20 00:00:00,25.362392525583882,9.53102972992344,41.10838021135443,27.416916920945653
2011-11-27 00:00:00,23.010285779955183,7.429855497693751,39.78378403250866,15.785496285672874
2011-12-04 00:00:00,21.935018295877978,5.527738100430559,37.051493866817324,16.247209380599813
2011-12-11 00:00:00,22.74087204461695,5.42024124367552,38.22861412852319,21.313484389161463
2011-12-18 00:00:00,24.753531842868192,9.059897823290385,40.28615486379016,27.98768594456585
2011-12-25 00:00:00,26.431125807857093,11.041085542466156,42.51887709374101,33.80298284021609
2012-01-01 00:00:00,26.496343757999867,10.670434574829015,41.35803275555091,35.50444751183639
2012-01-08 00:00:00,24.81665289383091,10.046081104940232,40.697505804932,34.44337446915468
2012-01-15 00:00:00,22.34943060000735,7.466919438627697,37.62212301529621,31.805654178792835
2012-01-22 00:00:00,20.35794110203916,4.064803349535001,35.28475629012475,34.4982799710289
2012-01-29 00:00:00,19.644594399086042,4.232552526386623,36.59101682822288,31.63614684710533
2012-02-05 00:00:00,20.280526751427715,4.689089847177367,35.428242956056124,28.96581159379531
2012-02-12 00:00:00,21.720164323160915,5.901387695368189,36.90449842088252,26.30809858807048
2012-02-19 00:00:00,23.01524752480114,6.383777951411416,37.29819654875539,25.15805613489993
2012-02-26 00:00:00,23.13761385047193,8.38806792132985,38.77318623914026,21.76626489109305
2012-03-04 00:00:00,21.558009309209318,5.073053808184413,37.78473438792588,18.12901576037141
2012-03-11 00:00:00,18.838892765253632,4.034259697714951,33.91999843928093,15.885554213635622
2012-03-18 00:00:00,16.580523341195644,0.10434873539623268,31.81502992128015,10.292098116135984
2012-03-25 00:00:00,16.38470322855126,0.2725623991383834,33.53112714823033,13.530225036066446
2012-04-01 00:00:00,18.501087907595032,2.2948536955079426,34.08738378178077,19.062410108543663
2012-04-08 00:00:00,21.425642379875125,5.526963077969743,36.41918311087668,24.564342739253902
2012-04-15 00:00:00,23.039342553384365,6.542679216683927,39.862793589477874,43.04733544052424
2012-04-22 00:00:00,22.39185480826965,6.970776343084594,38.1893571459849,40.19423359731338
2012-04-29 00:00:00,20.47891504866834,3.2944453075447697,36.15053869286956,31.299227032637283
2012-05-06 00:00:00,19.252694868010806,2.2143648715334603,35.22002511723486,20.357355929525124
2012-05-13 00:00:00,19.82321552433413,2.5615757143047464,36.11204601670403,12.863528864785888
2012-05-20 00:00:00,21.582952901435764,4.8175756333568085,37.58666689537414,10.682516107208528
2012-05-27 00:00:00,23.00173237467568,6.87386396427754,37.83486182994139,12.848001252070004
2012-06-03 00:00:00,23.147490485174004,7.092141123572135,38.75086958902976,17.56521477593558
2012-06-10 00:00:00,22.36797495349292,7.3948772561036,38.31823366822088,16.372091102045808
2012-06-17 00:00:00,21.595239050577437,5.623060144304304,38.144720864079346,19.28935868325206
2012-06-24 00:00:00,21.214967963453514,4.930798256294482,36.52611635253129,21.81141808877685
2012-07-01 00:00:00,20.783998788398552,5.058825125389674,37.146617055097664,23.46602312592528
2012-07-08 00:00:00,19.81848687799972,3.015525198075501,35.15884411615006,32.310403252428095
2012-07-15 00:00:00,18.661834828794895,3.9780152923999506,35.33839345812869,30.00063206605097
2012-07-22 00:00:00,18.38698444368055,2.805003544696886,34.60725403393619,25.374539779620854
2012-07-29 00:00:00,19.769100193627207,3.697986124387942,37.10877238388405,20.23294690190008
2012-08-05 00:00:00,22.37015934690647,6.581842375802621,37.906234194843144,14.833249078741156
2012-08-12 00:00:00,24.678604178550856,9.344210184748288,41.09056082934555,14.924624682424769
2012-08-19 00:00:00,25.225092646063562,9.41806993317657,40.607100579661875,17.330114000374788
2012-08-26 00:00:00,23.70841846589712,6.3543965783524445,40.312141422845116,20.36108823845929
2012-09-02 00:00:00,21.20916495167078,4.93875636388978,37.87240389124679,26.078210749962707
2012-09-09 00:00:00,19.383969778831286,2.6399935564463632,35.98789058971303,23.87324160231817
2012-09-16 00:00:00,19.331508906743075,3.472649214976215,35.007422491189544,18.546644615792548
2012-09-23 00:00:00,20.979833146618574,3.957347526552134,37.14818027320446,12.440794031926576
2012-09-30 00:00:00,23.353331488534128,7.368972834197731,39.573172271230604,6.812820088493514
2012-10-07 00:00:00,25.391954608975887,9.346275710163036,41.01284993610224,7.523110300762118
2012-10-14 00:00:00,26.62714768253649,10.524724506980911,42.65819470319268,10.86785425048046
2012-10-21 00:00:00,27.212190210675175,11.029206806217111,44.08282528382618,15.265661360263907
2012-10-28 00:00:00,27.39839615667455,11.359318592169506,44.24419466356379,21.559469310660983
2012-11-04 00:00:00,27.05540561391757,11.153546782365531,42.873602447439296,22.12563109847756
2012-11-11 00:00:00,25.78161605696893,10.332969896940376,41.52015387611755,20.15039835278151
2012-11-18 00:00:00,23.532361884059824,6.49871268029788,38.03474306899295,17.103392238079937
2012-11-25 00:00:00,21.082916860248908,4.945972921672677,36.92121878930186,14.58248717080092
2012-12-02 00:00:00,19.70331943967834,5.0164157882874285,36.63251344922679,15.130195035350578
2012-12-09 00:00:00,20.184919069428258,4.428181329726636,35.71430466049343,17.491205271502125
2012-12-16 00:00:00,22.083196147017137,6.552608763832165,38.663041780141626,20.24518852234638
2012-12-23 00:00:00,23.937690953124797,8.837674577745734,40.089740520298434,27.41238442407326
2012-12-30 00:00:00,24.33875061080242,8.163639566123315,39.614714959491245,24.467533638711583
2013-01-06 00:00:00,22.9238937872368,7.3658765569752305,38.72854645800707,18.03709061359982
2013-01-13 00:00:00,20.501269182210258,4.995147834376461,36.782762757301036,10.436547323615338
2013-01-20 00:00:00,18.34598237759572,2.3057309726793864,34.91685307339992,4.459353301837488
2013-01-27 00:00:00,17.378353887111825,1.689080715657937,33.08483547681283,4.274640568957313
2013-02-03 00:00:00,17.798276301046727,2.274572309667878,33.9626072113205,6.8972858839727405
2013-02-10 00:00:00,19.155409562620353,3.0840076393151925,35.26710793345438,11.153239245232458
2013-02-17 00:00:00,20.555455877125798,4.117042361054885,36.52036603945926,14.167454067349537
2013-02-24 00:00:00,20.949664648570355,4.9572426661320215,37.18116198228415,16.545240691720732
2013-03-03 00:00:00,19.669057423217815,3.6191308610196575,36.9106093106282,17.915214637780497
2013-03-10 00:00:00,17.057551826878754,1.0184712478563824,33.274768215161956,18.33338660314924
2013-03-17 00:00:00,14.580204633735377,-2.2275736881082864,30.81447317049291,23.39501637935929
2013-03-24 00:00:00,13.944864696340725,-2.2358481904601355,29.194348571889332,21.78071170724116
2013-03-31 00:00:00,15.714838304459288,0.43978371180443787,33.280398678128584,19.099845757432057
2013-04-07 00:00:00,18.656920164601782,2.5883388904654705,34.54865583592052,16.077982155967486
2013-04-14 00:00:00,20.628096500291825,4.539459574980619,36.59932346731392,12.743447136707074
2013-04-21 00:00:00,20.363997641539374,4.852239172141935,37.65568230610026,12.409048373223785
2013-04-28 00:00:00,18.53767288431779,1.9778327421755932,34.81394363460629,13.344303575360598
2013-05-05 00:00:00,17.062257040645715,0.48040443920594456,31.805709928645555,15.072237914708548
2013-05-12 00:00:00,17.308550996686286,0.8475894159126263,33.276625850766415,15.581968102720229
2013-05-19 00:00:00,18.961890278962297,2.6809147499985695,35.27017453711757,16.57630346401694
2013-05-26 00:00:00,20.544356335827505,3.760450379647656,36.405772557346396,17.187476746665983
2013-06-02 00:00:00,20.92650539263016,4.221261017741165,36.52107014483258,17.615547686596855
2013-06-09 00:00:00,20.244317228029075,3.093860139063084,34.89777661980198,18.28474729025296
2013-06-16 00:00:00,19.41533994926077,3.359249067829058,35.7239940408095,19.322196845274224
2013-06-23 00:00:00,18.979453843557632,3.246188666150493,34.96211121701024,20.69512644319882
2013-06-30 00:00:00,18.606414772223868,4.017787629648286,34.94849960543162,22.051485421273995
2013-07-07 00:00:00,17.740826407709292,2.489277161283084,35.138368388647336,25.10369491589102
2013-07-14 00:00:00,16.55040161672236,0.6821368422014658,31.909982519288953,24.60062441395532
2013-07-21 00:00:00,16.036584908903194,-0.3149338200232563,31.613441015582524,23.027259978189942
2013-07-28 00:00:00,17.114502056760124,1.0773906204433352,33.48683166606872,21.01423569196371
2013-08-04 00:00:00,19.588834739516148,4.030768767901696,36.1304150933044,18.51042182157866
2013-08-11 00:00:00,22.076382366314142,6.523836954953881,38.18422719233363,18.87056339758444
2013-08-18 00:00:00,23.0027854508742,6.409566692209141,38.4981104313413,20.440878163569067
2013-08-25 00:00:00,21.809190393217413,5.481723159425641,37.94973667887231,22.53169261726784
2013-09-01 00:00:00,19.364941603801892,2.726483176572451,35.04624688216841,25.92105475928399
2013-09-08 00:00:00,17.309872306430204,1.2086909431967392,32.799736939543,25.28388972988658
2013-09-15 00:00:00,16.91098393093838,1.703901283012538,32.893919019104885,23.025773738023005
2013-09-22 00:00:00,18.310435436376554,2.6325967936410155,33.953173694055764,19.51509677280641
2013-09-29 00:00:00,20.641357168973194,4.774734474103443,37.74508736325063,21.41448139163501
2013-10-06 00:00:00,22.79586254901553,7.281908840496337,38.68630559609968,15.998569018690786
2013-10-13 00:00:00,24.176272516834146,7.963562377298498,40.731909802028554,10.373799788033317
2013-10-20 00:00:00,24.85331391815718,9.092926640950207,41.446406928693534,5.782186801640887
2013-10-27 00:00:00,25.106609178345984,9.037936629604209,41.53626484377794,2.212125822119285
2013-11-03 00:00:00,24.886385115552642,8.150554186296736,40.033537079086415,4.05610428203575
2013-11-10 00:00:00,23.80165879108703,7.225875319875227,39.20635131654282,7.84958531983418
2013-11-17 00:00:00,21.69440449555002,6.065067910673076,37.79897315352489,12.666703576010784
2013-11-24 00:00:00,19.190973532428476,3.207432970880893,34.80852656984764,26.31352051073476
2013-12-01 00:00:00,17.534540800197853,1.4182097869988404,32.215692748343415,28.583382873093388
2013-12-08 00:00:00,17.677094753459556,1.6864187136864253,33.125255974324965,27.670266812515464
2013-12-15 00:00:00,19.411300908630473,3.063902007793221,35.184050414542824,24.313257803656377
2013-12-22 00:00:00,21.39486033954427,5.899892377848312,36.986144416510456,27.28021462564598
2013-12-29 00:00:00,22.119914996818697,6.625509620507071,38.11196326492185,22.35327744857867
2014-01-05 00:00:00,20.997769329805113,5.87077874390657,38.74097578708789,17.427783685765387
2014-01-12 00:00:00,18.662742494602114,2.3992618477641905,34.16333649685323,13.099045240009955
2014-01-19 00:00:00,16.373914568729514,1.4425587492029202,32.20004515412779,7.726536894185575
2014-01-26 00:00:00,15.158057131554221,-0.36113956299635674,31.00610560812178,8.166948298567696
2014-02-02 00:00:00,15.347063242871428,-0.23735726600124707,31.858053009686287,10.442803914468296
2014-02-09 00:00:00,16.59252461736755,1.2616777422698284,32.76368542184686,13.743870892778432
2014-02-16 00:00:00,18.06268346782144,1.479352774042841,35.13007733237316,18.620690422038944
2014-02-23 00:00:00,18.705518404067057,3.237334235167962,35.26960891615904,18.680603679966755
2014-03-02 00:00:00,17.734383390683725,1.2790071367623987,33.1942163951709,16.537685451885256
2014-03-09 00:00:00,15.279635951290068,-0.7921025455834716,30.817839710994374,12.96128744610905
2014-03-16 00:00:00,12.641843914927033,-2.7127778439762373,28.552360937569116,10.60911956652436
2014-03-23 00:00:00,11.586967415912909,-3.2641700830750544,27.99962310741267,9.336565141180069
2014-03-30 00:00:00,12.968680594011925,-3.2215557822076946,29.789918203493816,9.499401492778816
2014-04-06 00:00:00,15.85469043075482,1.126947897526012,31.73307765623403,10.635073799516755
2014-04-13 00:00:00,18.13987715586352,2.6255454754113696,34.87684031849347,10.957509675522603
2014-04-20 00:00:00,18.282694157756765,0.8751897260813415,33.918980638885444,10.806879188711568
2014-04-27 00:00:00,16.609280358449936,1.234149135949373,33.03678531360586,9.886951440176034
2014-05-04 00:00:00,14.93173808866752,-1.1725333155099271,31.36341048883194,8.428819695589793
2014-05-11 00:00:00,14.842143589387456,-1.1411989112806644,29.77333099708347,7.567940421569269
2014-05-18 00:00:00,16.3374148013878,0.14157377161130213,32.875795431903825,6.660680896642497
2014-05-25 00:00:00,18.04486899662103,2.183259797467617,34.157794221024304,6.148888893924636
2014-06-01 00:00:00,18.669300227670714,2.188420119553953,34.13723745423255,6.342596787863595
2014-06-08 00:00:00,18.117237964602406,2.9944693591664286,33.99776590676141,5.194020165020846
2014-06-15 00:00:00,17.25068979407405,1.6053257604108175,32.64439945782391,7.653410248442388
2014-06-22 00:00:00,16.74664579093092,1.6783105506511937,32.999948727466034,11.351306139634048
2014-06-29 00:00:00,16.4109141655138,0.9931821113576298,33.40939569341892,15.88142344690272
2014-07-06 00:00:00,15.650237151403392,0.24503898779650513,32.30655439974955,25.41361965961095
2014-07-13 00:00:00,14.46072374612436,-1.2970725401867682,29.844820163970873,29.319327979015338
2014-07-20 00:00:00,13.740183546936606,-1.912305000924821,28.804999954514862,32.07579432483151
2014-07-27 00:00:00,14.507918888057462,-2.291910187816246,29.950541985294578,33.431739036542204
2014-08-03 00:00:00,16.80850217334234,0.4412746231883595,32.9903230902571,43.39589800096973
2014-08-10 00:00:00,19.421448149185508,3.333002943693552,36.05643080396824,38.77334919875808
2014-08-17 00:00:00,20.708783220863914,4.5783936803796195,37.204010520205415,30.79756373898992
2014-08-24 00:00:00,19.86791775019532,4.102524183054035,35.66105289645826,20.633723061282293
2014-08-31 00:00:00,17.53424741956978,1.361974047089351,33.403320759034976,15.0995830223669
2014-09-07 00:00:00,15.291819528686318,-1.596342231184181,30.529475359288114,9.270891113227869
2014-09-14 00:00:00,14.550649938288757,-1.819521263660036,30.5855912963816,7.213669355133626
2014-09-21 00:00:00,15.671348878896223,-0.5772086392935201,31.394366771906803,8.496016509271607
2014-09-28 00:00:00,17.922208315950623,1.698915998544848,33.88706083584103,6.071436462606378
2014-10-05 00:00:00,20.173120220292965,4.314802405188631,36.602662193546415,8.32310562873184
2014-10-12 00:00:00,21.70239927555575,5.317878015427402,38.14812459972764,11.255729026256192
2014-10-19 00:00:00,22.48198741497756,6.291617599189266,37.79501223992389,14.429888882405589
2014-10-26 00:00:00,22.80084512349353,6.206129348439568,38.358407942799204,23.10884666257681
2014-11-02 00:00:00,22.689198122998405,5.553470757135054,38.082434410029315,22.74745083360908
2014-11-09 00:00:00,21.786788935427914,4.012344994427545,38.016338164840676,19.61953379229272
2014-11-16 00:00:00,19.841921245782963,4.5067000880090315,36.73324757358289,14.51350371152139
2014-11-23 00:00:00,17.326796155828756,1.6897538207691696,33.75315743044483,10.726052900335066
2014-11-30 00:00:00,15.426467421086233,-1.2202586075728057,31.738211472376882,8.913467894517975
2014-12-07 00:00:00,15.223325425945454,-0.06805762640870938,32.09018565190522,9.179914849275782
2014-12-14 00:00:00,16.747826350962082,1.7101637867983364,32.34057524264131,11.175231355871174
2014-12-21 00:00:00,18.809216005874127,2.882543875916687,34.20761333510171,10.909830414187445
2014-12-28 00:00:00,19.838672576934783,3.6824329543880108,35.68776739916311,12.626882178242068
2015-01-04 00:00:00,19.03127575953911,3.0181254692021895,35.542338808345086,14.233654255747634
2015-01-11 00:00:00,16.82646225474619,1.0109101530982016,32.581721047215645,15.555856151822852
2015-01-18 00:00:00,14.43803680077701,-1.3818169047836548,30.295772654835453,19.981852527778805
2015-01-25 00:00:00,12.984354909179647,-2.851856276419838,28.338916435142206,18.75920035152484
2015-02-01 00:00:00,12.930781782830206,-2.980267839391214,29.073160172573075,15.961036367494003
2015-02-08 00:00:00,14.037461261776112,-1.3706818362852289,29.25118853369031,11.95568975320236
2015-02-15 00:00:00,15.542941858826742,-0.17214019939259373,31.700626777471605,10.417298063518462
2015-02-22 00:00:00,16.407418434889006,-0.3188664131358685,32.8209796944595,7.129172579959879
2015-03-01 00:00:00,15.749012456284987,-0.05033770118534164,31.91356064816693,4.969321658692878
2015-03-08 00:00:00,13.494400028053315,-1.6056411982560732,29.476014480185814,4.147319697828784
2015-03-15 00:00:00,10.756494201945006,-5.563984495833608,26.06171843555674,2.654720230306061
2015-03-22 00:00:00,9.311966859812468,-7.618941750435528,25.589410741670772,4.575247032599319
2015-03-29 00:00:00,10.273984192302523,-5.546497223506215,26.924070351204993,7.715875992753143
2015-04-05 00:00:00,13.031700084603361,-3.4308796003577484,27.975686884546437,11.717268744341478
2015-04-12 00:00:00,15.577871550632635,-0.5334325236538113,32.440284900612596,21.42744588564993
2015-04-19 00:00:00,16.13913189907375,-0.9719837709700236,32.68404458262129,23.98715559127524
2015-04-26 00:00:00,14.68147999302485,-1.9949627669893708,30.3423740716269,24.57257020388509
2015-05-03 00:00:00,12.856635842168423,-3.9012955392427493,28.883021869083986,23.33371931918975
2015-05-10 00:00:00,12.430313754327978,-2.7332810222774206,28.145494301720202,27.084976319688803
2015-05-17 00:00:00,13.719385950233455,-1.4935106545942105,28.667320517483603,22.986412666222552
2015-05-24 00:00:00,15.507211589532501,0.5386848611302177,31.555658757347004,17.78398960758115
2015-05-31 00:00:00,16.37178766775704,-0.4096580629957174,32.896933104405335,12.133956406507496
2015-06-07 00:00:00,15.980836875797355,0.9022678231339079,32.2126152564799,6.323621862514492
2015-06-14 00:00:00,15.100358371281107,-1.4979496300616937,30.415990468999404,7.131688596071252
2015-06-21 00:00:00,14.520477475826418,-1.221001042360875,32.345249023076924,10.606720836170334
2015-06-28 00:00:00,14.20009907926376,-1.4734776716827014,31.260409000883694,15.93263570524392
2015-07-05 00:00:00,13.543239373436906,-2.70339073087489,28.47150089381379,27.212315927304825
2015-07-12 00:00:00,12.385598165974894,-3.3312721100498166,28.45424421780099,25.83127134313049
2015-07-19 00:00:00,11.494117119854714,-4.167985723024572,27.19470680978086,18.8929100088206
2015-07-26 00:00:00,11.953969994269155,-3.445697033792751,28.454334010045336,8.052837720744094
2015-08-02 00:00:00,14.039406856185856,-2.716096077544144,29.99067697186439,1.1383838582097887
2015-08-09 00:00:00,16.72187855339606,-0.17562351839401558,32.02525282422197,2.307264826911833
2015-08-16 00:00:00,18.342837835905907,2.804910641538406,33.66144425417312,7.503150352314796
2015-08-23 00:00:00,17.876412596380785,0.5656136476613476,32.768880740485386,15.714312962563586
2015-08-30 00:00:00,15.707067614909274,-0.7012693739365723,30.773230633482505,38.83728971229279
2015-09-06 00:00:00,13.32471918796655,-1.919799781978334,29.131551733573204,40.54054127458916
2015-09-13 00:00:00,12.252836795244864,-4.483161694232525,26.807165009858956,33.795511649459904
2015-09-20 00:00:00,13.069422868760284,-3.72864994578244,30.112714012215875,20.14221536365816
2015-09-27 00:00:00,15.201862029916096,0.25038142476585534,30.94781741822578,14.78874480612034
2015-10-04 00:00:00,17.5253802429017,1.653831454490593,33.748341475994124,3.5440362580439184
2015-10-11 00:00:00,19.203788152955067,2.942111841576315,35.995906602693914,1.359770626696111
2015-10-18 00:00:00,20.0968810691941,5.044906763970747,36.79335203860563,6.920888309139632
2015-10-25 00:00:00,20.482687041983624,5.662113617659916,36.24334873752218,6.256006413331092
2015-11-01 00:00:00,20.466642049102898,4.549167585270162,36.41326142693892,7.486170938975592
2015-11-08 00:00:00,19.740296570929075,3.649506307690361,35.54405265352824,7.18818560414856
2015-11-15 00:00:00,17.97648186341908,1.6753311774001531,32.56732080100919,5.683077043544754
2015-11-22 00:00:00,15.493478895144055,0.2622465384824544,30.018921018200366,4.344571041425408
2015-11-29 00:00:00,13.390246130889988,-3.710405808147449,29.602312734474047,5.044645079832362
2015-12-06 00:00:00,12.846573807969772,-3.4115410665614228,28.61863988452078,7.087502053025004
2015-12-13 00:00:00,14.124601473654819,-1.656989433719101,29.918148563964827,10.136721825717226
2015-12-20 00:00:00,16.214130101141205,0.159879744382593,32.00621663415843,15.921741187788232
2015-12-27 00:00:00,17.52463847221645,-0.09656841007992867,33.141033881143166,15.829222320341607
2016-01-03 00:00:00,17.051108807148605,0.008952729618115995,32.372626999615726,13.11634261744556
2016-01-10 00:00:00,15.021402063011232,-1.8653512248836428,31.5862227401817,8.359573874424603
2016-01-17 00:00:00,12.574196196707874,-2.8678629298344376,28.431327381145053,3.997498932602818
2016-01-24 00:00:00,10.901192363477055,-4.967077190887473,26.126782899854106,4.211716011167594
2016-01-31 00:00:00,10.600504974808803,-5.340464132432562,26.765242833098554,6.884554883806272
2016-02-07 00:00:00,11.547234363535921,-4.860984445017948,26.760106423492672,11.51967017242332
2016-02-14 00:00:00,13.057457497644076,-2.491500616762412,28.627330816299796,19.382695485799072
2016-02-21 00:00:00,14.11724982424327,-2.771229641253843,30.2447781013989,19.89951476778677
2016-02-28 00:00:00,13.771646555490237,-2.992621374931371,28.105856264552067,16.69453743509004
2016-03-06 00:00:00,11.757670254378917,-4.699881147414427,28.32447012165204,10.556851311324108
2016-03-13 00:00:00,8.983802215187133,-5.463920064902762,25.404061326082207,5.010456448057114
2016-03-20 00:00:00,7.191974633388142,-10.178174638894387,22.62414823836788,6.0688251050414665
2016-03-27 00:00:00,7.717615708410175,-9.074866276908544,24.082591237379248,10.695545901862584
2016-04-03 00:00:00,10.28192051749243,-5.623200062596965,26.348941260252694,18.14533254503884
2016-04-10 00:00:00,13.031724004670021,-3.7740103128274463,28.308829778908844,34.07622470859701
2016-04-17 00:00:00,14.014151467673583,-1.4757132597868754,29.641816155217334,33.858636376379195
2016-04-24 00:00:00,12.833255835600607,-3.8664803556027856,28.055361312383795,26.220413975429327
2016-05-01 00:00:00,10.925692437391756,-4.998573912376344,27.36937535971683,12.298483939594474
2016-05-08 00:00:00,10.176589432330239,-4.907129116689145,25.94506234972149,0.0
2016-05-15 00:00:00,11.220308745853421,-4.015558378448059,26.883729244153574,0.0
2016-05-22 00:00:00,13.042975984785599,-3.665859659643523,27.82257709263721,0.0
2016-05-29 00:00:00,14.140832508535324,-2.702703045129141,30.248904810302783,0.0
2016-06-05 00:00:00,13.942384759631137,-1.3057943200961475,29.470846631933277,6.42237237233052
2016-06-12 00:00:00,13.079403225856682,-2.2312577029469978,29.356839349033258,8.377515949200522
2016-06-19 00:00:00,12.42513897186294,-4.144399303191836,28.59541087687348,7.530169857783235
2016-06-26 00:00:00,12.101729956540348,-4.08501989982927,27.58109267147067,4.283381820685723
2016-07-03 00:00:00,11.545565614186694,-3.6348282060847126,27.315587205404444,1.4776944368915452
2016-07-10 00:00:00,10.44973679782484,-5.153694307854273,27.94830860701634,1.4871100051384512
2016-07-17 00:00:00,9.428953090971357,-5.225547775565836,24.960241763115608,3.397795172174428
2016-07-24 00:00:00,9.601161118080771,-6.215929457979481,26.721447560590555,6.944120385795576
2016-07-31 00:00:00,11.446702935635184,-4.727032567336018,27.660262981596844,12.91664027775004
2016-08-07 00:00:00,14.152152475852684,-1.3919281780523818,30.241938698880247,14.597950723070888
2016-08-14 00:00:00,16.081810660244283,0.808851959220334,30.315720898919064,14.082476597385975
2016-08-21 00:00:00,16.013020511067538,-0.012305132394892837,32.225553326525315,11.629812401793094
2016-08-28 00:00:00,14.068625006593411,-2.956998211843196,28.738262025560118,9.582643128770671
2016-09-04 00:00:00,11.607732508100007,-4.000453975534004,28.017062644139045,8.87269380584714
2016-09-11 00:00:00,10.234119248885566,-5.16974509145934,25.67745909911298,9.63545082362615
2016-09-18 00:00:00,10.736590350108825,-4.567877129228574,26.684582453295647,11.77102424175604
2016-09-25 00:00:00,12.722333939614108,-3.951710580429218,28.633139613941445,13.05129481642505
2016-10-02 00:00:00,15.100664740241687,-0.7396523047735712,31.508954369915834,15.434056803224408
2016-10-09 00:00:00,16.934610140992504,0.2615646254809292,32.1505200628883,17.822761950554174
2016-10-16 00:00:00,17.961877064046313,1.2581063671063824,35.30935584486659,20.12824042979636
2016-10-23 00:00:00,18.428769818413386,2.4720853249683437,34.434650382551254,24.69928045161283
2016-10-30 00:00:00,18.507187699675903,2.6299831913743095,33.88682157895586,24.74693776673508
2016-11-06 00:00:00,17.947295713147525,3.473838875474476,33.50963844941815,23.23431967684081
2016-11-13 00:00:00,16.376883831360214,-0.26940541265630813,32.89326670333116,20.330358104811275
2016-11-20 00:00:00,13.965758644594084,-1.1736459607406928,30.516487564247875,17.83887116831992
2016-11-27 00:00:00,11.702893687765918,-3.191132965512402,27.572126713048,16.279274519013434
2016-12-04 00:00:00,10.83082776666144,-5.916946656754753,26.250645911215173,15.872717224822562
2016-12-11 00:00:00,11.830854694518802,-3.093213873633889,27.3926453962337,16.445491087844083
2016-12-18 00:00:00,13.89710055403008,-1.9178649073885694,30.601074914574262,18.43938468396799
2016-12-25 00:00:00,15.457469969498703,-0.6087226742487886,31.344980526217373,16.271912610835052
2017-01-01 00:00:00,15.328788196966517,-0.004060233742229968,31.29355867238109,12.122109535774102
2017-01-08 00:00:00,13.515708982694711,-1.8191145566141635,29.270232888788264,6.315676169422851
2017-01-15 00:00:00,11.052193187859327,-3.683552640819002,27.802561408092963,1.419137694386064
2017-01-22 00:00:00,9.181855805093834,-7.080172435514601,24.302750529129778,1.1471739602097983
2017-01-29 00:00:00,8.632246043009145,-7.480469974399515,24.920730244415317,3.254355870647547
2017-02-05 00:00:00,9.399382867973413,-6.640874964820753,26.07610270102446,7.466603474756591
2017-02-12 00:00:00,10.883779524330457,-6.152298532986208,26.474285566301766,15.2584208690808
2017-02-19 00:00:00,12.109360258974895,-2.8797051336210195,29.44164091634146,16.357018653391556
2017-02-26 00:00:00,12.069355541805265,-4.978465231930436,27.830753190751025,13.759117250424632
2017-03-05 00:00:00,10.32849157937643,-4.5941815164386135,26.428870693766704,7.774526227103007
2017-03-12 00:00:00,7.580462648797445,-8.563823745264003,24.475505386499513,0.0
2017-03-19 00:00:00,5.490228876365693,-10.398766781541486,21.39527650998518,0.0
2017-03-26 00:00:00,5.573295328116897,-10.332417124290032,20.829437847567288,0.0
2017-04-02 00:00:00,7.893967343297273,-8.799006373890759,24.12564588654684,0.0
2017-04-09 00:00:00,10.79339431366271,-6.170317532581588,28.01837297262007,0.0
2017-04-16 00:00:00,12.19670085975745,-3.717572089204687,27.826361920675986,0.0
2017-04-23 00:00:00,11.355648360505011,-4.122027676259908,27.62392034993325,0.0
2017-04-30 00:00:00,9.443676207151812,-6.487486514572307,25.59454687307138,0.0
2017-05-07 00:00:00,8.406307439632531,-6.669870118162649,24.12508135434135,4.084662319421959
2017-05-14 00:00:00,9.181993144794205,-7.43946172141159,25.429098058110856,5.672487029391029
2017-05-21 00:00:00,11.00047828307795,-5.422428753538309,26.53768390672233,7.448584796014226
2017-05-28 00:00:00,12.325837590649678,-4.37729799765118,28.10320421862958,9.368807855172788
2017-06-04 00:00:00,12.356183630136663,-4.160166393936787,28.594782598993817,12.898839065325582
2017-06-11 00:00:00,11.554712750582096,-5.124151052400766,27.65341268394252,13.772451274057186
2017-06-18 00:00:00,10.8428743217036,-5.171087733979633,26.580509356952504,13.715901073669508
2017-06-25 00:00:00,10.508721092757987,-5.471599594300226,26.55642909438222,12.76189158694772
2017-07-02 00:00:00,10.054587370380517,-6.5474580434504475,24.92017617129663,12.882696546311562
2017-07-09 00:00:00,9.054597203238941,-6.7553909145412625,25.463855759147133,11.055451329399698
2017-07-16 00:00:00,7.956477812832807,-8.109092135449863,24.009680847981713,9.031251396559297
2017-07-23 00:00:00,7.859027550567854,-8.554573477829088,23.915536507700594,6.892412727729443
2017-07-30 00:00:00,9.43778740794965,-6.508275723792497,25.764084428695888,4.435702151438851
2017-08-06 00:00:00,12.110898472696313,-3.170547174289954,28.394061286085574,4.931617287321125
2017-08-13 00:00:00,14.308028177661589,-0.422986935188451,31.568792305082766,6.820668123971374
2017-08-20 00:00:00,14.641589837527306,-1.4023487309501483,30.741947972467166,10.00373543726865
2017-08-27 00:00:00,12.968802933135102,-2.7973426586582093,30.03981934097694,14.378717602776623
2017-09-03 00:00:00,10.483972130746702,-5.180356383251208,26.777527633069006,16.54186528646414
2017-09-10 00:00:00,8.835225481688363,-7.344358294301735,25.77535574942463,17.450525012171376
2017-09-17 00:00:00,9.010066841565362,-6.356186942600605,24.68093404461394,17.108201098587863
2017-09-24 00:00:00,10.812318543598474,-4.029876633065282,26.813524419787925,19.63408698762663
2017-10-01 00:00:00,13.214550281225343,-2.500863874489472,30.154210025289434,16.224369977864722
2017-10-08 00:00:00,15.196649397458993,-1.9463398597062884,32.294370863701175,11.351326933228004
2017-10-15 00:00:00,16.368152998255553,0.04768968151639541,31.580836743819113,5.173663101280642
2017-10-22 00:00:00,16.923124587659483,0.861961045440264,33.7134399417219,0.0
2017-10-29 00:00:00,17.087605864028887,-0.44641581869226243,32.44131493105781,0.0
2017-11-05 00:00:00,16.684388442903643,0.866755721518274,33.43065866345139,0.0
2017-11-12 00:00:00,15.31599408377674,-1.0353158505708429,30.25354765654494,0.0
2017-11-19 00:00:00,13.013997053346126,-3.823343793486721,29.67889393938917,5.368146401164281
2017-11-26 00:00:00,10.638219664720719,-5.777466915267901,26.409621972746805,7.116798709085933
2017-12-03 00:00:00,9.458796735764308,-6.0338805230882,25.101533960282104,7.391617125235206
2017-12-10 00:00:00,10.157724526442937,-6.5629131116689585,27.28962849013015,6.315160764514578
2017-12-17 00:00:00,12.158811359943396,-4.362893154710793,28.23158630591551,5.189340955453871
2017-12-24 00:00:00,13.940648023834452,-3.1719222818262516,28.760088624530876,6.897830096697553
2017-12-31 00:00:00,14.169131085176748,-1.1939519660475568,30.08743260769573,10.707772009547783
2018-01-07 00:00:00,12.619699216283085,-2.7268147410528236,27.020469013691354,16.492641938300793
2018-01-14 00:00:00,10.193181233061992,-5.55511994017996,26.22582718153678,25.77767217839963
2018-01-21 00:00:00,8.16080394762371,-7.943928383837189,25.622776431347884,29.8789415595393
2018-01-28 00:00:00,7.373301091394822,-9.277171808956595,22.460023355706873,31.50385819532035
2018-02-04 00:00:00,7.952826413369511,-7.865061225674587,23.445603464878143,30.702283066740726
2018-02-11 00:00:00,9.391093854132423,-6.627129621552893,25.925273867064476,32.21426710825231
2018-02-18 00:00:00,10.760335460265859,-6.275035276974933,25.78816958942418,28.72889871397122
2018-02-25 00:00:00,11.021960941661177,-5.47258587549625,27.32304756980422,24.429585510860896
2018-03-04 00:00:00,9.588234915111416,-7.281162294642048,26.212310435181124,19.39414266691557
2018-03-11 00:00:00,6.9339435363003705,-9.037345863029511,23.512642559642888,14.345258813673288
2018-03-18 00:00:00,4.609152736404333,-10.659723251978214,20.03663869109153,12.203349230887651
2018-03-25 00:00:00,4.263807954196892,-10.416834810184149,19.587989280383376,12.05103224183069
2018-04-01 00:00:00,6.275287506552575,-8.773326703506548,21.934204477385123,13.783806713608367
2018-04-08 00:00:00,9.243693819591952,-6.819087057524232,26.097391960963712,16.17517780297869
2018-04-15 00:00:00,11.032940923120268,-4.83687563601795,27.31496780433325,15.617917887973322
2018-04-22 00:00:00,10.563257833966068,-5.616437482147973,26.888792914376452,12.793894799454264
2018-04-29 00:00:00,8.704886870714581,-8.284894300844883,24.162823449834953,7.796456509593724
2018-05-06 00:00:00,7.401906543484676,-8.835052659553472,23.931323783836973,0.0
2018-05-13 00:00:00,7.872814319310876,-7.9438192550796565,23.2503465748874,0.0
2018-05-20 00:00:00,9.624352075584744,-5.9649062685581775,26.304478132564633,0.0
2018-05-27 00:00:00,11.140832163337146,-3.9668421819312876,27.145199181212355,0.0
2018-06-03 00:00:00,11.407959096258253,-4.707267028843528,27.596295251670803,0.0
2018-06-10 00:00:00,10.691392883782807,-4.825253848003786,26.924994906783922,1.0392631739589795
2018-06-17 00:00:00,9.922275327001483,-5.948886518791582,25.392780188382925,4.021322206231276
2018-06-24 00:00:00,9.549552041937142,-6.640557977829605,25.89231511942387,8.035276619809746
2018-07-01 00:00:00,9.172103306986807,-5.773271273051648,24.452554832410307,22.02947356382021
2018-07-08 00:00:00,8.273573438961602,-7.073980920521738,24.00518749826919,25.110262976037788
2018-07-15 00:00:00,7.127066507068882,-7.730669036045732,22.203884342951238,24.38943149493224
2018-07-22 00:00:00,6.78104995958101,-8.53913424194661,22.911327942954713,19.96213996520976
2018-07-29 00:00:00,8.070751188225959,-7.780443873917296,24.59722370711019,17.937945112667204
2018-08-05 00:00:00,10.655084667666197,-5.867372885754687,25.787272897287814,11.650940193821068
2018-08-12 00:00:00,13.069425914102302,-1.9446956705169107,29.28689628367735,6.6523253496579215
2018-08-19 00:00:00,13.797612750548666,-2.280894675734782,28.20804553540068,2.969350343853808
2018-08-26 00:00:00,12.434144155651104,-3.478596324104732,28.503384262871332,0.7526427660084062
2018-09-02 00:00:00,9.986104530984809,-6.8114936226713,25.613693396188964,1.3624823263487449
2018-09-09 00:00:00,8.10015260904323,-7.972336183396187,24.876037485669944,3.5833694904229083
2018-09-16 00:00:00,7.945036026648911,-8.271292962274632,24.663841009433295,7.371692417219942
2018-09-23 00:00:00,9.533591452636625,-6.659012086196402,24.956645918238664,14.448055457256748
2018-09-30 00:00:00,11.930406761502784,-4.066356272040771,26.79862680036579,18.640429197292864
2018-10-07 00:00:00,14.053376877279067,-2.4942123103667235,30.763031906524184,21.704967561377643
2018-10-14 00:00:00,15.381966566159203,-1.3878154302859542,30.20593105706972,23.627668784072743
2018-10-21 00:00:00,16.03854009343692,0.1296144142659159,33.74247335075067,27.92385321757432
2018-10-28 00:00:00,16.287896717015425,0.518091742909796,30.915655730900923,26.087272174692387
2018-11-04 00:00:00,16.03170735050589,-0.1335605286688093,31.534820102248545,21.9354077872026
2018-11-11 00:00:00,14.870062101795387,-1.1108193580054326,30.9924237370342,15.544774820530709
2018-11-18 00:00:00,12.71076407162146,-2.398432839435767,29.109649727142127,9.603212019447913
2018-11-25 00:00:00,10.270499094210306,-6.175353063190151,26.042039278452712,5.657675651451459
2018-12-02 00:00:00,8.812483621886303,-6.578566883793101,24.21953277723714,4.580258037304459
2018-12-09 00:00:00,9.195729666985065,-5.772603151111223,26.037680704794447,6.299228291796173
2018-12-16 00:00:00,11.070083819390963,-4.650255364636976,27.534717217646033,8.380513973913915
2018-12-23 00:00:00,13.018105251047634,-3.687476675124742,28.198613108670422,8.583595764038314
2018-12-30 00:00:00,13.586565692342663,-2.0943516093140033,29.53930720074434,6.619038071653253
2019-01-06 00:00:00,12.321699510875819,-3.5750208049471297,27.550933071242202,2.557226190394517
2019-01-13 00:00:00,9.9648962316205,-5.102622442430398,25.615664981879142,0.0
2019-01-20 00:00:00,7.788289069819477,-7.843935545935711,24.380761807977468,0.0
2019-01-27 00:00:00,6.756344165924991,-9.551219951154437,21.41476206974327,0.0
2019-02-03 00:00:00,7.121454700501337,-8.824441656190366,21.75002674496494,0.0
2019-02-10 00:00:00,8.473251884448466,-7.741475825241146,24.452979829441567,10.4381106809811
2019-02-17 00:00:00,9.941476286030378,-6.0238525848208475,25.248970536045114,13.698693516538576
2019-02-24 00:00:00,10.47409255567596,-4.7619804955466805,26.606579208766583,14.689397569164662
2019-03-03 00:00:00,9.352370839786506,-5.446701677960412,24.200131515747533,13.45454623331567
2019-03-10 00:00:00,6.833917072151131,-9.960533299323242,22.557708278997772,11.843621623356212
2019-03-17 00:00:00,4.321172885351242,-12.012091997910744,19.531380453238608,11.545102188235116
2019-03-24 00:00:00,3.5509868581225383,-12.419083513180382,19.496259871675598,12.93071749955235
2019-03-31 00:00:00,5.206057073700617,-11.235820790207455,21.384980706405877,15.961306688856324
2019-04-07 00:00:00,8.170455154310492,-8.737198993862396,24.219665706114085,19.874922941753425
2019-04-14 00:00:00,10.308961732667473,-6.394906609544584,26.221684902379202,21.12394366158428
2019-04-21 00:00:00,10.241405797659365,-4.908952080289335,28.03206624373196,20.222925433846573
2019-04-28 00:00:00,8.504377828371592,-7.563209111477338,24.99273307940537,17.199328962815713
2019-05-05 00:00:00,6.977937588613996,-9.502649861923786,22.32906582779906,14.706794249518063
2019-05-12 00:00:00,7.1266234268550726,-7.868494658280028,23.248498842255422,10.91948271837684
2019-05-19 00:00:00,8.758721498880794,-6.8734961663781675,25.566914187389248,7.909261985045282
2019-05-26 00:00:00,10.432128134850556,-5.802425218825203,26.56998622009042,5.675022047059811
2019-06-02 00:00:00,10.946863960314623,-4.927273506298629,27.753989477094613,3.83926195575943
2019-06-09 00:00:00,10.348801910340903,-5.337905851542239,26.892566304000322,3.05520883796481
2019-06-16 00:00:00,9.538204144257072,-7.639065891628004,26.149596859358603,2.8719898385398004
2019-06-23 00:00:00,9.112246740225526,-7.237400892378645,26.052965810210864,3.2798533677359605
2019-06-30 00:00:00,8.792650190051821,-6.900111204898142,25.02677849827882,3.884364637398357
2019-07-07 00:00:00,8.004717181514145,-8.23018368893527,24.999101372392428,3.871445235385731
2019-07-14 00:00:00,6.846622538793461,-10.000485252596604,22.487154012124233,3.2530024722825224
2019-07-21 00:00:00,6.281962570157685,-9.830660246208733,22.18144093608301,2.03750165493339
2019-07-28 00:00:00,7.271998762802378,-9.214829282214946,23.211606775018296,0.0
2019-08-04 00:00:00,9.718126872539152,-7.3506501617361515,26.124215173758245,0.0
2019-08-11 00:00:00,12.298375113103909,-3.4743104828461746,27.94913665469837,0.0
2019-08-18 00:00:00,13.407850762786333,-1.871918926400621,29.11084970503083,0.0
2019-08-25 00:00:00,12.38816119981827,-4.04316268227565,28.51287130656357,0.0
2019-09-01 00:00:00,10.017490191815494,-5.570719274082229,26.83219103400288,0.0
2019-09-08 00:00:00,7.918021859253411,-7.860080791979048,23.24839719442629,0.0
2019-09-15 00:00:00,7.417252146119907,-8.299074607234555,22.4552245866874,0.0
2019-09-22 00:00:00,8.744497351724496,-6.750053193486206,25.114939284529775,0.0
2019-09-29 00:00:00,11.08390437359166,-4.330835098168947,27.652857935573774,0.0
2019-10-06 00:00:00,13.315499648841506,-2.895960075311489,28.60511449297949,0.0
2019-10-13 00:00:00,14.791139793001928,-0.33367438667642446,31.015896379064642,0.0
2019-10-20 00:00:00,15.543838277205943,1.7254216355003678,31.94520353527993,1.612349998853487
2019-10-27 00:00:00,15.859319089458431,0.24849666474541365,31.93328952397586,2.6176167958869807
2019-11-03 00:00:00,15.72011808331667,-0.07993522600898118,31.06548164600492,3.765488508935539
2019-11-10 00:00:00,14.745264829435921,-1.1213089773318217,30.54679534691178,5.050858696323994
2019-11-17 00:00:00,12.736761174258243,-3.4885714445730542,28.917353492993193,7.032067984452527
2019-11-24 00:00:00,10.259616782480304,-6.170368833761348,25.59231157175014,7.343028086645009
2019-12-01 00:00:00,8.537344804491605,-7.544620102898783,23.695913548777753,6.676042963532754
2019-12-08 00:00:00,8.577902092066283,-7.408302293644919,23.6585948976811,5.041489965369706
2019-12-15 00:00:00,10.269377675550349,-6.144393477337065,26.703951902803546,3.051021982417881
2019-12-22 00:00:00,12.326308139535332,-3.126858816235412,28.53188615541017,2.3995960217970773
2019-12-29 00:00:00,13.211842410596535,-2.3645018398765387,29.498569619617843,2.938652936168986
2020-01-05 00:00:00,12.2492477159781,-2.474673180478593,28.808512792973296,4.657043059616057
2020-01-12 00:00:00,9.9971895979728,-6.1659703004383175,25.914288377896508,7.035233078856896
2020-01-19 00:00:00,7.700200175122935,-7.674228741031712,23.396914287948423,7.7360782947202225
2020-01-26 00:00:00,6.423659738891624,-9.094109737509388,22.319490920243553,6.870938612317354
2020-02-02 00:00:00,6.552787191384327,-8.995567585479638,22.348575641770545,4.4503790141055255
2020-02-09 00:00:00,7.78180867174015,-8.177328439930136,24.092861324341918,0.0
2020-02-16 00:00:00,9.30619312574139,-5.737772762950865,25.46447189639459,0.0
2020-02-23 00:00:00,10.077049953193196,-6.247425232329533,25.807956991274107,0.0
2020-03-01 00:00:00,9.266950913071119,-5.703587511708161,25.960761179559668,0.0
2020-03-08 00:00:00,6.923345446811167,-9.745310781206424,22.247713178633823,0.6932370475760313
2020-03-15 00:00:00,4.27416502480386,-11.225205886686972,20.837107002798614,2.239075400654517
2020-03-22 00:00:00,3.0952636446266144,-12.791501956343811,17.574103176522435,4.034654095622881
2020-03-29 00:00:00,4.3482029237718915,-11.885993667361177,20.41036428452215,6.079347456146571
2020-04-05 00:00:00,7.227356001891694,-9.52222173594269,23.360576665065466,9.21147060232628
2020-04-12 00:00:00,9.659727007865525,-6.722105725729456,25.450120809433535,11.739644296839558
2020-04-19 00:00:00,10.005171805345743,-5.945813389981012,25.956924556758807,14.311495163666764
2020-04-26 00:00:00,8.44672654752864,-7.307913938269355,25.0374188082691,16.922647937167397
2020-05-03 00:00:00,6.739245151289898,-10.118057409780079,23.45053052269834,20.262887479155044
2020-05-10 00:00:00,6.550381983016635,-8.273309967697866,21.864391022305313,20.92572809143268
2020-05-17 00:00:00,8.004632117789125,-7.701301695096003,23.15832480997434,19.866346622030942
2020-05-24 00:00:00,9.785819616993688,-6.750322058263862,25.4860028738407,17.09038780738132
2020-05-31 00:00:00,10.542972155936116,-5.133026669629512,26.844033794909933,14.081847552084746
2020-06-07 00:00:00,10.087728640966755,-5.333360806376582,25.44989596276784,10.703514006699445
2020-06-14 00:00:00,9.248460947079748,-7.754275581170802,25.147108446341168,8.079336338707584
2020-06-21 00:00:00,8.750650274351251,-7.269822351603878,24.27549014497322,6.207977102508227
2020-06-28 00:00:00,8.459669469404298,-7.686851354043998,23.27266286818866,4.937927932098266
2020-07-05 00:00:00,7.77692255897793,-8.781461007039976,24.64391407003466,3.7531709707476137
2020-07-12 00:00:00,6.632627417382432,-9.479853823987249,22.213331828593045,2.6636472146396817
2020-07-19 00:00:00,5.8752051756877055,-10.337977913354091,21.832955722072814,1.669478882514437
2020-07-26 00:00:00,6.554999253565523,-9.55286802675645,23.455349793402817,0.0
2020-08-02 00:00:00,8.810082704625275,-7.724914476587365,24.03990669377489,0.0
2020-08-09 00:00:00,11.493557910205098,-4.794026024433485,27.11439368167011,0.0
2020-08-16 00:00:00,12.954006974670857,-2.8607375828090014,29.422550452896722,0.0
2020-08-23 00:00:00,12.29672113334954,-4.142282191633075,28.761801268804618,0.0
2020-08-30 00:00:00,10.058420189716342,-6.365723552131424,27.457367575923577,0.0
2020-09-06 00:00:00,7.790030080372592,-8.139193617197595,23.329963669539783,0.0
2020-09-13 00:00:00,6.950712399377055,-8.562829131629321,22.277039761521255,0.0
2020-09-20 00:00:00,7.988469706125434,-7.79234268210401,23.68550146715741,3.310755084382805
2020-09-27 00:00:00,10.23252393354107,-5.283935063588043,25.832858644854156,3.947936339401731
2020-10-04 00:00:00,12.551509644669977,-3.043771056506177,27.860432906548798,3.5740732304859497
2020-10-11 00:00:00,14.176558256291845,-1.396002519056399,30.22893081613354,2.191460345729513
2020-10-18 00:00:00,15.036176143269621,-1.0767498563709417,30.628074972322665,0.0
2020-10-25 00:00:00,15.417430191446666,-0.6677127972421744,31.63650712471378,0.0
2020-11-01 00:00:00,15.381433548885301,-0.2484895996516201,31.073568786075207,0.0
2020-11-08 00:00:00,14.585269574049367,-0.34940330608122494,30.71369238862907,0.0
2020-11-15 00:00:00,12.745802858360253,-4.802055834445998,28.529952135508033,2.31550390565693
2020-11-22 00:00:00,10.273339357274866,-6.6140333636394715,25.672813672207152,3.420189860751276
2020-11-29 00:00:00,8.321639178987782,-8.30120251161076,23.751611230991596,3.8078981736356736
2020-12-06 00:00:00,8.016130782689926,-7.209067990978902,24.02292137536424,3.48063305995612
2020-12-13 00:00:00,9.4810450211728,-6.713044431653412,26.785160685187215,2.9711386598995424
2020-12-20 00:00:00,11.594644288398957,-4.047100898065789,27.351920068737417,4.152436466428636
2020-12-27 00:00:00,12.774640410087038,-2.4242549717120383,28.972536394375766,7.10352769654142
2021-01-03 00:00:00,12.133803798949799,-3.499615759095313,28.14286465751824,11.821347177130402
2021-01-10 00:00:00,10.028674945707845,-5.2135861324742585,26.37351242841312,18.34334553475913
2021-01-17 00:00:00,7.646595453360794,-7.969514353033208,23.935468979008938,21.28620875852966
2021-01-24 00:00:00,6.13763206153393,-8.996904860728513,22.21652779102604,21.00718207082184
2021-01-31 00:00:00,6.020473080516847,-9.84873954684225,22.15661230212254,17.50861363588936
2021-02-07 00:00:00,7.1004952255127645,-8.20885344344644,23.744693653849637,12.934222942954518
2021-02-14 00:00:00,8.646413938541908,-7.0488825852261385,23.41318938559425,7.730765950589133
2021-02-21 00:00:00,9.627233857194598,-5.298227843211539,26.910540262136934,3.910465487204165
2021-02-28 00:00:00,9.129222721656411,-7.396920965025014,25.188243698968197,1.4729956192521798
2021-03-07 00:00:00,7.00130654222669,-7.882221657483118,23.338187771583694,0.0
2021-03-14 00:00:00,4.27627756674041,-11.840719327138626,20.62901003940968,0.0
2021-03-21 00:00:00,2.7222124047692713,-12.197133535161928,18.341339263269834,0.0
2021-03-28 00:00:00,3.545959873736379,-13.590264964437939,18.979272734709085,0.0
2021-04-04 00:00:00,6.268781035534028,-9.00045060782967,20.473344042733814,0.0
2021-04-11 00:00:00,8.93859152831145,-7.857731041479624,25.2190689845114,0.0
2021-04-18 00:00:00,9.703611694996614,-6.23569931715916,24.90528625403875,0.0
2021-04-25 00:00:00,8.384633518982788,-8.000781303027708,23.376285314240583,0.0
2021-05-02 00:00:00,6.5535869029491565,-8.330730349634965,23.181986625643365,0.0
2021-05-09 00:00:00,6.030769526627031,-9.82448427730845,21.693010718847997,0.0
2021-05-16 00:00:00,7.2609596542230666,-8.589745172737814,22.707722803896427,0.0
2021-05-23 00:00:00,9.103306486545167,-7.157967418896131,24.45162384391024,0.0
2021-05-30 00:00:00,10.09740842119283,-6.058631659544908,26.7799037050596,19.32314822585096
2021-06-06 00:00:00,9.814836435721546,-6.558659808729281,24.742425585752933,24.83908360024578
2021-06-13 00:00:00,8.972303131702706,-6.749878037654764,22.933059399902852,24.75500642104919
2021-06-20 00:00:00,8.397088296932324,-7.381664845923847,24.429333134653508,19.07220275285408
2021-06-27 00:00:00,8.112582002901274,-7.911268559257401,22.916157603524486,10.695131696243164
2021-07-04 00:00:00,7.531590211120678,-7.087403912076539,24.23529682361326,3.340731302273144
2021-07-11 00:00:00,6.430286209013586,-10.008522384337805,22.74315855393596,0.0
2021-07-18 00:00:00,5.516926276386945,-9.809264075532422,22.511486248593425,0.6290440014836894
2021-07-25 00:00:00,5.8920017577953665,-11.024521821741569,21.712702926088607,3.7896350743164833
2021-08-01 00:00:00,7.917184705922136,-8.758380121587425,24.310731936654754,6.725050172451776
2021-08-08 00:00:00,10.647556674495162,-5.628568616218878,27.438923713542977,8.800149430594756
2021-08-15 00:00:00,12.428520808948072,-3.9112162666962362,28.93162407403051,10.014979322636982
2021-08-22 00:00:00,12.151994002269227,-4.198711274743189,28.121115597186083,10.754767476308633
2021-08-29 00:00:00,10.098707645931201,-5.6302744215627385,26.81190883776629,11.018643862591333
2021-09-05 00:00:00,7.710528261873868,-8.071392604351285,23.774197579555448,11.130615639459991
2021-09-12 00:00:00,6.54720146328413,-9.337529228877862,20.821117356243544,11.09069402164004
2021-09-19 00:00:00,7.272152244821704,-8.94244150611146,25.389468114653084,10.958640003181232
2021-09-26 00:00:00,9.382404714136815,-7.051880745208987,26.32466598533763,10.904731303442045
2021-10-03 00:00:00,11.763328692105123,-3.979038090627128,26.527270293280196,10.971728592191388
2021-10-10 00:00:00,13.536547380217847,-3.171856560490326,29.921994787224627,11.15962110118533
2021-10-17 00:00:00,14.514006171666994,-1.4923747809720247,29.340332460659106,11.40077368279245
2021-10-24 00:00:00,14.963541035827992,-0.891175303488378,30.76731470218565,11.354201258715715
2021-10-31 00:00:00,15.018433097507577,-0.8639398798666029,30.999044826134288,10.9753935191282
2021-11-07 00:00:00,14.389989918228324,-2.2198364230752965,30.230667459017614,10.26435253936364
2021-11-14 00:00:00,12.73240979255178,-3.2887149928107,30.080102813012545,9.301655993163411
2021-11-21 00:00:00,10.303650659931957,-6.444365598141509,26.253724757392096,8.09734060775066
2021-11-28 00:00:00,8.161291697665291,-7.927332856717019,24.599063033295707,6.73029433269918
2021-12-05 00:00:00,7.514434607078648,-7.910041427550837,23.35571289800363,5.200523066386747
2021-12-12 00:00:00,8.714729121047403,-6.9243964429133165,24.44399336501565,3.688580652328184
2021-12-19 00:00:00,10.831172687871632,-5.804409929488969,25.745981948688122,3.0222461370240605
2021-12-26 00:00:00,12.275791428155712,-2.819049616449128,27.36072030748049,3.333060250802838
2022-01-02 00:00:00,11.969361939039537,-3.3644856347974788,27.77965937369141,4.621019959844917
2022-01-09 00:00:00,10.051554049093834,-6.298578944430549,25.855280936256094,6.534676070582224
2022-01-16 00:00:00,7.622664729819961,-9.191099312635682,22.86720296677631,7.743421942886491
2022-01-23 00:00:00,5.897902030660944,-10.711526705985133,21.173923559512744,7.936826436150311
2022-01-30 00:00:00,5.527709432335147,-10.91545262676355,21.62985907723956,7.114889550380973
2022-02-06 00:00:00,6.434873486619205,-8.821446673497789,22.159266811846443,0.0
2022-02-13 00:00:00,7.968427848174562,-9.323150236610694,23.33787064397542,0.0
2022-02-20 00:00:00,9.128240996541178,-6.844313848377759,25.589681619694904,0.0
2022-02-27 00:00:00,8.936136540874417,-7.957452853279349,25.880655193286863,0.0
2022-03-06 00:00:00,7.057977712493493,-9.005676990324027,23.514297553977933,12.425654536465974
2022-03-13 00:00:00,4.317218068205115,-11.434120174039535,20.206430396259613,13.35065623922783
2022-03-20 00:00:00,2.429849795778276,-14.42304616936772,18.50697662561079,10.32713777699364
2022-03-27 00:00:00,2.808621792088802,-13.349609367141586,19.073239980367138,7.794707447312559
2022-04-03 00:00:00,5.308267999232347,-10.871493841471391,21.374899226838707,48.33327419839192
2022-04-10 00:00:00,8.151812110132402,-7.620770533192651,24.352609331234575,35.30979115464322
2022-04-17 00:00:00,9.330450372651857,-6.300907424464828,26.332657982519592,26.41187572812567
2022-04-24 00:00:00,8.305526588702387,-7.782090195585813,24.07736570946415,21.6395279188392
2022-05-01 00:00:00,6.413764258822699,-10.297825202750495,21.312079264441355,9.41858878778572
2022-05-08 00:00:00,5.5717354795778355,-9.777640898941275,21.366249199300498,10.605043752063445
2022-05-15 00:00:00,6.537652667157717,-8.276435229928236,23.56657007830311,11.673855231932738
2022-05-22 00:00:00,8.390571920153528,-7.166767267994118,24.28460049881694,12.2006682282181
2022-05-29 00:00:00,9.607718986665951,-6.466792653820487,25.871519470467355,11.38697962841504
2022-06-05 00:00:00,9.52386553667722,-5.8209143592238455,26.619200287283427,10.987895282134502
2022-06-12 00:00:00,8.707204523694102,-5.372969125563699,26.277816680463843,10.738306877053798
2022-06-19 00:00:00,8.054690132374388,-7.267039376969375,24.867371567304193,10.784974212396657
2022-06-26 00:00:00,7.7549335742836,-7.223217936037692,23.698708461877175,10.777360084400543
2022-07-03 00:00:00,7.266808547536677,-8.260433906551711,24.634154808997224,11.25798466679012
2022-07-10 00:00:00,6.232686170244222,-8.957428300163322,22.719677776986757,11.25932109090604
2022-07-17 00:00:00,5.201863254367689,-10.668117746284572,21.195736381986748,10.603490157903297
2022-07-24 00:00:00,5.285453517737304,-11.320789443640372,22.36467916633852,13.63815315456436
2022-07-31 00:00:00,7.048859432185713,-9.567165714911358,22.94743237698141,11.09685223890444
2022-08-07 00:00:00,9.769705179182711,-4.829717507402574,25.64901760760205,9.58388397686737
2022-08-14 00:00:00,11.833429838810027,-4.39715918056822,28.60720160626505,9.579266629663833
2022-08-21 00:00:00,11.94730902551429,-3.5564875450366777,29.044898631924887,4.4278180111619125
2022-08-28 00:00:00,10.128032640634775,-5.997853041096143,26.43956525157862,5.69371744584508
2022-09-04 00:00:00,7.672683790953517,-7.99107961627352,23.518604588002354,7.926557186608359
2022-09-11 00:00:00,6.207222811092551,-9.390541077503809,22.49729203506384,11.21734535638465
2022-09-18 00:00:00,6.601691698862695,-9.883133662841885,21.669593762761693,14.102737522103846
2022-09-25 00:00:00,8.540150103710769,-7.859544274517194,24.76756801252058,18.47811320179296
2022-10-02 00:00:00,10.953718961065668,-4.503394815979224,27.613148062879883,20.681331356008428
2022-10-09 00:00:00,12.869845600072493,-4.971078462141559,28.99670150177184,19.901411920094773
2022-10-16 00:00:00,13.975470532053382,-1.688202959798545,29.89045440725171,67.08309419964628
2022-10-23 00:00:00,14.498421805569684,-1.5866100367963902,30.558610843191843,42.01247468915842
2022-10-30 00:00:00,14.633918430860488,-1.6947484872639258,31.28196365760977,22.819257185729565
2022-11-06 00:00:00,14.160157731869312,-2.114863451770489,30.034111402283017,14.412361925465737
2022-11-13 00:00:00,12.69202367439689,-2.469505217916243,27.759109425242862,5.335590445480436
2022-11-20 00:00:00,10.342550116643569,-5.903900452519295,25.231999477325715,9.027213878067284
2022-11-27 00:00:00,8.05106813704673,-7.801878525512084,24.534552121183026,13.036749971017644
2022-12-04 00:00:00,7.075362701584412,-10.109409024690972,22.817271804620194,16.498601705434638
2022-12-11 00:00:00,7.979533266542399,-8.199788004816071,23.573165034971737,19.61898063534132
2022-12-18 00:00:00,10.044781026469948,-6.82779081119326,25.574406532693498,21.92653101306875
2022-12-25 00:00:00,11.717579976093262,-3.309659786155329,27.571280491789885,23.141672364159568
2023-01-01 00:00:00,11.750842425152001,-4.271121776849565,27.80152568634044,23.109128987430363
2023-01-08 00:00:00,10.057926906728678,-6.675511252875204,25.726292909797152,40.010028514113664
2023-01-15 00:00:00,7.622854091740166,-8.801324503714483,23.437617262199364,35.62456667530937
2023-01-22 00:00:00,5.7033464932072615,-9.949542363103536,21.31928252339515,30.60723302510729
2023-01-29 00:00:00,5.0771514993863995,-10.89977203137465,21.029664932196457,25.452640785469683
2023-02-05 00:00:00,5.790169559560059,-8.320417235985438,21.203774014407088,
2023-02-12 00:00:00,7.278586394214978,-9.357835355003928,22.921600411356287,
2023-02-19 00:00:00,8.584470762252318,-7.221138967661595,23.893936127019874,
2023-02-26 00:00:00,8.686011325003713,-7.0133888672643,25.096638357249656,
2023-03-05 00:00:00,7.084459430190655,-8.268984067907653,22.857253671079377,
2023-03-12 00:00:00,4.3861025096035995,-11.088281358087745,19.48063275958043,
2023-03-19 00:00:00,2.2142202680521965,-12.592416604986802,16.940605852336514,
2023-03-26 00:00:00,2.143711626248832,-14.140221723920192,18.143455022548242,
2023-04-02 00:00:00,4.359451129744253,-11.116653721904541,20.468097809498147,
2023-04-09 00:00:00,7.307640278072629,-7.993311462149027,23.392548133041615,
2023-04-16 00:00:00,8.8815074046642,-6.264335608331905,24.460496045727176,
2023-04-23 00:00:00,8.197108659747665,-7.943608803257035,24.247110894429014,
2023-04-30 00:00:00,6.310895888447973,-9.764603225318261,21.82059046339825,
2023-05-07 00:00:00,5.175323661136922,-10.795636630847891,21.712535874988554,
2023-05-14 00:00:00,5.844323930242558,-10.36138624070708,22.560996615059583,
2023-05-21 00:00:00,7.654902282190948,-9.058990685202556,24.540356589473085,
2023-05-28 00:00:00,9.072844171041861,-5.816842584609823,24.609986685670577,
2023-06-04 00:00:00,9.208637966558145,-6.523779799976605,25.51864620605177,
2023-06-11 00:00:00,8.449592561431247,-8.242216141825178,23.814648676017807,
2023-06-18 00:00:00,7.725806106612108,-8.26204454670663,23.951163725180756,
2023-06-25 00:00:00,7.390723808572863,-8.797675369926935,23.07273350794543,
2023-07-02 00:00:00,6.981838969302661,-9.135883378699521,23.005963612235114,
2023-07-09 00:00:00,6.0334322333210615,-9.867713084792754,22.14243504701905,
2023-07-16 00:00:00,4.923889758861355,-11.506847588552823,19.441139492134123,
2023-07-23 00:00:00,4.73624364524472,-11.140054346225092,20.992859895570284,
2023-07-30 00:00:00,6.213684943246712,-9.271398623251997,21.302634131176095,
2023-08-06 00:00:00,8.869976034657622,-7.193752636764426,26.107492313852987,
2023-08-13 00:00:00,11.172390317677065,-4.5178046775883445,27.24797055418702,
2023-08-20 00:00:00,11.67732888394221,-4.72323724634337,26.74161329477141,
2023-08-27 00:00:00,10.136185138108655,-6.951368073431272,25.40830241129662,
2023-09-03 00:00:00,7.6686093879015935,-9.599254921541192,21.49189924955881,
2023-09-10 00:00:00,5.929938694556558,-9.996503292899046,20.481832133950093,
2023-09-17 00:00:00,5.982559808517486,-10.105742315115403,22.424751946442186,
2023-09-24 00:00:00,7.712681246920138,-7.290879143740291,24.75595184808461,
2023-10-01 00:00:00,10.126278569492214,-6.0649956238846165,26.25812114798213,
2023-10-08 00:00:00,12.175724832854208,-2.8580480470496425,28.20214908174769,
2023-10-15 00:00:00,13.41851473542039,-3.4407958748412355,30.216732859329746,
2023-10-22 00:00:00,14.022282135396377,-2.7263462347096876,29.54712854942987,
2023-10-29 00:00:00,14.230569825574037,-2.682084939406657,29.9053650841526,
2023-11-05 00:00:00,13.897207758245576,-1.3318485252210408,29.309705869133744,
2023-11-12 00:00:00,12.621067944453848,-3.529370343910621,28.03110682368096,
2023-11-19 00:00:00,10.38226717952799,-5.842107268003154,26.915741124877854,
2023-11-26 00:00:00,7.984750267163557,-7.746380906188605,24.13981068208078,
2023-12-03 00:00:00,6.699953247253273,-10.590728644267312,22.496455448912478,
2023-12-10 00:00:00,7.283787224476377,-8.413031837337982,23.887490422101052,
2023-12-17 00:00:00,9.244966501192904,-5.837519642800249,25.602780998517296,
2023-12-24 00:00:00,11.103720447497796,-4.801852084037208,26.99952842202494,
2023-12-31 00:00:00,11.47425086282059,-4.696794548017081,27.497176593155423,
2024-01-07 00:00:00,10.039967267543698,-4.913968664340569,27.30215750791105,
2024-01-14 00:00:00,7.640930450821193,-9.914510631915629,23.483277721467815,
2024-01-21 00:00:00,5.552050187466548,-10.198859480638902,22.262075939310794,
2024-01-28 00:00:00,4.670873471144738,-12.053517073810756,19.903380446387537,
2024-02-04 00:00:00,5.171232874851118,-11.077282955493907,21.53821691656161,
2024-02-11 00:00:00,6.5832046596924645,-9.235614018250164,21.922113643857166,
2024-02-18 00:00:00,8.00098147830468,-9.186252303936193,23.94479746592565,
2024-02-25 00:00:00,8.378487347355176,-7.567910656393067,24.361233055177024,
2024-03-03 00:00:00,7.072949272983722,-9.392049982534768,22.40025064279954,
2024-03-10 00:00:00,4.471763411929356,-11.715095927315204,21.16970543261411,
2024-03-17 00:00:00,2.069558368080761,-14.512116248373555,17.727901161171705,
2024-03-24 00:00:00,1.5567995408407995,-15.265322949953191,16.41309619067243,
2024-03-31 00:00:00,3.4356631530498802,-12.522308624411526,20.177240284598653,
2024-04-07 00:00:00,6.416076577912143,-9.38204614212708,22.280526699847552,
2024-04-14 00:00:00,8.354846902798084,-8.49519557474451,24.48453656427546,
2024-04-21 00:00:00,8.047759094816943,-7.151181650022227,25.02385337207462,
2024-04-28 00:00:00,6.234677565442055,-10.218556786388916,22.30399012776377,
2024-05-05 00:00:00,4.841552009018288,-10.772885572640735,20.766905648042112,
2024-05-12 00:00:00,5.1899034848036045,-11.45135277659232,20.15350152385902,
2024-05-19 00:00:00,6.904679291176807,-9.815200036830419,23.09361584787083,
2024-05-26 00:00:00,8.493236058970245,-5.903752144038574,24.65147984608856,
2024-06-02 00:00:00,8.863330816047334,-7.922739503305316,24.755312649158956,
2024-06-09 00:00:00,8.194963441177714,-8.527078331322521,24.463332120502635,
2024-06-16 00:00:00,7.411854413863713,-8.6190199372042,23.605060386920798,
2024-06-23 00:00:00,7.024179551227727,-7.982882753906601,24.138812204683035,
2024-06-30 00:00:00,6.677082625850689,-9.169593871032419,23.87638477101529,
2024-07-07 00:00:00,5.826854166102265,-10.634566915293458,21.186566760709272,
2024-07-14 00:00:00,4.6762513689291225,-12.404030500259566,20.60779393778015,
2024-07-21 00:00:00,4.243727001879371,-12.16410584592045,19.92555360657357,
2024-07-28 00:00:00,5.419173512831561,-11.2382804045859,22.272528292603944,
2024-08-04 00:00:00,7.958716003592789,-8.669162856191942,23.2680998740189,
2024-08-11 00:00:00,10.450587039131381,-5.703247799051777,26.68880096847419,
2024-08-18 00:00:00,11.33819220602855,-4.949418025445304,27.359206221123337,
2024-08-25 00:00:00,10.11331037764634,-6.580861601550172,26.774847232180537,
2024-09-01 00:00:00,7.6895221873315425,-8.304414108029544,24.299193433898395,
2024-09-08 00:00:00,5.713142488830471,-10.275009304630366,21.49817090395665,
2024-09-15 00:00:00,5.419386231731096,-10.953636678637121,21.349080619182363,
2024-09-22 00:00:00,6.907074257273619,-8.29999067600265,22.727494614113674,
2024-09-29 00:00:00,9.28540887759976,-7.040675727497085,24.815978646583034,
2024-10-06 00:00:00,11.4540961024523,-3.8062254666972812,27.209549363801454,
2024-10-13 00:00:00,12.841013975469819,-3.223639526936953,28.075346548897876,
2024-10-20 00:00:00,13.534779536400995,-2.0547373745659847,29.13963001181726,
2024-10-27 00:00:00,13.810816220395168,-2.82608699345084,28.8970264590775,
2024-11-03 00:00:00,13.603143529165013,-1.6591731636474414,29.353612747187707,
2024-11-10 00:00:00,12.516972483183045,-2.273820519962552,29.21653234882352,
2024-11-17 00:00:00,10.415459241773537,-6.621493528005068,26.057065960452295,
2024-11-24 00:00:00,7.955334615642732,-7.563186525359075,24.871507360133265,
2024-12-01 00:00:00,6.387736152594403,-9.067906851262169,24.138007808261726,
2024-12-08 00:00:00,6.634836035011185,-9.370836488872719,22.7547260402433,
2024-12-15 00:00:00,8.441596831339131,-7.253394213587608,23.403734957133647,
2024-12-22 00:00:00,10.439293759192553,-4.92325563939476,26.72280177863817,
2024-12-29 00:00:00,11.136814892595432,-3.5568024543850463,27.783045367289635,
2025-01-05 00:00:00,9.990108161014321,-6.43579689385048,26.517783149276426,
2025-01-12 00:00:00,7.670068666338267,-8.245908164294484,23.521538317851984,
2025-01-19 00:00:00,5.441287962393611,-10.223009785534096,21.034736275170232,
2025-01-26 00:00:00,4.310327400757092,-11.96649642822722,20.785514978925377,
2025-02-02 00:00:00,4.582499348227893,-11.786376063627472,19.597633410471754,
2025-02-09 00:00:00,5.8884756403734535,-10.142843219907128,21.38931314417062,
2025-02-16 00:00:00,7.383347222229622,-8.106457441662673,24.35461601964802,
2025-02-23 00:00:00,8.014448939149627,-7.670850181129822,22.917436554302416,
2025-03-02 00:00:00,7.016875130871062,-9.18232603862576,22.740631804170654,
2025-03-09 00:00:00,4.563051579684021,-11.74773863041997,20.31664323896691,
2025-03-16 00:00:00,1.9884984176110514,-13.409042078407257,17.14791769607594,
2025-03-23 00:00:00,1.05138371802882,-14.84107889316093,17.122661253256535,
2025-03-30 00:00:00,2.549551780018845,-14.470351637496986,18.145017298335343,
2025-04-06 00:00:00,5.488571007345136,-9.772596550705178,21.89491296249187,
2025-04-13 00:00:00,7.75085546577699,-8.707490573001795,22.5652833337314,
2025-04-20 00:00:00,7.846916682240408,-7.764087862787278,23.47673760316636,
2025-04-27 00:00:00,6.173694493893807,-10.71212133534937,21.425552287718567,
2025-05-04 00:00:00,4.5683602559106955,-12.21245681790085,20.911296210490406,
2025-05-11 00:00:00,4.582306370548322,-11.433889423559908,21.0633049243899,
2025-05-18 00:00:00,6.149123934149545,-9.698375532130019,20.704206259044426,
2025-05-25 00:00:00,7.870921034709273,-7.767825038359202,23.323700203102597,
2025-06-01 00:00:00,8.482745554304586,-7.029170185417016,24.199296960391905,
2025-06-08 00:00:00,7.938042954776757,-8.795753957907333,25.5494417590723,
2025-06-15 00:00:00,7.113208831246002,-8.905666827561081,22.524127490405025,
2025-06-22 00:00:00,6.659519330588795,-9.483165722695222,23.234055673026607,
2025-06-29 00:00:00,6.354000387432244,-9.640373118618804,23.048920007703703,
2025-07-06 00:00:00,5.608180869416174,-9.295338689148359,21.407201365793703,
2025-07-13 00:00:00,4.451816929442886,-10.883358524918481,20.547363637327212,
2025-07-20 00:00:00,3.805795892957697,-12.709678116337031,19.069219262439603,
2025-07-27 00:00:00,4.671587787688635,-11.705818820849096,19.137171895753706,
2025-08-03 00:00:00,7.0463711413838706,-9.404489457051014,22.712892502284678,
2025-08-10 00:00:00,9.67460158380537,-6.7715045629415656,25.36133751283085,
2025-08-17 00:00:00,10.927619729270749,-5.474727831502072,27.169226908786513,
2025-08-24 00:00:00,10.050150274379929,-5.526910300785929,26.431701400829247,
2025-08-31 00:00:00,7.725929606286089,-7.9677896329291364,23.594689000998052,
2025-09-07 00:00:00,5.553265058622076,-10.580143469443016,22.582585155383246,
2025-09-14 00:00:00,4.915807259541907,-9.967408033678286,19.838124895872177,
2025-09-21 00:00:00,6.130385297461309,-10.373934101564632,22.9570575217218,
2025-09-28 00:00:00,8.436253766599304,-7.041591552224961,24.826741876216737,
2025-10-05 00:00:00,10.70559627038817,-6.165385363828332,26.836609119849122,
2025-10-12 00:00:00,12.240907324964567,-4.773220230958245,29.35807727741251,
2025-10-19 00:00:00,13.035055191846443,-3.0388678257622637,28.652137696272085,
2025-10-26 00:00:00,13.376723812028526,-3.8218915032773744,30.14465452726062,
2025-11-02 00:00:00,13.280390340718816,-2.311367414593338,28.521280462394742,
2025-11-09 00:00:00,12.378162877287203,-3.620964363391156,28.172944038761862,
2025-11-16 00:00:00,10.435387048264916,-5.846261636598712,25.73229235853389,
2025-11-23 00:00:00,7.955247930714812,-9.014556219576026,25.13714039291368,
2025-11-30 00:00:00,6.136778996615428,-9.109454284693566,22.581037065483443,
2025-12-07 00:00:00,6.038857657128595,-9.480330596684649,19.83767431675973,
2025-12-14 00:00:00,7.6446585550733115,-8.781199817261765,24.47848086633571,
2025-12-21 00:00:00,9.730644285756554,-7.144874833185746,25.65438389228554,
2025-12-28 00:00:00,10.737093040243177,-4.195993159013856,25.879241439389787,
2026-01-04 00:00:00,9.90123232354664,-6.26098446555854,26.273988008614197,
2026-01-11 00:00:00,7.7029612008174855,-8.333348934410672,24.643808188839877,
2026-01-18 00:00:00,5.367520332580021,-10.56259788909803,20.95300970845032,
2026-01-25 00:00:00,3.996301271624601,-12.041540938836874,19.89761970985194,
2026-02-01 00:00:00,4.027956443280759,-11.555328431720572,19.812085746123195,
2026-02-08 00:00:00,5.200397277715881,-11.527223354231456,21.348863318113246,
2026-02-15 00:00:00,6.737519459703169,-9.333490860789752,23.394890299195016,
2026-02-22 00:00:00,7.5959225869654645,-8.86551794497608,23.90750240361442,
2026-03-01 00:00:00,6.910986425679518,-8.865687104002134,22.712060059886706,
2026-03-08 00:00:00,4.649122437625159,-12.484861422325178,21.065560048047654,
2026-03-15 00:00:00,1.9623231633598088,-13.95858187234295,18.765827652519565,
2026-03-22 00:00:00,0.6288359108616355,-15.209346383414573,16.683427258673213,
2026-03-29 00:00:00,1.7127228199484996,-13.515216229013618,17.25502714987271,
2026-04-05 00:00:00,4.537679873709555,-11.175506503373267,20.051712048812497,
2026-04-12 00:00:00,7.072245683594874,-8.904350376699764,22.506433335079407,
2026-04-19 00:00:00,7.585431026024327,-7.777082601986404,23.032117002875246,
2026-04-26 00:00:00,6.115775840109327,-9.42551147076345,22.268252908991993,
2026-05-03 00:00:00,4.35162859174199,-11.594564449259352,19.97229569468384,
2026-05-10 00:00:00,4.028127556960753,-12.699985584247248,20.390340586364335,
2026-05-17 00:00:00,5.398000580225327,-10.885654628744863,20.465293678124716,
2026-05-24 00:00:00,7.209503136825859,-7.635278639315224,22.727248560306545,
2026-05-31 00:00:00,8.062562235549674,-8.740887497915455,24.5604988999035,
2026-06-07 00:00:00,7.672987283733935,-8.271949107415203,24.355822944483883,
2026-06-14 00:00:00,6.829132634223155,-9.165746235756675,22.371200422591077,
2026-06-21 00:00:00,6.300718726349107,-8.667755565311651,22.434805240356123,
2026-06-28 00:00:00,6.014989461807778,-9.569011094967244,21.50299396124857,
2026-07-05 00:00:00,5.373675555277959,-10.653268100450699,21.287023810333544,
2026-07-12 00:00:00,4.2433365982294475,-11.393265849487697,20.40542268499636,
2026-07-19 00:00:00,3.418996993615373,-12.140413347115942,20.215477931789643,
2026-07-26 00:00:00,3.975796162637524,-12.593745989928014,19.675764077326455,
2026-08-02 00:00:00,6.143209840289403,-10.588442726461452,20.781818310232453,
2026-08-09 00:00:00,8.8522421285941,-7.032157390913053,24.240544188754228,
2026-08-16 00:00:00,10.444980530658873,-5.8236636883301856,25.693772792466312,
2026-08-23 00:00:00,9.938274302073578,-5.774777696035187,25.931313529774968,
2026-08-30 00:00:00,7.767837831838657,-7.7191519559364,23.492631984914293,
2026-09-06 00:00:00,5.445415944356473,-10.871507910138277,21.117738792719614,
2026-09-13 00:00:00,4.474334917233268,-11.577955692153992,18.865786255635392,
2026-09-20 00:00:00,5.389468231340672,-10.788435665683014,20.736011534891304,
2026-09-27 00:00:00,7.584612052281781,-8.368006441213371,24.616579795980385,
2026-10-04 00:00:00,9.931652437798377,-5.7510065238676376,25.86185982677112,
2026-10-11 00:00:00,11.616334713693904,-5.385690859365681,27.83599820136572,
2026-10-18 00:00:00,12.521795368465959,-2.7531272179398663,28.558914288653373,
2026-10-25 00:00:00,12.929907005720263,-3.3289687059081103,28.05413345812761,
2026-11-01 00:00:00,12.931641319399565,-2.0008182874624723,30.47211924687111,
2026-11-08 00:00:00,12.20401607790806,-5.074941400790522,28.842851018238576,
2026-11-15 00:00:00,10.436062552283293,-4.713552230987233,25.98611459069,
2026-11-22 00:00:00,7.976572013468424,-7.190084874878298,24.375477627487886,
2026-11-29 00:00:00,5.943774151936511,-11.038757073461525,22.337069138422695,
2026-12-06 00:00:00,5.500715009453426,-11.125388042816649,21.142131943240134,
2026-12-13 00:00:00,6.864000206333486,-8.630311771781567,22.140452059134155,
2026-12-20 00:00:00,8.985239215958636,-6.897845758040653,24.801323430507146,
2026-12-27 00:00:00,10.275051040956502,-5.314799958533751,27.00429674107578,
2027-01-03 00:00:00,9.766861853708374,-5.749602368154456,26.024227421022943,
2027-01-10 00:00:00,7.731949320038838,-7.518190293785359,23.50143720001968,
2027-01-17 00:00:00,5.326405267825711,-11.327440285713763,20.860958334465863,
2027-01-24 00:00:00,3.7288778052879543,-11.944442498259633,19.294961219427726,
2027-01-31 00:00:00,3.511108356855896,-12.36259517172003,18.901685874404016,
2027-02-07 00:00:00,4.524710911491502,-10.8948048725393,20.490993231760406,
2027-02-14 00:00:00,6.069696951572233,-9.391958261439235,23.042368053274437,
2027-02-21 00:00:00,7.125956035736429,-8.914570414687667,23.666247925072508,
2027-02-28 00:00:00,6.75140368099574,-9.750495564481561,22.392539290877757,
2027-03-07 00:00:00,4.7196989423712825,-11.380401114027602,21.11925705542452,
2027-03-14 00:00:00,1.9812420197603373,-14.321946538889772,18.109766914634132,
2027-03-21 00:00:00,0.2884115986877518,-16.775083394642426,15.991793475918598,
2027-03-28 00:00:00,0.9354208859860833,-15.125407949869771,17.264062367852098,
2027-04-04 00:00:00,3.5766907509885897,-11.244348127264288,19.322941398052336,
2027-04-11 00:00:00,6.323985295667416,-8.73410204937241,22.516417231737925,
2027-04-18 00:00:00,7.255870307456716,-9.100303038517737,23.364471614055752,
2027-04-25 00:00:00,6.048379617002476,-9.588195119549248,22.442922098947587,
2027-05-02 00:00:00,4.185267795122817,-11.807739333088357,19.819894063918152,
2027-05-09 00:00:00,3.532375794153408,-12.273271370810871,19.93555762535887,
2027-05-16 00:00:00,4.66129143127122,-11.040337547677353,20.618551400512363,
2027-05-23 00:00:00,6.514106429162597,-10.484223697274004,22.99907055683019,
2027-05-30 00:00:00,7.599567844705112,-7.248020404297161,24.17305303502699,
2027-06-06 00:00:00,7.393616282113836,-9.317919559319144,23.027810784190184,
2027-06-13 00:00:00,6.557762255994465,-10.328311438511232,23.032601045777877,
2027-06-20 00:00:00,5.951286518096975,-9.863998828764899,21.611547437478173,
2027-06-27 00:00:00,5.66322179602248,-9.832923745210547,21.745100593692232,
2027-07-04 00:00:00,5.120727000430769,-12.302987412137206,20.972029042679914,
2027-07-11 00:00:00,4.043697370609376,-11.884411986023643,19.23650946896195,
2027-07-18 00:00:00,3.078689364351183,-13.36787735235891,18.739244351362693,
2027-07-25 00:00:00,3.3351719227425356,-12.605729816872543,20.386643014652716,
2027-08-01 00:00:00,5.259052048960209,-11.00078876771741,21.69695167288262,
2027-08-08 00:00:00,7.992339205699404,-7.837290981217176,25.29129738716092,
2027-08-15 00:00:00,9.891315770260999,-6.995132605317519,26.883917785699165,
2027-08-22 00:00:00,9.770293437756045,-6.241234901703905,24.6243904032287,
2027-08-29 00:00:00,7.8049780380182465,-8.534267624729779,24.223511121524034,
2027-09-05 00:00:00,5.38345926566833,-10.614046630938102,21.059007818311144,
2027-09-12 00:00:00,4.096250580166389,-11.532703490608633,20.822894267957118,
2027-09-19 00:00:00,4.690789834640208,-11.703520231335578,20.774793779068908,
2027-09-26 00:00:00,6.736825001558035,-9.762159442726546,23.325410642336976,
2027-10-03 00:00:00,9.134521298226204,-7.310069525312727,25.743659675060538,
2027-10-10 00:00:00,10.965771547887472,-5.059891364717398,27.56128002026597,
2027-10-17 00:00:00,11.993315786140737,-4.767847326406656,28.49580805862044,
2027-10-24 00:00:00,12.471464651045283,-3.5080964477015044,28.67849583439599,
2027-10-31 00:00:00,12.55970268261749,-4.768986171573847,29.12292331460149,
2027-11-07 00:00:00,11.994785412870161,-4.800674354337339,27.656134565112655,
2027-11-14 00:00:00,10.412365257284364,-5.970194915105662,27.096841078598352,
2027-11-21 00:00:00,8.011270420774812,-8.10136132348875,23.308049107549945,
2027-11-28 00:00:00,5.804163658293254,-9.315632740031319,21.17452587323705,
2027-12-05 00:00:00,5.023846807199835,-10.523955525509763,21.689468250626398,
2027-12-12 00:00:00,6.109078223363992,-10.151571606541147,22.419057080221606,
2027-12-19 00:00:00,8.211493781889681,-8.7792324855196,23.788747184734525,
2027-12-26 00:00:00,9.752101908075625,-6.17425151731419,25.764664178370168,
2028-01-02 00:00:00,9.581341070734194,-6.9102632438922065,27.22925142175465,
2028-01-09 00:00:00,7.749173856828342,-8.763221103416395,24.455938880944583,
2028-01-16 00:00:00,5.312828768514276,-10.895668846826158,21.27450466857448,
2028-01-23 00:00:00,3.507396175863894,-12.843434001146015,19.110910847011642,
2028-01-30 00:00:00,3.0349400022973185,-13.006333681071183,18.63035580745484,
2028-02-06 00:00:00,3.8668493970291795,-12.928945408161635,18.83957212039764,
2028-02-13 00:00:00,5.386206501125303,-10.417712905336845,21.477214079664815,
2028-02-20 00:00:00,6.608484163199261,-9.856168252215816,22.239428929948566,
2028-02-27 00:00:00,6.535628212234704,-8.973794478679494,21.77816746547686,
2028-03-05 00:00:00,4.765304305301218,-11.563274021790331,20.171898782592674,
2028-03-12 00:00:00,2.0346889306938536,-13.05692378266944,18.472535440682076,
2028-03-19 00:00:00,0.027322424083642716,-17.056794358261637,15.88054029676096,
2028-03-26 00:00:00,0.2262571577047261,-16.67681553114112,15.66802974081229,
2028-04-02 00:00:00,2.619228139564152,-15.19208684785276,19.864223000576903,
2028-04-09 00:00:00,5.513154656855637,-10.376358182621324,21.07413669621254,
2028-04-16 00:00:00,6.852774885998242,-10.055510452132129,23.725531050411988,
2028-04-23 00:00:00,5.958994913518326,-10.769946456979369,22.040467239844627,
2028-04-30 00:00:00,4.061378730713388,-12.435313817163259,19.64222010786962,
2028-05-07 00:00:00,3.0982568459277875,-13.41182202447471,20.18013277911706,
2028-05-14 00:00:00,3.9488527710157957,-12.122973245936056,20.800039184817102,
2028-05-21 00:00:00,5.791256921419208,-9.890117513954273,22.958318235719915,
2028-05-28 00:00:00,7.091848827594482,-8.691190092439975,22.38124824646642,
2028-06-04 00:00:00,7.093670319106295,-9.153373605672027,24.23073284264991,
2028-06-11 00:00:00,6.296142256038948,-10.772331721816606,22.586919982615875,
2028-06-18 00:00:00,5.614061149347654,-10.588311486824757,21.09540137252072,
2028-06-25 00:00:00,5.302450935933246,-11.870724404244982,22.09108108083303,
2028-07-02 00:00:00,4.847893717597675,-12.171564308446147,21.37237949018075,
2028-07-09 00:00:00,3.8461669092687423,-12.2055397510162,20.280216508031696,
2028-07-16 00:00:00,2.7792379749793934,-13.0893525342787,18.73576526386065,
2028-07-23 00:00:00,2.7515393114849687,-13.648352565138751,20.81922841385533,
2028-07-30 00:00:00,4.403012868829249,-10.964878688727115,20.55597241209262,
2028-08-06 00:00:00,7.104512909765026,-8.966476908377953,23.274959675713422,
2028-08-13 00:00:00,9.269318552718634,-8.890564274807474,26.115030362437246,
2028-08-20 00:00:00,9.540051040571601,-6.311427357486757,24.627721722731426,
2028-08-27 00:00:00,7.827044826991841,-7.291136490760774,23.260019873427687,
2028-09-03 00:00:00,5.360123317243545,-10.643498243949551,22.00654100510487,
2028-09-10 00:00:00,3.7815266696042187,-13.602425744693061,19.647453615566373,
2028-09-17 00:00:00,4.040247703565187,-12.889784123578814,19.851079472745443,
2028-09-24 00:00:00,5.8996416790250645,-10.128064211833205,22.257639900765263,
2028-10-01 00:00:00,8.317301510085539,-7.403534841255041,24.787946959734885,
2028-10-08 00:00:00,10.288155933324589,-7.379309996899181,26.373632499803172,
2028-10-15 00:00:00,11.447665497912425,-4.92386674577385,28.432499258840053,
2028-10-22 00:00:00,12.00194349647398,-5.021833220631748,28.18430182128505,
2028-10-29 00:00:00,12.167344151227805,-4.05043055864294,29.30603723385262,
2028-11-05 00:00:00,11.751498920023128,-5.578679783603544,28.03948610461499,
2028-11-12 00:00:00,10.36012428756921,-6.1308085111936705,26.551134862086506,
2028-11-19 00:00:00,8.051409638268197,-7.472185028658728,24.004590132184646,
2028-11-26 00:00:00,5.712297200379345,-12.136826441463228,20.618403785830417,
2028-12-03 00:00:00,4.61020029525066,-12.196041719073776,20.822219729910362,
2028-12-10 00:00:00,5.388713417403846,-11.037607268423823,22.407051911358202,
2028-12-17 00:00:00,7.418567037606564,-9.360334470978593,22.959754881462725,
2028-12-24 00:00:00,9.171107120042853,-7.648877397584602,24.965195805184813,
2028-12-31 00:00:00,9.340006417351917,-7.818474398141081,24.11132061365359,
2029-01-07 00:00:00,7.746742579928831,-9.340522217039698,23.740964548912235,
2029-01-14 00:00:00,5.32095625090564,-11.328074045974763,20.706623546884302,
2029-01-21 00:00:00,3.3304192473192398,-13.158140653072973,20.387977135325276,
2029-01-28 00:00:00,2.6018790328540398,-14.976037616161616,19.077901571952175,
2029-02-04 00:00:00,3.23189279651392,-14.01590975907352,20.371200090706793,
2029-02-11 00:00:00,4.693396184239447,-11.626715258541488,21.468278601408127,
2029-02-18 00:00:00,6.048187254355346,-11.87771333228109,22.08216785739601,
2029-02-25 00:00:00,6.262514970360243,-10.285971346951634,22.45688310516549,
2029-03-04 00:00:00,4.77745920065969,-10.904910260569103,21.969939317996094,
2029-03-11 00:00:00,2.111629663527401,-14.563379163042807,17.704976682868132,
2029-03-18 00:00:00,0.0,-16.601583959009393,15.581165525936706,
2029-03-25 00:00:00,0.0,-16.112760126877465,15.97265497791438,
2029-04-01 00:00:00,1.6788529023493126,-14.445725588171197,18.32099624109593,
2029-04-08 00:00:00,4.648737612370429,-12.592048219730945,20.856162545621338,
2029-04-15 00:00:00,6.3728481031168105,-9.2071690840916,23.094419256256167,
2029-04-22 00:00:00,5.835547776973982,-10.211415033569004,20.880017791614957,
2029-04-29 00:00:00,3.9704765800897306,-12.438600708034457,20.39369461793872,
2029-05-06 00:00:00,2.727014903718146,-13.77952448256988,17.47066242732247,
2029-05-13 00:00:00,3.2700653784472085,-12.912439730252192,19.689231593521118,
2029-05-20 00:00:00,5.048706929189741,-11.056430481557697,21.908851942199988,
2029-05-27 00:00:00,6.538939060825291,-10.58750898269318,22.353804260705516,
2029-06-03 00:00:00,6.7670806223655315,-10.445425136192917,23.442653678627956,
2029-06-10 00:00:00,6.040311092934388,-10.97667629134854,22.7843921089667,
2029-06-17 00:00:00,5.291036321348129,-11.395489613377144,21.777649629722564,
2029-06-24 00:00:00,4.936795305294144,-11.067841310212806,20.500138293316965,
2029-07-01 00:00:00,4.554899672202158,-11.853691814561206,21.5640463461091,
2029-07-08 00:00:00,3.644616906386293,-13.614968654524972,19.630978672800925,
2029-07-15 00:00:00,2.5142358941183502,-13.479075330647934,17.45021491844863,
2029-07-22 00:00:00,2.22516815834328,-14.301836480871433,18.362921837666377,
2029-07-29 00:00:00,3.583268388859233,-14.076238122386311,19.061386471222278,
2029-08-05 00:00:00,6.1989180209780255,-9.41220921010402,22.606045649143226,
2029-08-12 00:00:00,8.583269751145263,-7.904693902905041,25.48125670772383,
2029-08-19 00:00:00,9.242785014171798,-7.128248844649974,25.235609364641263,
2029-08-26 00:00:00,7.8239409033762435,-8.641999080282687,24.34307006897662,
2029-09-02 00:00:00,5.367141911017095,-11.628784114353177,22.055221945102133,
2029-09-09 00:00:00,3.5287793282309057,-12.398160768814382,19.96819539871088,
2029-09-16 00:00:00,3.442996018211911,-13.33028350079519,19.864417658501424,
2029-09-23 00:00:00,5.080065531958013,-11.121853677875077,21.201791433492314,
2029-09-30 00:00:00,7.483917997711414,-10.023512524339523,23.778327556135984,
2029-10-07 00:00:00,9.58300372822367,-7.695610103936591,26.96512888783078,
2029-10-14 00:00:00,10.882746175351688,-5.99657825437184,27.925845455871944,
2029-10-21 00:00:00,11.521329755361716,-5.340613594826014,28.58953495574706,
2029-10-28 00:00:00,11.757160115844831,-4.921010647783671,29.20518545383731,
2029-11-04 00:00:00,11.475835805474338,-5.1797537939934095,27.378196631748803,
2029-11-11 00:00:00,10.276164706911466,-5.174921915550666,25.581944491033262,
2029-11-18 00:00:00,8.08936768016247,-8.142418016400104,24.418133284742744,
2029-11-25 00:00:00,5.661617504085607,-10.408633024455238,23.119193579349137,
2029-12-02 00:00:00,4.260207570968198,-12.705495364276391,20.44994992687223,
2029-12-09 00:00:00,4.710865529749984,-10.70559020024018,22.35797473732142,
2029-12-16 00:00:00,6.616133944872546,-9.482709044140535,23.023737675722067,
2029-12-23 00:00:00,8.536337538223254,-8.455719526539738,24.24297822669378,
2029-12-30 00:00:00,9.039337353747717,-9.00729272099614,23.538694978199825,
2030-01-06 00:00:00,7.7169102913752905,-8.55342398178444,24.28473648645502,
2030-01-13 00:00:00,5.344306078438322,-9.720111556131549,21.471156827583883,
2030-01-20 00:00:00,3.1957092567719716,-13.921347818514562,19.605622395296052,
2030-01-27 00:00:00,2.213755789109195,-14.192093188060298,18.10154365688804,
2030-02-03 00:00:00,2.62452940459049,-14.691826574200316,18.507655359413803,
2030-02-10 00:00:00,3.997541794793859,-13.430035868553347,20.679660496901484,
2030-02-17 00:00:00,5.450346933917517,-12.288349743296369,22.010184566603904,
2030-02-24 00:00:00,5.932212626347251,-9.568246133906428,24.02653309168415,
2030-03-03 00:00:00,4.748839687448438,-11.85082554792076,21.750933595142808,
2030-03-10 00:00:00,2.2008685135665527,-14.410335734024894,18.864995922814117,
2030-03-17 00:00:00,0.0,-17.36407790455242,16.560365207259448,
2030-03-24 00:00:00,0.0,-18.653918699897222,16.353188906305846,
2030-03-31 00:00:00,0.768668550176848,-15.477856441170122,18.44933105506559,
2030-04-07 00:00:00,3.741353124649679,-13.377143252928455,19.42421475230939,
2030-04-14 00:00:00,5.81507785266305,-10.006260421946937,22.3239353024659,
2030-04-21 00:00:00,5.666796867882255,-11.352942239150003,21.83542432617975,
2030-04-28 00:00:00,3.9017727974527183,-13.050580687401435,20.389339841403107,
2030-05-05 00:00:00,2.4178389677563086,-14.921230017217656,19.62684088999483,
2030-05-12 00:00:00,2.633491917374929,-14.92380982586526,19.36280170676394,
2030-05-19 00:00:00,4.295207046506819,-12.586332358312127,21.335528869266366,
2030-05-26 00:00:00,5.941916091758596,-10.803132908661809,22.776575571370557,
2030-06-02 00:00:00,6.408242315205285,-10.400555501115239,22.62200095959651,
2030-06-09 00:00:00,5.785435114895982,-11.157563345155694,22.003349668717295,
2030-06-16 00:00:00,4.983223449876311,-12.361633213716374,20.98456394755936,
2030-06-23 00:00:00,4.570506858880616,-11.724361176309525,21.310501703057653,
2030-06-30 00:00:00,4.2425820291245575,-11.790126411328359,20.92751296200032,
2030-07-07 00:00:00,3.4337179324011746,-13.882976094940133,18.321903290328226,
2030-07-14 00:00:00,2.276747265814725,-14.346780167010639,19.940964570458902,
2030-07-21 00:00:00,1.754817091054889,-14.199797237377275,18.38081328313682,
2030-07-28 00:00:00,2.8068510138216354,-13.444918269956087,18.34595125887086,
2030-08-04 00:00:00,5.285974303875179,-10.120950805333266,21.570612984872337,
2030-08-11 00:00:00,7.838930921360909,-9.1423915863239,25.509767476542386,
2030-08-18 00:00:00,8.875256257333053,-7.741118043262457,25.550158895172174,
2030-08-25 00:00:00,7.786021651787419,-9.544934698169087,24.94062873418541,
2030-09-01 00:00:00,5.39542462213517,-11.51749180007641,22.165348251855377,
2030-09-08 00:00:00,3.3352542215125958,-12.579045661340764,19.916721639245658,
2030-09-15 00:00:00,2.9032842005973905,-12.493416685738481,19.611111875972306,
2030-09-22 00:00:00,4.28518620889799,-12.413921169181211,20.26892235680102,
2030-09-29 00:00:00,6.639077955508062,-10.943748123055315,23.655611038295568,
2030-10-06 00:00:00,8.850507064584429,-9.424165370207913,23.35692538508963,
2030-10-13 00:00:00,10.296442189288697,-6.390087627826301,26.560435341635966,
2030-10-20 00:00:00,11.029068628233876,-5.934859320592707,27.100696118284596,
2030-10-27 00:00:00,11.33144661180567,-4.71356571495291,27.38863554960021,
2030-11-03 00:00:00,11.16998647350393,-5.3038692146970945,27.794464507287035,
2030-11-10 00:00:00,10.15831790198537,-7.4660072789006975,26.706303647974288,
2030-11-17 00:00:00,8.118023672016623,-8.643335846901852,24.318098769197302,
2030-11-24 00:00:00,5.644866637797456,-10.85440808910014,23.53825165332254,
2030-12-01 00:00:00,3.9728057301991964,-12.260917148862461,20.990342237267082,
2030-12-08 00:00:00,4.082432837258196,-11.871947303608462,21.12638514120715,
2030-12-15 00:00:00,5.814140415829469,-10.480241505962919,22.084868205016228,
2030-12-22 00:00:00,7.853393996993942,-9.456093040889993,24.32039670757294,
2030-12-29 00:00:00,8.677082538735242,-8.28441892771951,24.529359963018145,
2031-01-05 00:00:00,7.652266963633858,-8.541112449633818,24.180967809485338,
2031-01-12 00:00:00,5.375845753763841,-11.095739288656958,21.90625437988664,
2031-01-19 00:00:00,3.1002150057625713,-13.444145832713414,19.708807596627715,
2031-01-26 00:00:00,1.8717617291859447,-15.816296189789615,19.33601941080914,
2031-02-02 00:00:00,2.049019906156957,-15.290217442490988,19.411197121263942,
2031-02-09 00:00:00,3.3047663892347074,-12.329353813391407,20.70085138211448,
2031-02-16 00:00:00,4.820704443442265,-12.06090920459954,21.9756251703841,
2031-02-23 00:00:00,5.546075794560517,-11.193001318569362,23.270435023654958,
2031-03-02 00:00:00,4.673393678065992,-11.388923165570386,20.965385192146375,
2031-03-09 00:00:00,2.291344917684773,-13.29982913162117,19.026456686021646,
2031-03-16 00:00:00,0.0,-17.270618554419546,17.513647052492242,
2031-03-23 00:00:00,0.0,-18.681196152101894,14.805764364230901,
2031-03-30 00:00:00,0.0,-17.177226132322392,17.66510210266087,
2031-04-06 00:00:00,2.802936952331498,-14.805016833933802,19.95871398415765,
2031-04-13 00:00:00,5.180784902652729,-11.807753360080557,21.148044021959173,
2031-04-20 00:00:00,5.44270532169657,-11.12457234822038,22.44553108425344,
2031-04-27 00:00:00,3.843505648197862,-14.66585902181367,21.222656833449474,
2031-05-04 00:00:00,2.1678386948641784,-15.703193001259226,19.43426575669038,
2031-05-11 00:00:00,2.046554079178412,-14.054027476928571,19.181634166247996,
2031-05-18 00:00:00,3.5402330238863904,-12.690535889695255,20.30634626660829,
2031-05-25 00:00:00,5.303440363306935,-11.182151241319154,21.756891908970417,
2031-06-01 00:00:00,6.012279009927338,-10.361965598679621,22.366091634799584,
2031-06-08 00:00:00,5.525986170570288,-11.188130773292954,22.035341091125492,
2031-06-15 00:00:00,4.69055731459115,-13.92068813567009,21.05857368648641,
2031-06-22 00:00:00,4.207734717025957,-13.10449491383929,20.764020215300725,
2031-06-29 00:00:00,3.912793272266974,-13.139615639532433,19.66969738071515,
2031-07-06 00:00:00,3.2090987602981595,-14.340282188724398,19.766194770410976,
2031-07-13 00:00:00,2.059562427980836,-16.562963663356587,19.303574026021177,
2031-07-20 00:00:00,1.337823721767574,-15.549687972026991,18.590203128628335,
2031-07-27 00:00:00,2.0794806814389553,-14.529750110459442,18.651500896274264,
2031-08-03 00:00:00,4.3760898232645875,-11.729359112117866,21.483151815389697,
2031-08-10 00:00:00,7.04339672299311,-10.210991455582853,25.0701071328429,
2031-08-17 00:00:00,8.43583922973723,-8.405617474606263,26.42321196076538,
2031-08-24 00:00:00,7.704333111883873,-10.388179566536863,24.0691026309184,
2031-08-31 00:00:00,5.4352522475949545,-12.589808781727577,23.63787240618263,
2031-09-07 00:00:00,3.1968467857659864,-13.853034907149755,20.207447997830954,
2031-09-14 00:00:00,2.4243132574301995,-15.155805884945881,20.537593095410077,
2031-09-21 00:00:00,3.5220010854389603,-13.802295573666896,20.305264012389454,
2031-09-28 00:00:00,5.788199195685744,-12.12906039735675,23.565182662792644,
2031-10-05 00:00:00,8.091612521546354,-9.4154376603558,26.150911471781413,
2031-10-12 00:00:00,9.686756535205733,-7.189740208772047,25.866566064592067,
2031-10-19 00:00:00,10.52411060811896,-6.045878980408919,26.794026385061848,
2031-10-26 00:00:00,10.892098444409076,-5.748877783306348,27.02199033119119,
2031-11-02 00:00:00,10.83650200570887,-6.069908810332521,28.3113399554191,
2031-11-09 00:00:00,10.005397120325739,-6.957139372409102,28.468659561049428,
2031-11-16 00:00:00,8.130922787890773,-8.322441130810919,26.101306810054552,
2031-11-23 00:00:00,5.654306118104861,-11.160184063743912,23.238801803248354,
2031-11-30 00:00:00,3.745499609972331,-14.113931570290447,20.00257118883293,
2031-12-07 00:00:00,3.5090829504860945,-12.733739177751435,22.347260124328997,
2031-12-14 00:00:00,5.0225486296787345,-11.902642578390697,21.731832756269508,
2031-12-21 00:00:00,7.129088876008785,-10.026431624316373,24.71714612769958,
2031-12-28 00:00:00,8.252356180840943,-8.710390032420467,26.735457459041662,
2032-01-04 00:00:00,7.545928562468262,-9.189479501482214,24.214963146277864,
2032-01-11 00:00:00,5.408110366085783,-12.473798557138622,22.665048062417597,
2032-01-18 00:00:00,3.040073576494713,-15.520451264919647,21.07755278663505,
2032-01-25 00:00:00,1.5764075659827625,-15.878473299739735,19.029570438174076,
2032-02-01 00:00:00,1.5091626791598642,-15.111488201981583,17.980677383621813,
2032-02-08 00:00:00,2.6209720690388867,-14.469693192909762,20.25852520220929,
2032-02-15 00:00:00,4.165325218397214,-12.275357637021123,22.24069448720744,
2032-02-22 00:00:00,5.106554842192756,-11.74910781885579,21.95841857449749,
2032-02-29 00:00:00,4.546415374038682,-13.335079976630478,21.941982476092797,
2032-03-07 00:00:00,2.372411317806856,-15.644989669469535,20.688520078336374,
2032-03-14 00:00:00,0.0,-18.034154475410663,17.474163346940482,
2032-03-21 00:00:00,0.0,-19.108264919376378,15.810502499995964,
2032-03-28 00:00:00,0.0,-18.41825716281615,16.925327526413575,
2032-04-04 00:00:00,1.8463842847772423,-16.30345634097996,20.460533776968024,
2032-04-11 00:00:00,4.473596505136676,-13.711266439647126,22.20373667336144,
2032-04-18 00:00:00,5.15477605780435,-13.00078641729835,22.375406907379865,
2032-04-25 00:00:00,3.783308378826817,-14.393625532605316,21.982509326179695,
2032-05-02 00:00:00,1.9720917353805678,-15.721475777121892,17.92598976091827,
2032-05-09 00:00:00,1.515241736342606,-16.056460386537925,17.932247342832344,
2032-05-16 00:00:00,2.7936767172705945,-14.284324783598212,19.911516105529568,
2032-05-23 00:00:00,4.627734262261676,-13.289260420049697,22.543776683222852,
2032-05-30 00:00:00,5.575287925426538,-11.855994428809943,22.80818568504008,
2032-06-06 00:00:00,5.255956383365287,-13.840169107204538,22.667552094584245,
2032-06-13 00:00:00,4.411849554665958,-13.50530357713414,22.61182573007594,
2032-06-20 00:00:00,3.852293671476243,-14.443690258811724,20.69544321619662,
2032-06-27 00:00:00,3.568261827847591,-14.379185501208038,21.893191249316004,
2032-07-04 00:00:00,2.9674644621352186,-15.057712289795273,20.0026676622631,
2032-07-11 00:00:00,1.8554560626699264,-15.909087563992042,19.69540462033758,
2032-07-18 00:00:00,0.9702385899021735,-16.69931336603535,19.540003170833607,
2032-07-25 00:00:00,1.4054372725798316,-14.332826470510103,18.79498305857063,
2032-08-01 00:00:00,3.479385463824414,-13.742200882160006,20.100799063153055,
2032-08-08 00:00:00,6.204910517213337,-11.335688325791825,23.372833673861358,
2032-08-15 00:00:00,7.924571431557409,-9.235935922617053,25.537017496045106,
2032-08-22 00:00:00,7.570836844080352,-10.370002384232166,25.466382405302554,
2032-08-29 00:00:00,5.476493009478711,-12.372499598604517,24.80245886533188,
2032-09-05 00:00:00,3.10815736498801,-14.986420905560006,20.447531960614278,
2032-09-12 00:00:00,2.0081142207982374,-15.287597546247778,20.38157475222113,
2032-09-19 00:00:00,2.7972313297613223,-13.81540557288632,20.907251580423083,
2032-09-26 00:00:00,4.937312322832138,-13.283171620619072,21.896899763593524,
2032-10-03 00:00:00,7.308075791363576,-10.839063602062328,23.67957319948615,
2032-10-10 00:00:00,9.051947482594235,-8.176086161476444,27.32569291895169,
2032-10-17 00:00:00,10.004982441099807,-7.49010666576336,27.562358120935748,
2032-10-24 00:00:00,10.440529956327127,-7.8557600195490345,28.279767942235445,
2032-10-31 00:00:00,10.478139175742221,-6.428313790550142,28.990238505223182,
2032-11-07 00:00:00,9.817140455003269,-9.363177778080068,26.748817747259118,
2032-11-14 00:00:00,8.122411911060343,-10.793040020587895,24.797833271837796,
2032-11-21 00:00:00,5.681943390628392,-11.479442664309332,24.54166404228224,
2032-11-28 00:00:00,3.574464494924385,-14.194863678923415,20.816572868311237,
2032-12-05 00:00:00,2.995119914774895,-15.103578484655511,21.023207991060218,
2032-12-12 00:00:00,4.251080355101676,-12.937181746592444,21.279528367375256,
2032-12-19 00:00:00,6.3712913202597345,-10.950313918986463,23.846270088554327,
2032-12-26 00:00:00,7.76570024960904,-10.899602018014978,25.01190046709016,
2033-01-02 00:00:00,7.391724719251812,-11.54374562380234,24.493635994341705,
2033-01-09 00:00:00,5.433341909932514,-12.718897803958942,22.640999611971537,
2033-01-16 00:00:00,3.0106293552396686,-15.644094537183154,21.377268091393464,
2033-01-23 00:00:00,1.32748294969808,-16.71745632345093,20.504723859914883,
2033-01-30 00:00:00,1.0082586284752217,-17.518168782141874,18.754481300488706,
2033-02-06 00:00:00,1.9517825326723095,-15.740819377931249,20.216159017712606,
2033-02-13 00:00:00,3.4904728747185345,-15.343633847276674,21.351241560611165,
2033-02-20 00:00:00,4.617069011081057,-14.28816215625437,22.792834759311173,
2033-02-27 00:00:00,4.3645785966174095,-12.660763015213437,23.19494012767602,
2033-03-06 00:00:00,2.434084731556146,-15.860681319015203,19.822221534878334,
2033-03-13 00:00:00,0.0,-16.51863292739991,17.885055636231687,
2033-03-20 00:00:00,0.0,-21.374764922260038,15.37467325821805,
2033-03-27 00:00:00,0.0,-19.369360834116694,15.209414988847373,
2033-04-03 00:00:00,0.8851654309174108,-17.031286093729765,19.7281973771138,
2033-04-10 00:00:00,3.699346418406469,-14.707584962670563,21.99829885440419,
2033-04-17 00:00:00,4.796339042251137,-14.752646600744523,21.11956388533931,
2033-04-24 00:00:00,3.708602649495198,-15.130382518145037,22.057030594412073,
2033-05-01 00:00:00,1.8237620073404948,-16.41924464224864,18.51491403044836,
2033-05-08 00:00:00,1.043865375281424,-18.111308241826766,18.243104844033947,
2033-05-15 00:00:00,2.0655118221719047,-15.037669312736622,19.71677654886763,
2033-05-22 00:00:00,3.920500113556221,-13.99936149532834,21.963501342065094,
2033-05-29 00:00:00,5.094555042200945,-12.332988285098512,21.94400784216237,
2033-06-05 00:00:00,4.969102001007391,-14.582822694067215,21.51210167632729,
2033-06-12 00:00:00,4.1447927787233265,-13.80405072347348,22.225037123267686,
2033-06-19 00:00:00,3.507447347862019,-13.589882959843145,20.664298152817974,
2033-06-26 00:00:00,3.212416970306199,-14.927327581356874,19.99678664865733,
2033-07-03 00:00:00,2.706669110999993,-15.511161886321009,20.55329489272347,
2033-07-10 00:00:00,1.6574391285663168,-14.443223945720188,20.386343563879702,
2033-07-17 00:00:00,0.6469981259672082,-17.6599123106738,19.055704453792416,
2033-07-24 00:00:00,0.7874782277320236,-17.90997737893805,18.87360755837556,
2033-07-31 00:00:00,2.605428929206548,-16.746519563594557,20.369918837291117,
2033-08-07 00:00:00,5.332647987352264,-12.119545463362144,22.08607268262594,
2033-08-14 00:00:00,7.343159693614689,-8.951785472934827,25.43839875266344,
2033-08-21 00:00:00,7.378615360570853,-10.648220540345697,24.235694691956816,
2033-08-28 00:00:00,5.508834352505213,-11.764726114960059,25.28201986894704,
2033-09-04 00:00:00,3.062580766141256,-14.978638817089386,21.22034787914646,
2033-09-11 00:00:00,1.655452603286733,-16.30282869716787,20.19273188960104,
2033-09-18 00:00:00,2.117137571762173,-15.430583872163599,21.248520931812152,
2033-09-25 00:00:00,4.092939015126072,-13.486234107466725,22.843683709871517,
2033-10-02 00:00:00,6.502490425635907,-11.01967361511759,24.87739431639549,
2033-10-09 00:00:00,8.390660829106423,-10.979114987592016,25.81786611708779,
2033-10-16 00:00:00,9.46987975389658,-8.287323730763397,27.87989644540999,
2033-10-23 00:00:00,9.97762197658179,-8.611946753064668,28.818846490848173,
2033-10-30 00:00:00,10.097707071114893,-7.986620767207949,28.006381708558557,
2033-11-06 00:00:00,9.59412465832832,-8.92332682641344,26.73363885062285,
2033-11-13 00:00:00,8.08774252773424,-10.293921499291471,26.34998384447958,
2033-11-20 00:00:00,5.719757194681023,-12.274658228371216,23.489158293518763,
2033-11-27 00:00:00,3.4546848526806535,-14.643295210777826,21.44564006001378,
2033-12-04 00:00:00,2.543391510578747,-15.626729835017063,20.603208588172425,
2033-12-11 00:00:00,3.5089661540817705,-13.597812672013024,21.70700448261292,
2033-12-18 00:00:00,5.58874006352262,-11.676754562824971,22.870862901213517,
2033-12-25 00:00:00,7.219109239956911,-12.271130034030726,25.868118132925545,
2034-01-01 00:00:00,7.1843771458066765,-10.32999438319683,26.983253370666226,
2034-01-08 00:00:00,5.443647099277264,-12.67885016529107,23.23457200721489,
2034-01-15 00:00:00,3.0064727239690043,-15.10377584530995,21.697416721706173,
2034-01-22 00:00:00,1.1240200567355494,-17.48771016319498,20.09284367270319,
2034-01-29 00:00:00,0.5490744414511077,-17.543424634027144,19.915459358579323,
2034-02-05 00:00:00,1.3024944859076157,-16.21143331514828,18.9729082014553,
2034-02-12 00:00:00,2.8024948039536017,-15.211184706529938,21.465044896719675,
2034-02-19 00:00:00,4.081868592572201,-14.854443907234273,22.244719932723747,
2034-02-26 00:00:00,4.125931310166058,-15.164336063706994,21.986427425875924,
2034-03-05 00:00:00,2.4672658232006555,-14.625270955749254,20.46890724820416,
2034-03-12 00:00:00,0.0,-18.180901756845135,17.681767410991764,
2034-03-19 00:00:00,0.0,-22.03215205021777,14.910234261555608,
2034-03-26 00:00:00,0.0,-20.550073894577547,15.202759049569675,
2034-04-02 00:00:00,0.0,-17.963566552144496,18.728845826589644,
2034-04-09 00:00:00,2.865904993387163,-14.488805009405898,20.935274700466884,
2034-04-16 00:00:00,4.362780688940067,-14.393636168178727,23.269622622443276,
2034-04-23 00:00:00,3.6070038894834013,-15.54564268531804,21.972814350912515,
2034-04-30 00:00:00,1.7142857806165708,-16.42362338772301,20.207110538776938,
2034-05-07 00:00:00,0.6348616515328125,-19.849198373575287,18.389260964451008,
2034-05-14 00:00:00,1.3654462690293094,-17.709071448927094,19.15317746412934,
2034-05-21 00:00:00,3.1887785993745794,-15.527196391968342,20.460232962436244,
2034-05-28 00:00:00,4.568730777244848,-14.135568708166144,24.21830280096193,
2034-06-04 00:00:00,4.65920689637937,-14.367994284850806,23.256228069706644,
2034-06-11 00:00:00,3.886016032874066,-14.263651611286132,23.2980997427733,
2034-06-18 00:00:00,3.175715316741268,-17.051831143518147,22.571577805717578,
2034-06-25 00:00:00,2.8491852314882973,-15.46052354832035,21.512714776472528,
2034-07-02 00:00:00,2.4257406319962076,-16.75524708084497,22.098689692838708,
2034-07-09 00:00:00,1.4589955229828355,-18.034381109874115,20.21915760191765,
2034-07-16 00:00:00,0.36213052642102994,-17.136383520979106,18.437975613756777,
2034-07-23 00:00:00,0.22680393169848045,-18.729347674408164,18.497657151067152,
2034-07-30 00:00:00,1.7629863184594683,-15.552492407992911,19.786053188812136,
2034-08-06 00:00:00,4.436474687576954,-13.723325949144638,22.358224659664785,
2034-08-13 00:00:00,6.694942371198739,-12.13080670613364,25.660407969777694,
2034-08-20 00:00:00,7.122052162876406,-12.091914540344842,25.59413137859154,
2034-08-27 00:00:00,5.522024619853115,-13.12391799326398,22.964875241285064,
2034-09-03 00:00:00,3.052428838060541,-16.57409539726147,20.986411249856776,
2034-09-10 00:00:00,1.3657621781133145,-16.358205210942575,19.22588936871568,
2034-09-17 00:00:00,1.4873403383110002,-17.034824484267272,19.595593739213445,
2034-09-24 00:00:00,3.2619494221210577,-16.60988348198342,21.259757101434776,
2034-10-01 00:00:00,5.678289061960319,-11.867978204502336,24.347448376781717,
2034-10-08 00:00:00,7.702052808505055,-9.24922072133386,27.330845609806662,
2034-10-15 00:00:00,8.916777620464709,-9.861637506667385,27.07769793033271,
2034-10-22 00:00:00,9.503696471488386,-9.146256354857464,28.144116671886767,
2034-10-29 00:00:00,9.697921161616662,-9.21167537769562,28.59261000792887,
2034-11-05 00:00:00,9.33765410811202,-10.640489138353129,27.61409979795527,
2034-11-12 00:00:00,8.023138601945528,-10.285212793355456,26.204871685900628,
2034-11-19 00:00:00,5.759914523789607,-13.208108725162592,25.524643459436238,
2034-11-26 00:00:00,3.3801240127992607,-15.21943775377753,21.71304973019165,
2034-12-03 00:00:00,2.1552393003461674,-16.448453202829253,19.875288069369727,
2034-12-10 00:00:00,2.80470820855143,-16.919668618728284,23.460691193660928,
2034-12-17 00:00:00,4.790828984309707,-14.829381031947538,24.991230401264914,
2034-12-24 00:00:00,6.616015345044676,-12.063739367155428,26.52180540415742,
2034-12-31 00:00:00,6.919662645944321,-11.532008559947425,25.64694951849948,
2035-01-07 00:00:00,5.4311703413158305,-13.74195492068419,24.847918656823392,
2035-01-14 00:00:00,3.0215001870653406,-16.283720467366702,22.337004747207757,
2035-01-21 00:00:00,0.964263842865769,-17.863194446762332,20.33771231771167,
2035-01-28 00:00:00,0.1338037573553592,-18.530044598942784,16.93919499136483,
2035-02-04 00:00:00,0.6780357376264092,-18.510997076429316,19.84795072939764,
2035-02-11 00:00:00,2.10772065099718,-16.96370485974771,21.199012659046126,
2035-02-18 00:00:00,3.505891662120101,-14.693872817251066,23.175499538685656,
2035-02-25 00:00:00,3.8298548206126863,-15.879848433874134,23.42991187558625,
2035-03-04 00:00:00,2.463920760397766,-16.500878416682827,20.25701605767102,
2035-03-11 00:00:00,0.0,-19.720055708343505,19.797481858926773,
2035-03-18 00:00:00,0.0,-22.06027494061321,15.623136588192503,
2035-03-25 00:00:00,0.0,-22.166339859532652,17.43897146963256,
2035-04-01 00:00:00,0.0,-21.117727690752123,18.39691140364919,
2035-04-08 00:00:00,1.9829453513862472,-17.859512280545562,20.62993791785961,
2035-04-15 00:00:00,3.8517076108692745,-15.760608853100504,22.585116639535734,
2035-04-22 00:00:00,3.4667247477828074,-15.93673764773406,22.41863218822681,
2035-04-29 00:00:00,1.6336199645968108,-17.980680195435216,20.60888453134002,
2035-05-06 00:00:00,0.2886600990182693,-18.940246760679077,19.21814487343391,
2035-05-13 00:00:00,0.7025738806971802,-17.872324660966907,19.29341006037901,
2035-05-20 00:00:00,2.4407514201024565,-17.039768709137423,21.259169222284132,
2035-05-27 00:00:00,3.9979580230217397,-14.481017980773313,23.70207113684524,
2035-06-03 00:00:00,4.320355313387143,-14.116391634309135,22.97983133994603,
2035-06-10 00:00:00,3.631190286093574,-16.375933557432635,22.77361699301736,
2035-06-17 00:00:00,2.8587125764750816,-16.88986023243169,23.695985530876904,
2035-06-24 00:00:00,2.4827667102437925,-16.287697770412894,21.231533903830503,
2035-07-01 00:00:00,2.124857168033758,-18.27313816355427,21.519664072470004,
2035-07-08 00:00:00,1.2542949527508647,-18.799744211073108,20.9253977226349,
2035-07-15 00:00:00,0.10898725279172083,-18.57949516647106,18.831085963050526,
2035-07-22 00:00:00,0.0,-20.003672039024085,18.219218506666174,
2035-07-29 00:00:00,0.9597989302385805,-17.44758009360201,20.256983349680088,
2035-08-05 00:00:00,3.526684327509832,-16.35286818296645,21.84131442338818,
2035-08-12 00:00:00,5.984807796277295,-13.563498957555854,23.84381582730915,
2035-08-19 00:00:00,6.796980976498661,-13.715395332047542,24.566390976802506,
2035-08-26 00:00:00,5.506118461995955,-15.229071593730009,24.768655342800866,
2035-09-02 00:00:00,3.069083765118913,-16.06531697936845,20.928501464123947,
2035-09-09 00:00:00,1.1371106922402383,-18.19749428263933,20.8169464802074,
2035-09-16 00:00:00,0.9126503807895539,-19.48075928059264,20.2591164980556,
2035-09-23 00:00:00,2.4514023344129416,-16.9445081907842,21.32385951567671,
2035-09-30 00:00:00,4.839716384535576,-15.168952972345213,23.039958511196545,
2035-10-07 00:00:00,6.9858990265505785,-13.877083873657583,25.59225443678335,
2035-10-14 00:00:00,8.343554741563727,-11.548094063000416,27.381111723565255,
2035-10-21 00:00:00,9.018519369830322,-11.62057440917598,28.421190713076,
2035-10-28 00:00:00,9.28127021901827,-11.028207758804147,28.62705828643248,
2035-11-04 00:00:00,9.049630011931878,-11.485346600114845,28.313146349672106,
2035-11-11 00:00:00,7.925828469728536,-10.970062854340036,27.048040855263913,
2035-11-18 00:00:00,5.794972350816305,-13.294244711484343,25.129225726835756,
2035-11-25 00:00:00,3.3439187451443377,-15.667365691883202,23.411223650959116,
2035-12-02 00:00:00,1.830492534933322,-17.340771777502642,21.054423348627058,
2035-12-09 00:00:00,2.145864102033851,-17.48018597079707,21.869281588127265,
2035-12-16 00:00:00,3.987371533660026,-16.09128322228968,23.540942422227385,
2035-12-23 00:00:00,5.961233173728452,-13.614109445869016,25.88441618238244,
2035-12-30 00:00:00,6.59455478112111,-13.29229178515888,25.280798154289982,
2036-01-06 00:00:00,5.388277653356967,-13.917941196689625,23.84183764164429,
2036-01-13 00:00:00,3.0489969548795983,-17.50629964041423,21.8505671673424,
2036-01-20 00:00:00,0.8456519605662649,-18.12184747910923,20.228250134920696,
2036-01-27 00:00:00,0.0,-19.930815358939878,18.39405307101031,
2036-02-03 00:00:00,0.08292773433726808,-20.78287706745102,21.080525287044665,
2036-02-10 00:00:00,1.4123740575534285,-18.664918519632646,21.569506441311614,
2036-02-17 00:00:00,2.894620425049668,-15.90872006095189,22.871029918402712,
2036-02-24 00:00:00,3.476992090938154,-16.335532998472285,21.996308286192402,
2036-03-02 00:00:00,2.417222724847065,-16.3956274304465,21.804704551835645,
2036-03-09 00:00:00,0.0,-19.179976492574585,19.406570948618857,
2036-03-16 00:00:00,0.0,-23.630485551728615,16.6134280741879,
2036-03-23 00:00:00,0.0,-23.805538886272497,16.155327509313576,
2036-03-30 00:00:00,0.0,-22.778888875743956,17.071190175216213,
2036-04-06 00:00:00,1.0616538174279988,-18.868494427996918,18.819905631997276,
2036-04-13 00:00:00,3.263039231906065,-16.10138631952987,23.028938604791264,
2036-04-20 00:00:00,3.2769628241709956,-17.041319864704175,22.61474036086952,
2036-04-27 00:00:00,1.5705447034544058,-18.24903934379675,21.14581692328855,
2036-05-04 00:00:00,0.0036168933402471737,-20.017113257819883,19.528902869414342,
2036-05-11 00:00:00,0.08503814834671886,-19.772255518304195,19.241917426971384,
2036-05-18 00:00:00,1.6854942426539594,-17.288679626225612,22.47174444772674,
2036-05-25 00:00:00,3.3839461012096272,-16.308765744579947,23.47422789813976,
2036-06-01 00:00:00,3.9472028670972925,-16.184804824070742,24.293552239745857,
2036-06-08 00:00:00,3.375180528917763,-17.864652218468503,21.95486656679366,
2036-06-15 00:00:00,2.5570286158741418,-17.513933148652992,22.659511685542206,
2036-06-22 00:00:00,2.117400540865626,-18.401000215163617,22.569718466995,
2036-06-29 00:00:00,1.8052761921062324,-19.239716779975748,21.8059328601885,
2036-07-06 00:00:00,1.0383743469839892,-19.931310532097275,19.68168786566643,
2036-07-13 00:00:00,0.0,-20.548033332935628,19.73969136455344,
2036-07-20 00:00:00,0.0,-22.137626099303542,19.206987040235976,
2036-07-27 00:00:00,0.202392235412578,-20.964032960934684,19.806961188170032,
2036-08-03 00:00:00,2.613725312044485,-18.34173470979655,23.08955944489908,
2036-08-10 00:00:00,5.219070633074155,-15.393870801939709,25.536377786312748,
2036-08-17 00:00:00,6.400799497074084,-14.700063943658659,26.71533598601753,
2036-08-24 00:00:00,5.4517195580204625,-14.50749811467129,26.706740866073474,
2036-08-31 00:00:00,3.103178886558103,-17.905158139580546,22.333069540314685,
2036-09-07 00:00:00,0.9661993361374535,-19.897028898318407,21.511949735692884,
2036-09-14 00:00:00,0.39691385052335093,-20.300522652188146,20.159686128254954,
2036-09-21 00:00:00,1.6683723253888871,-18.3696459831573,22.58644992585402,
2036-09-28 00:00:00,3.991773940903064,-16.339485483123998,22.078991919770587,
2036-10-05 00:00:00,6.242685266604134,-14.83712915693761,26.651258098795953,
2036-10-12 00:00:00,7.748126470815489,-12.651415112151692,27.380474881975204,
2036-10-19 00:00:00,8.521330994384677,-12.864114184749315,28.992928743801265,
2036-10-26 00:00:00,8.849900876025815,-11.482204036161566,29.711896777257383,
2036-11-02 00:00:00,8.732405494715657,-11.676397488977248,28.327420257347537,
2036-11-09 00:00:00,7.794041084206825,-12.81770661835207,28.642874083051467,
2036-11-16 00:00:00,5.818057975702253,-15.003293871869449,25.513164726815745,
2036-11-23 00:00:00,3.338591959355714,-16.531347701053154,24.23274060662172,
2036-11-30 00:00:00,1.5675055659906967,-18.305878399022003,21.590623537799424,
2036-12-07 00:00:00,1.5388582182863892,-18.455523958413348,21.403746401687542,
2036-12-14 00:00:00,3.188350980243774,-17.83353016893381,22.52892035473948,
2036-12-21 00:00:00,5.260864499550987,-14.372439007671932,25.642097691279147,
2036-12-28 00:00:00,6.207338693140805,-13.452896406164022,27.110291396769313,
2037-01-04 00:00:00,5.307746548188806,-15.614812719614985,24.80842621358487,
2037-01-11 00:00:00,3.0817421405028327,-18.104395694971235,22.18054558997,
MAE,9.11540068171111,,,
RMSE,12.489620708504399,,,
