ds,yhat,yhat_lower,yhat_upper,actual
2001-01-07 00:00:00,7.761197817352732,3.1990062216643835,12.53556232138042,10.368951480743092
2001-01-14 00:00:00,7.550663016901275,2.850624395183778,11.835648595093748,10.162945809093875
2001-01-21 00:00:00,7.445659382547257,2.3553943962444492,12.263329140734928,9.758469449580488
2001-01-28 00:00:00,7.5091315668038465,2.952772414823267,12.305707577080561,9.273818260582546
2001-02-04 00:00:00,7.703354044548006,3.264660000195061,12.207284207808225,10.643502607384804
2001-02-11 00:00:00,7.974054651461434,3.549796270519712,12.738986335556241,9.913549326899531
2001-02-18 00:00:00,8.262040097447123,3.6578125038744203,12.823682010979402,9.493414370384668
2001-02-25 00:00:00,8.472156029348891,3.9536081228492144,13.055794184381405,9.513718695331
2001-03-04 00:00:00,8.494921111427894,3.9683869810496732,13.282852222417024,7.810882336121654
2001-03-11 00:00:00,8.294232742775165,3.676527472242401,13.445452668984228,8.426370663104567
2001-03-18 00:00:00,7.965595272837415,3.7213449597638553,12.876973318189151,8.731454699053401
2001-03-25 00:00:00,7.681152441218888,2.9573778310993797,12.563374076567293,8.508680301720375
2001-04-01 00:00:00,7.559292498609676,2.7673310734002703,12.468985826820466,11.293096182896807
2001-04-08 00:00:00,7.58083094982652,3.2989597848226992,12.041132654869465,9.576670383271916
2001-04-15 00:00:00,7.624246426458239,2.856681021505647,12.194197295436144,8.17863633933695
2001-04-22 00:00:00,7.57303915335974,2.9624538293477407,12.217003009648348,7.472383094494325
2001-04-29 00:00:00,7.392956866342455,2.366714051810561,12.139839744966986,5.644184507845376
2001-05-06 00:00:00,7.128982340817119,2.667252272053502,11.833561152759227,6.0715005149691015
2001-05-13 00:00:00,6.852734362130395,2.2557448768263306,11.550412524771758,6.359396333708304
2001-05-20 00:00:00,6.613957812469138,1.8087873410430637,11.10170916694136,6.272109643477219
2001-05-27 00:00:00,6.419455824298588,1.7737234794569527,10.81261029829409,6.829509769419984
2001-06-03 00:00:00,6.239139194713998,1.4910515918905185,10.640150726632863,5.959674531963487
2001-06-10 00:00:00,6.040897508767744,1.5193232703393704,10.67189443332711,5.5673973400734615
2001-06-17 00:00:00,5.84655092588978,1.1462016667007138,10.681529446000631,5.9906093585430655
2001-06-24 00:00:00,5.764739714251444,1.0001287048991898,10.275713150824332,4.136658249206635
2001-07-01 00:00:00,5.943811540435314,1.1347603044536623,10.419178434987138,5.212840609011065
2001-07-08 00:00:00,6.447938988639404,1.3083746254144897,10.934284554687325,5.941465716774987
2001-07-15 00:00:00,7.151489046495305,2.2316086663474275,11.939540621999985,6.012827425007316
2001-07-22 00:00:00,7.763482539940093,2.8803118001840344,12.087578764113799,11.61991769328639
2001-07-29 00:00:00,7.992695268655063,3.452302512147674,12.543186017611454,9.154536682604189
2001-08-05 00:00:00,7.734910524140611,3.105388088598965,12.584215561449293,6.97044221780372
2001-08-12 00:00:00,7.139489432633259,2.211563202251078,12.190272198644927,5.7324914063057
2001-08-19 00:00:00,6.516260184325947,1.8318340965818685,10.99350764191109,3.99557486097382
2001-08-26 00:00:00,6.165165190283927,1.2140868252433448,10.802686219837485,4.402579763173628
2001-09-02 00:00:00,6.237917456441301,1.6679639074020107,10.917320918325467,4.836624088224219
2001-09-09 00:00:00,6.682108054809115,2.0895270635861136,11.795652118828974,5.025614287628335
2001-09-16 00:00:00,7.266696244406008,2.41202232033862,11.684661570041897,4.522301507295223
2001-09-23 00:00:00,7.684500912016742,2.970521887766238,12.761227917779271,4.305946697990083
2001-09-30 00:00:00,7.716536054690383,3.2268802412609467,12.794264940261366,4.400702338123922
2001-10-07 00:00:00,7.379745522635346,2.8846627731271983,12.113564138869357,5.0314424565907725
2001-10-14 00:00:00,6.930756984913728,2.222839648095592,11.564294801072291,4.083871744273058
2001-10-21 00:00:00,6.673738995277908,2.224290689334701,11.474897766744446,5.138800209675265
2001-10-28 00:00:00,6.702651937747767,2.0344780806841714,11.255784384287264,5.921360414073232
2001-11-04 00:00:00,6.814771679312081,2.1088890745114943,11.622644117155618,6.159759631978448
2001-11-11 00:00:00,6.707220047808089,1.8323859217802063,11.569484410263238,10.72506039163606
2001-11-18 00:00:00,6.294152605350764,1.3248864755655623,11.082457896143548,9.306916127314704
2001-11-25 00:00:00,5.836765798892133,1.0676074791711319,10.783049541825985,8.266626418559621
2001-12-02 00:00:00,5.739364006243278,1.401732885376278,10.985632165527427,8.222183062489615
2001-12-09 00:00:00,6.190889949843941,1.502313287371206,10.953726132263293,5.916015518478355
2001-12-16 00:00:00,6.989444756881042,2.29042713725671,11.76068753982858,7.101829209330421
2001-12-23 00:00:00,7.709203129258168,2.776049277549795,12.819302312123217,8.199911298787054
2001-12-30 00:00:00,8.0395082645571,3.368288561144393,12.674442095862151,8.871005973404168
2002-01-06 00:00:00,7.983218317801484,3.002871414493675,12.638178441877326,11.949198189160454
2002-01-13 00:00:00,7.772547394472593,3.1330688349900093,12.449969762602127,11.723044318437418
2002-01-20 00:00:00,7.639721741729625,3.2226991121436317,12.14991641352637,11.14490541774734
2002-01-27 00:00:00,7.674306993468384,3.0479615601431034,12.372980376027076,10.315995074654785
2002-02-03 00:00:00,7.849348646153004,3.5061012561083285,12.398844102890331,13.219217822042834
2002-02-10 00:00:00,8.110156969130689,3.4276049417169316,12.671716290550483,11.357566451855464
2002-02-17 00:00:00,8.400777820106121,3.646771008146585,12.729417387792738,9.549491527431352
2002-02-24 00:00:00,8.633356834231513,3.9608336919522182,13.46329898959981,7.997991198670349
2002-03-03 00:00:00,8.6956053436236,3.852204195680968,13.687128070068496,6.777536808905652
2002-03-10 00:00:00,8.531603855786686,3.976136502990215,13.530912237063333,5.772436784287322
2002-03-17 00:00:00,8.213820407919252,3.482757334803866,12.917449052473042,5.46022013567134
2002-03-24 00:00:00,7.909554574745203,3.335281815297807,12.55446518898569,6.060815271135686
2002-03-31 00:00:00,7.755871998842764,2.7438894544922965,12.395554856120778,3.3781931478900904
2002-04-07 00:00:00,7.759042039524846,3.1697412278272274,11.901413211046895,4.398029763906286
2002-04-14 00:00:00,7.808672165323022,2.945009468300647,12.249490037669393,5.116541601391411
2002-04-21 00:00:00,7.779659398885346,3.0576101405581246,12.458082321535134,5.16049248681221
2002-04-28 00:00:00,7.621005721609202,3.1921597922659517,12.641769767724494,11.32825516406452
2002-05-05 00:00:00,7.366754968929591,2.638556219458601,12.149655379969476,8.233511695656194
2002-05-12 00:00:00,7.087978965544303,2.2973570030189796,11.602449118058994,5.67172890259044
2002-05-19 00:00:00,6.840703654739085,2.3671695023960995,11.564011510097913,4.855266237688845
2002-05-26 00:00:00,6.639720567907686,2.1335790944315,11.232221977245487,2.3906900307745613
2002-06-02 00:00:00,6.459848527418604,1.7313575274138255,11.005212841370003,3.4375159873006416
2002-06-09 00:00:00,6.26549963811695,1.3977139195424346,10.553599600607146,4.398242706659828
2002-06-16 00:00:00,6.06493960834046,0.9817395598576137,10.692442420776503,4.817932275264969
2002-06-23 00:00:00,5.951952665655039,1.2545756473199559,10.653685309583606,8.564344658641785
2002-06-30 00:00:00,6.07546104956656,1.0366785364542102,11.07949180374046,7.398945284930434
2002-07-07 00:00:00,6.52465700135678,1.878780601980135,11.214555381375499,6.066882593624366
2002-07-14 00:00:00,7.21072751980696,2.5856425396418024,11.686536825927698,5.049713462803411
2002-07-21 00:00:00,7.863196996264089,3.387921489502274,12.754758861436283,4.4357753161354365
2002-07-28 00:00:00,8.175641493693687,3.6960044949813087,13.201040062288829,4.076282223566431
2002-08-04 00:00:00,8.000753423229723,3.3626976026599698,12.675641559550154,4.296162676264433
2002-08-11 00:00:00,7.4453991222203415,3.1816684650542637,12.49503686369155,5.245036784033696
2002-08-18 00:00:00,6.802624610744531,1.9628819357945622,11.451579851431402,3.385039943754278
2002-08-25 00:00:00,6.386304058199772,1.208278093761976,11.034294128651467,4.504007006267679
2002-09-01 00:00:00,6.381227776592265,1.8207599962520806,10.85194534028037,5.193723276541383
2002-09-08 00:00:00,6.771789580952413,2.085127930564231,11.663371445229938,4.970486773436659
2002-09-15 00:00:00,7.353552751978075,2.5325370898662802,12.17134588151729,17.313065178308722
2002-09-22 00:00:00,7.822107470238919,3.2036919770975656,12.42165708743316,8.447284444626197
2002-09-29 00:00:00,7.929783039725848,3.273912028995979,12.537413553639063,2.038782660193736
2002-10-06 00:00:00,7.6454287643951355,2.886247011393202,12.253787532268898,2.289629716871344
2002-10-13 00:00:00,7.191908079527433,2.273943534326764,12.132496974437919,0.8013916265386946
2002-10-20 00:00:00,6.884947048392213,2.4027891311175367,11.537299968457752,1.9365993175861125
2002-10-27 00:00:00,6.870174341082664,2.450560405086894,11.439985811107501,2.9407767976381165
2002-11-03 00:00:00,6.991052752435078,2.073426105095675,11.49986467984108,3.347861258237076
2002-11-10 00:00:00,6.938823524097138,2.139527917642254,11.930514957490578,19.82730414529596
2002-11-17 00:00:00,6.570297960140104,2.1732565528819467,11.385398765345062,14.977387668540125
2002-11-24 00:00:00,6.090565724899799,1.4477421828559898,10.810457275794938,9.667072423473828
2002-12-01 00:00:00,5.9046422807570345,1.3318651773669723,10.619370464517,6.161146762690089
2002-12-08 00:00:00,6.262004156694327,1.5163589438890028,10.978664204864044,4.664315487580803
2002-12-15 00:00:00,7.027697296931622,2.271933012476582,11.979537851802446,4.787796856985252
2002-12-22 00:00:00,7.791779562413524,3.5269584402801826,12.095142113318907,5.504090405010275
2002-12-29 00:00:00,8.200891731880562,3.22817938478153,12.838270927943675,5.892643250423673
2003-01-05 00:00:00,8.200356225330832,3.3050174676649444,13.114412921645831,3.730498300925981
2003-01-12 00:00:00,7.997351373149241,3.4808183160497626,12.66895872586643,3.560230563181186
2003-01-19 00:00:00,7.839444215844499,3.419005283281937,12.982582110708467,3.566869542149948
2003-01-26 00:00:00,7.8440019011687205,3.1718006180335516,12.43497293753121,4.034434593742885
2003-02-02 00:00:00,7.998055743079375,3.457785100687042,12.322304909595521,3.277892220308237
2003-02-09 00:00:00,8.247309496588644,3.8146815249436683,13.306545153737247,4.179491282372066
2003-02-16 00:00:00,8.537760993206408,4.1073685751345215,13.223926088917992,4.991808544552853
2003-02-23 00:00:00,8.78897925496915,4.029774729532655,13.60253895279566,5.421246952766847
2003-03-02 00:00:00,8.88870101067533,3.8767605563223384,13.723400424820015,9.233271183760758
2003-03-09 00:00:00,8.763789086986169,3.882179950282846,13.157679601856811,8.66122117421313
2003-03-16 00:00:00,8.462564636667423,3.884687383793607,13.233200003567646,7.828541999863641
2003-03-23 00:00:00,8.143142081223061,3.3945893796638273,12.842549424421309,7.039437642162472
2003-03-30 00:00:00,7.957788026405176,3.4385770227932833,12.775607063144125,7.256546981421356
2003-04-06 00:00:00,7.938765194369107,3.5091415541205047,12.721176557436083,6.493239074208361
2003-04-13 00:00:00,7.990367275910995,3.2784744845130867,12.458523949005137,6.23304018906731
2003-04-20 00:00:00,7.981904822036319,3.4396888176092224,12.95780724819199,6.822832755302969
2003-04-27 00:00:00,7.845911744244544,3.5140998580025835,12.809844548999905,4.589686595086511
2003-05-04 00:00:00,7.603795005927873,2.909258400721331,12.530782819006362,5.828201970272369
2003-05-11 00:00:00,7.324343040121021,2.6098909826757737,11.961051167592128,6.738550596557017
2003-05-18 00:00:00,7.069037964500897,2.3966219428458357,11.694741264270618,6.670812838084106
2003-05-25 00:00:00,6.860696033317218,2.165535401420029,11.511722864792803,17.07284138915216
2003-06-01 00:00:00,6.67998115251487,2.1241072887419,11.094784757855532,10.954990486952726
2003-06-08 00:00:00,6.4896564353421695,1.5617554920616206,10.868329053199227,5.174002061767025
2003-06-15 00:00:00,6.285943831455494,1.700242564175829,10.81893333464252,2.5390450621280887
2003-06-22 00:00:00,6.1468565700886,1.5020442926010968,10.824698822493334,0.8105728546361305
2003-06-29 00:00:00,6.217998299201232,1.5155336544454139,11.212953775834293,1.7675091952120574
2003-07-06 00:00:00,6.609455635712093,2.179171952611153,11.590194911236413,2.861674124328337
2003-07-13 00:00:00,7.2690071267985665,2.675915161301785,12.061507781700563,3.495463825823476
2003-07-20 00:00:00,7.951619578971356,3.2853661034938533,12.826919042288218,6.935938197459198
2003-07-27 00:00:00,8.342329864807606,3.8188369305498684,13.115345369380274,6.341253367224102
2003-08-03 00:00:00,8.253949335623899,3.414562761762679,13.131283452807539,5.509747501074474
2003-08-10 00:00:00,7.7484767412890525,3.036940305319101,12.53879506148125,5.040312934242228
2003-08-17 00:00:00,7.096572930145586,2.518136848307414,11.695195691705207,4.700894187643174
2003-08-24 00:00:00,6.621100226722422,2.2320650567202707,11.413487638637447,4.9755102169937855
2003-08-31 00:00:00,6.537665537847808,1.5700199480217192,11.269875219475173,5.398638352696081
2003-09-07 00:00:00,6.867851907410218,2.3980760253566302,11.576539049105854,5.773803242666962
2003-09-14 00:00:00,7.436659209136984,3.148325029044295,12.193503853495118,5.409986663005528
2003-09-21 00:00:00,7.947605465078987,3.6046035964500627,12.646721772922412,5.652252832428945
2003-09-28 00:00:00,8.129796651254832,3.117057773267434,12.575261228240823,6.033806875176079
2003-10-05 00:00:00,7.905434420736039,3.2525512504344087,12.771363759103043,6.731205629389449
2003-10-12 00:00:00,7.458219479377804,2.7812065177912837,12.36099860790692,6.587744369955969
2003-10-19 00:00:00,7.106363239180774,2.5215406394125486,11.60887729002636,7.71500212532229
2003-10-26 00:00:00,7.042484110315777,2.303302312738281,12.142519311649327,8.759793508631278
2003-11-02 00:00:00,7.1613351514248755,2.1829328766360065,11.978532819506231,9.378181996090468
2003-11-09 00:00:00,7.159311037527496,2.6405457697184938,11.82274257427396,13.409150955498584
2003-11-16 00:00:00,6.8422982340267335,2.2402833659981543,11.483166581531396,13.046949915692458
2003-11-23 00:00:00,6.354185937092966,1.5951650131435944,10.741932031642545,12.29567682136106
2003-11-30 00:00:00,6.0883708256718565,1.3060445028009724,10.816214076489874,11.3838833074479
2003-12-07 00:00:00,6.346935021956769,1.8279324194780031,11.057054183858465,12.874458585197893
2003-12-14 00:00:00,7.065713835210034,2.267657478520336,11.748814481620002,11.381299153692575
2003-12-21 00:00:00,7.862154306074686,3.294860446972005,12.335329042387649,10.188362282898211
2003-12-28 00:00:00,8.348466963822222,3.6368438008644093,13.263318790109036,9.793227978211313
2004-01-04 00:00:00,8.410959797853621,3.659994240114483,13.049427889428143,7.03998041452255
2004-01-11 00:00:00,8.224000174412781,3.513405391642972,12.939219201903946,7.878684770385408
2004-01-18 00:00:00,8.044716189387032,3.538471734679967,12.73548186199639,8.68645010298456
2004-01-25 00:00:00,8.018545527323477,3.2545672993341865,12.587553651374316,8.835606712107484
2004-02-01 00:00:00,8.14976676985689,3.3687864301343744,12.761993293908972,11.699507760191008
2004-02-08 00:00:00,8.385853687304602,3.954275769538617,13.312299761893035,10.00001228662317
2004-02-15 00:00:00,8.67360964669054,3.555469670974202,13.422486275354428,8.43510012399991
2004-02-22 00:00:00,8.939676898834826,4.35061179818791,13.780342470456866,8.204414829185913
2004-02-29 00:00:00,9.074282478623628,4.366205556889822,13.823790778479328,5.306676804386963
2004-03-07 00:00:00,8.990026277473117,4.162331761566916,13.772379047424266,6.737061985654663
2004-03-14 00:00:00,8.71074429634626,4.04409904444452,13.417308959263737,8.277830339034509
2004-03-21 00:00:00,8.38135722225498,3.588377748215003,12.905168899290459,9.169995870923865
2004-03-28 00:00:00,8.165377556025417,3.352795758312161,12.757669245741472,13.99783755765236
2004-04-04 00:00:00,8.12083060150483,3.119794241672439,12.414763925913535,13.28255107634195
2004-04-11 00:00:00,8.169953923078522,3.3229876924437063,12.817096974743638,12.03350325589252
2004-04-18 00:00:00,8.179829136912854,3.7679671268302704,13.197786124579368,10.821769110113168
2004-04-25 00:00:00,8.067309030624019,3.3309301228765866,12.469892265692902,12.17573145968945
2004-05-02 00:00:00,7.83967352923437,2.7512037459772696,12.147944196054523,10.830282021830488
2004-05-09 00:00:00,7.561585946592382,3.0650876143807864,12.115826349352432,9.631993656911344
2004-05-16 00:00:00,7.298987217711579,2.606151837246075,11.81570399688247,8.650184861568723
2004-05-23 00:00:00,7.082609699566762,2.143308840898462,11.618864976741847,7.028590800728092
2004-05-30 00:00:00,6.899722698329004,2.260434872292989,11.392474713328696,6.549751420746277
2004-06-06 00:00:00,6.713152863682861,2.032990107860593,11.520534565945486,6.366185834862971
2004-06-13 00:00:00,6.508798512587054,2.0045247399295025,10.865440736460933,6.597880943662662
2004-06-20 00:00:00,6.348543476041595,1.7814245867059357,10.941475115925456,4.917401532599247
2004-06-27 00:00:00,6.37120394629015,1.4332896925678869,10.551048300118543,5.640249258395446
2004-07-04 00:00:00,6.703360484317489,2.0565689072501554,11.23948552474296,6.352709254087902
2004-07-11 00:00:00,7.32823234677321,2.843044166349192,11.894741059614134,6.682891954917404
2004-07-18 00:00:00,8.030374912664403,3.197001481098427,12.386589448735911,9.15999334735532
2004-07-25 00:00:00,8.493036142362184,3.6057736204324637,13.525776452428186,8.499173193365909
2004-08-01 00:00:00,8.493264784942276,3.836338529683939,13.243772520775968,7.65662835114581
2004-08-08 00:00:00,8.046752771859957,3.4637126741794724,12.75744026969715,7.124927108132962
2004-08-15 00:00:00,7.39645234501914,2.836212658683573,12.109652189716734,6.415893121661405
2004-08-22 00:00:00,6.868925969561683,2.292617718895488,11.248518075064297,6.556238838951492
2004-08-29 00:00:00,6.707823883579568,2.2545491074207877,11.761826190074999,6.782855436660264
2004-09-05 00:00:00,6.971863052027695,2.1796623459572864,11.776446535933669,6.787421602726837
2004-09-12 00:00:00,7.517866928999253,2.9699850484542214,12.191357526280244,6.969209758587494
2004-09-19 00:00:00,8.062089175167111,3.3491221629806116,12.86138870839914,6.46332238414847
2004-09-26 00:00:00,8.316096763219699,3.5437839983471857,13.128195152055675,6.108530681166766
2004-10-03 00:00:00,8.157931345321897,3.3835260859781515,13.24897169873346,6.465988176097268
2004-10-10 00:00:00,7.727926326795176,2.9394014166606155,12.662722131344378,4.8473849655830765
2004-10-17 00:00:00,7.337837406946351,2.974667404305321,11.772489904976672,6.031741286967421
2004-10-24 00:00:00,7.221217267018353,2.559892506192856,12.226800227541098,7.251161096017733
2004-10-31 00:00:00,7.327451534823201,2.7826617632007578,12.080336561784634,7.876763651431769
2004-11-07 00:00:00,7.368756738391266,2.405055088877371,11.70166180144005,12.167991007013416
2004-11-14 00:00:00,7.108097708275442,2.659823775153571,11.740648735861246,11.163441949190474
2004-11-21 00:00:00,6.625156128407015,1.999414892122748,11.342652700786054,10.023182427079387
2004-11-28 00:00:00,6.28989380494091,1.6507699777785563,10.976691634984755,9.99046961671672
2004-12-05 00:00:00,6.447466478867112,1.917265464699864,11.299461885991242,7.795371463139513
2004-12-12 00:00:00,7.106203835400475,2.5441286482948557,11.560934843748262,9.445923217988272
2004-12-19 00:00:00,7.9218254519499585,3.3825175404360257,12.85411142571111,11.210686583315391
2004-12-26 00:00:00,8.481699869016952,3.815563108089873,12.995490229072757,12.003430735556826
2005-01-02 00:00:00,8.61340553227277,3.88068296194296,13.416958339627705,18.25222522031767
2005-01-09 00:00:00,8.451251432865888,3.667232069983771,13.168402865917724,16.19835109363923
2005-01-16 00:00:00,8.25527822532727,3.5855477803221323,13.285576174924895,13.68566419800448
2005-01-23 00:00:00,8.198237386515128,3.7291348919678535,12.73554441974069,12.546878488038615
2005-01-30 00:00:00,8.304788766405878,3.2820112343381407,12.752287333731134,9.5238037634651
2005-02-06 00:00:00,8.526099203677031,4.078086721522283,13.003384139312464,10.929085734427272
2005-02-13 00:00:00,8.80889437020028,3.9570397848101297,13.628659446537887,12.601431272152926
2005-02-20 00:00:00,9.08613978421847,4.4436773638137765,13.836804635788408,13.180436229954706
2005-02-27 00:00:00,9.252566562957497,4.523141082387957,13.837296841234748,18.29766943121969
2005-03-06 00:00:00,9.20968617802846,4.348826135270867,13.61079752730425,15.61415331391418
2005-03-13 00:00:00,8.957269448776696,4.257148975687811,13.365947056781993,12.54294827593355
2005-03-20 00:00:00,8.623498814589052,4.0466790418848335,13.562972070874176,11.338674978932575
2005-03-27 00:00:00,8.3788277378899,3.8222455975134766,13.311932362273506,7.453070408134749
2005-04-03 00:00:00,8.30603287312663,3.456734528996652,13.077910815243463,9.242568677385348
2005-04-10 00:00:00,8.348133520879554,3.604797465932716,12.850759302231122,11.389802941100356
2005-04-17 00:00:00,8.373588998361214,3.825082244960573,13.20597461401183,12.369969973379549
2005-04-24 00:00:00,8.284881131019429,4.00998249823166,12.951772153085663,19.515982762645013
2005-05-01 00:00:00,8.07394916469209,3.6950011506783813,12.830640036765573,16.855336614407307
2005-05-08 00:00:00,7.799423232961076,3.0610715982055625,12.388555585297532,13.304734397720145
2005-05-15 00:00:00,7.530530750475309,2.732571117503505,12.094607617884574,11.00706522522753
2005-05-22 00:00:00,7.305665375080421,2.5877331183467476,11.85599988881938,8.069016669556971
2005-05-29 00:00:00,7.119292015737276,2.435547363830639,11.840536983972061,8.571396011293958
2005-06-05 00:00:00,6.935868234772618,2.382562539784712,11.66198263812452,9.825700172807167
2005-06-12 00:00:00,6.732825120439034,2.0332870576369952,11.497403433209094,11.0996271463419
2005-06-19 00:00:00,6.556075333107086,1.5263439693164464,11.439567474587339,10.390767086570747
2005-06-26 00:00:00,6.534675755653164,2.372995851337399,11.123305304657709,11.36809894622884
2005-07-03 00:00:00,6.807171161799055,2.3160218946792686,11.551601212034043,12.125877456295637
2005-07-10 00:00:00,7.390221713635322,2.673598252459951,11.742197179561204,12.350013510904777
2005-07-17 00:00:00,8.101232412220721,3.302031131536393,12.940156239574996,16.560044488002717
2005-07-24 00:00:00,8.6283206526433,4.146300952605299,13.07799560871257,15.306838611041876
2005-07-31 00:00:00,8.71769962144985,3.9539830712085386,13.330384061724533,13.6453462608416
2005-08-07 00:00:00,8.338309635176772,3.6585399312364624,13.023016052791595,12.281216640113804
2005-08-14 00:00:00,7.700486734818138,3.3833704257287263,12.430111298315387,11.468356502137771
2005-08-21 00:00:00,7.128942169328187,2.3244738398348996,11.808147379844915,10.846348765523064
2005-08-28 00:00:00,6.892083873038863,2.246563625116493,11.736518864420956,10.47111043320482
2005-09-04 00:00:00,7.0852542754500085,2.7608597146045923,11.98343389391178,10.079900299134342
2005-09-11 00:00:00,7.599047148142068,2.628783037671906,12.748421677027784,9.242530782216814
2005-09-18 00:00:00,8.166865742505035,3.843470910371078,12.998970925047473,8.778879687808463
2005-09-25 00:00:00,8.488506543261757,3.8514554842625364,13.217519555981779,8.317797569594653
2005-10-02 00:00:00,8.401252841586476,3.809595511401814,12.771213811205948,7.953364960380068
2005-10-09 00:00:00,7.999120773351569,3.142129777701321,12.406900326977246,7.341126449804983
2005-10-16 00:00:00,7.5788633931695735,2.420559627781924,11.915471424636028,7.199068063718626
2005-10-23 00:00:00,7.4077658953460315,2.6315354942057674,12.131245085644492,7.102720840479714
2005-10-30 00:00:00,7.49136041801782,2.810526763983848,11.846260821485139,6.934228645996679
2005-11-06 00:00:00,7.567641015828875,3.174162570727284,12.369702180127188,6.894143083497527
2005-11-13 00:00:00,7.365944718224991,2.762309021985886,11.960424631470346,6.541644305308444
2005-11-20 00:00:00,6.900900180534312,2.068715578304471,11.041607530930587,6.200227533243615
2005-11-27 00:00:00,6.508118932654397,1.4546003459247832,11.299288875590232,6.083415077950413
2005-12-04 00:00:00,6.565006780660024,1.959071019127257,11.157330604965471,4.950012934216925
2005-12-11 00:00:00,7.151879584374429,2.51692250725782,11.652986847635642,5.258605068500898
2005-12-18 00:00:00,7.972623235206933,3.5229660630767263,12.688758079630903,5.83371843340539
2005-12-25 00:00:00,8.600391510726052,3.733438386388581,13.481401256622583,6.8193785638767865
2006-01-01 00:00:00,8.806149202961002,4.234032904135894,13.423996117036477,6.411756765536144
2006-01-08 00:00:00,8.677714668649015,3.6789706767707147,13.67633666039291,7.847424716594918
2006-01-15 00:00:00,8.470705663416107,3.879620429316282,13.144492468125357,9.408646202822172
2006-01-22 00:00:00,8.383327632931982,4.017773553028578,13.12760988262049,10.624745315046766
2006-01-29 00:00:00,8.463445193724189,3.8286987436606132,12.990504115152039,15.521386309945536
2006-02-05 00:00:00,8.668334269859876,3.9915514146520836,13.496852362929289,16.05959981505171
2006-02-12 00:00:00,8.944131957874243,4.150906246940894,13.45061955531984,16.006663843248173
2006-02-19 00:00:00,9.22907332942189,4.392376459777074,13.842988447039879,15.282067031754584
2006-02-26 00:00:00,9.423898938978626,4.893724860869892,14.034655647050865,20.37106197776628
2006-03-05 00:00:00,9.422285615528144,4.857048467264805,14.129467172533364,17.30320580805677
2006-03-12 00:00:00,9.201073427865683,4.770592495737035,13.918291711086715,13.827630209646944
2006-03-19 00:00:00,8.868739416028184,4.6391469440403155,13.70796716209648,11.367819004530004
2006-03-26 00:00:00,8.59816578312683,3.718805657865924,12.978272483926196,8.117137500904368
2006-04-02 00:00:00,8.495106671557226,3.8002292896868637,13.233375657862656,8.108150593262653
2006-04-09 00:00:00,8.525671574610111,3.9970279566661002,13.596765152018289,8.763741749699342
2006-04-16 00:00:00,8.563447100107615,3.95199797927401,13.634457481106917,9.303543156133632
2006-04-23 00:00:00,8.49837315779026,3.776553535729107,13.290627874341004,8.726010057321757
2006-04-30 00:00:00,8.306177284414925,3.559635998052448,13.103687274805946,8.790705724636364
2006-05-07 00:00:00,8.03752986637878,3.034447486494349,12.298606038215825,8.619936065633418
2006-05-14 00:00:00,7.763599609605233,3.2577179430279015,12.657852300421489,8.155921152408458
2006-05-21 00:00:00,7.530036558017943,2.6207386259724172,12.02184489267243,9.895161246757244
2006-05-28 00:00:00,7.338929092159962,2.5675066636399446,12.544806050279432,8.464803659520962
2006-06-04 00:00:00,7.157768053895355,2.4172549009540454,11.992846433376862,6.94020269686072
2006-06-11 00:00:00,6.957441137502824,2.420679146538885,11.687105283646003,6.134690396861072
2006-06-18 00:00:00,6.768511173521503,2.063588097301669,11.303706272991677,3.9636251252393966
2006-06-25 00:00:00,6.707852022830661,1.9782531327016217,11.591514336238728,4.538086926851129
2006-07-02 00:00:00,6.921455639666224,1.8216373357477256,11.807413975777193,5.437346622736438
2006-07-09 00:00:00,7.456671429170692,2.7591093137263325,11.920114919888078,6.064942325173036
2006-07-16 00:00:00,8.16606664895615,3.166575591346999,12.8623880735366,7.396426394362677
2006-07-23 00:00:00,8.74901660726481,3.949072937834768,13.403191858787288,7.261630221637561
2006-07-30 00:00:00,8.926509318945007,4.160281905461444,13.13121068989767,6.873396498019996
2006-08-06 00:00:00,8.62131744017579,3.6271771511602484,13.25005166189503,6.736298885979768
2006-08-13 00:00:00,8.00680261237732,3.4953935460071435,12.679008429689443,6.288211604296939
2006-08-20 00:00:00,7.400107047596198,2.6157827135258014,11.827516397064814,6.7771644688056165
2006-08-27 00:00:00,7.090609088110306,2.300655858451412,11.606634735093271,7.420619773659309
2006-09-03 00:00:00,7.2093007252489585,2.692249929052224,12.126408379600791,7.781756153238138
2006-09-10 00:00:00,7.6820578067717715,3.064477996108404,12.660955097734602,9.42256101347501
2006-09-17 00:00:00,8.263423390810464,3.7048950742559636,13.042431220267643,8.987440125541386
2006-09-24 00:00:00,8.64715110046696,3.7902198476472604,13.529569719953834,8.200394050104414
2006-10-01 00:00:00,8.633938917918982,3.930113041654531,13.474407321585431,7.310907810879189
2006-10-08 00:00:00,8.269808999943299,3.6823934496112845,13.203787758229502,7.971492614094644
2006-10-15 00:00:00,7.8285970777815805,3.2054420725697925,12.951017996879763,6.716185092382299
2006-10-22 00:00:00,7.6032324876090325,3.348045536190811,12.192039319319367,5.584374493008493
2006-10-29 00:00:00,7.655075032853092,3.0769773005160888,12.063712872426867,5.168924800514564
2006-11-05 00:00:00,7.756823838313225,3.0501053202650876,12.296666913483774,3.133691156144917
2006-11-12 00:00:00,7.614440317116642,3.0166606675136487,12.353045750127901,3.831256642862338
2006-11-19 00:00:00,7.178816365833866,2.6640130546860297,11.971110851643074,4.767463340970015
2006-11-26 00:00:00,6.741552672162122,2.368108410331641,11.065463913400588,5.228239860022729
2006-12-03 00:00:00,6.700546690064542,1.907066539811721,11.437728398270743,8.443924489439608
2006-12-10 00:00:00,7.205380474922059,2.510328160630542,12.014124714150018,7.161540999642459
2006-12-17 00:00:00,8.016671252033365,3.530516629062899,12.886705229266923,5.331617260370934
2006-12-24 00:00:00,8.704703147092655,4.173653659236954,13.615335420730798,4.503894250547
2006-12-31 00:00:00,8.987778232324091,4.170737275646667,13.48376242399954,2.6565884676996814
2007-01-07 00:00:00,8.901878336581488,4.114226404272791,13.758859980097098,3.6169978132521625
2007-01-14 00:00:00,8.690396836086395,3.718879938979514,13.08851366677346,4.974476457460641
2007-01-21 00:00:00,8.573995476905212,3.883183349097557,13.202228393044418,5.712588261587514
2007-01-28 00:00:00,8.626073008947719,3.774790721551968,13.875877698633946,10.921105195910252
2007-02-04 00:00:00,8.812836321158565,4.077815461857245,13.576874395031819,9.1213929787609
2007-02-11 00:00:00,9.079784845645285,4.692443731215405,13.81445720686919,6.331739459336079
2007-02-18 00:00:00,9.369179081881676,5.02068966676832,14.070767586969373,4.720289365992764
2007-02-25 00:00:00,9.588737250728657,5.109258166747805,14.713332499682064,2.581438559415336
2007-03-04 00:00:00,9.627495778997261,5.267347004399944,14.166257369346635,3.4941222346822123
2007-03-11 00:00:00,9.441141518748145,4.465103263005959,13.932917575206375,4.981206739057099
2007-03-18 00:00:00,9.116146660955417,4.666996531178741,13.84000822399536,5.903883466845351
2007-03-25 00:00:00,8.823253564208635,3.766321685536033,13.286159671669374,10.202996092364232
2007-04-01 00:00:00,8.688703144916284,3.920518005681867,13.296950671674516,8.991146486995955
2007-04-08 00:00:00,8.703379650284978,4.182220342262866,13.447742063042096,6.795072567079962
2007-04-15 00:00:00,8.749772371267257,4.273126148635877,13.55991307231707,5.10531185355985
2007-04-22 00:00:00,8.7076033734769,3.9751056426438236,13.231974835873554,3.764057611494549
2007-04-29 00:00:00,8.535920274971565,3.622707893063377,13.34591057410056,3.771401376630328
2007-05-06 00:00:00,8.275544454376682,3.654266135025658,12.98318578808837,4.382271558883004
2007-05-13 00:00:00,7.998076199653667,3.301858336933594,12.782158662537112,5.042920452992117
2007-05-20 00:00:00,7.756070684276165,3.379739719719808,12.46893997509368,4.368026398013346
2007-05-27 00:00:00,7.5593030146122375,2.761968908014966,12.393272421562589,4.754511564122695
2007-06-03 00:00:00,7.379523236244985,2.765589920187101,12.421927792019787,5.109171936212688
2007-06-10 00:00:00,7.183004608325097,2.405365196541929,11.784686742719282,5.555717101651272
2007-06-17 00:00:00,6.985980742322715,2.0950309277846655,11.846363274895491,6.262895398136555
2007-06-24 00:00:00,6.891296089960001,2.0097275746787044,11.524186829950596,6.969404790945821
2007-07-01 00:00:00,7.0480188361417015,2.3939697779973246,11.685539428376185,7.63270691045821
2007-07-08 00:00:00,7.530800786061096,2.8334574233130665,12.157053370995897,7.573167900459415
2007-07-15 00:00:00,8.228703052058112,3.5793965333615203,12.68548492607431,13.954478836775255
2007-07-22 00:00:00,8.85830915167911,4.076928761365374,13.419625244007545,10.057212299809398
2007-07-29 00:00:00,9.121528997497094,4.696502362101774,13.802025476973157,5.056267893731591
2007-08-05 00:00:00,8.89658584334076,4.315979485842745,13.277742920020057,2.214033969683751
2007-08-12 00:00:00,8.316184124462335,3.6666279933288113,13.172554774509079,0.6070389317584539
2007-08-19 00:00:00,7.684123773113609,2.6344778018065362,12.348039279146777,1.4167940769047933
2007-08-26 00:00:00,7.306488216648249,2.72746328553694,11.712725043235908,2.7740883756861017
2007-09-02 00:00:00,7.348460113337625,2.8238975635430243,12.101877958386963,3.733531615650653
2007-09-09 00:00:00,7.772277335628459,2.746082535122733,12.13708089530287,9.872845220609667
2007-09-16 00:00:00,8.357172157662687,3.3642017607409533,12.720680041243956,9.03036924088303
2007-09-23 00:00:00,8.796433253774088,4.037282421940018,13.444723300009853,6.97588877592612
2007-09-30 00:00:00,8.858965753961654,4.6785773636778245,13.497587820244963,5.402889762581181
2007-10-07 00:00:00,8.542373324543947,3.968892089013753,13.29877434512851,4.240807073076826
2007-10-14 00:00:00,8.090498363558748,3.279814641507559,12.612327720044663,4.533406121918066
2007-10-21 00:00:00,7.813217971664374,2.8017626608208124,12.273666625473187,5.41501347125146
2007-10-28 00:00:00,7.825624646372486,3.0077784211256144,12.32725771853784,5.717496333753648
2007-11-04 00:00:00,7.942748605191296,3.083941911590852,12.618645579124394,9.608770245629762
2007-11-11 00:00:00,7.858027090994323,3.1444265335276524,12.283335282370293,6.739786926855412
2007-11-18 00:00:00,7.462019756269103,2.431380172429437,12.088001137965769,2.7888340589785234
2007-11-25 00:00:00,6.994219802789611,2.269680657357978,11.597637485841469,0.7693317685363011
2007-12-02 00:00:00,6.860711739063943,2.0071310563376716,11.619001141162412,0.2732502685389331
2007-12-09 00:00:00,7.2754891618023025,2.4951440790756516,12.28825888649555,0.9033919452336256
2007-12-16 00:00:00,8.062838099836288,3.7718730642546863,12.945065542364048,1.894846705241272
2007-12-23 00:00:00,8.801881732715255,4.126207347984459,13.576884231777818,2.616146080986169
2007-12-30 00:00:00,9.163983858565665,4.26865590487599,13.991648326962297,9.498543885328012
2008-01-06 00:00:00,9.129274041971826,4.509484584601205,14.053002772335624,8.825131008063622
2008-01-13 00:00:00,8.920906705032017,4.020073003718573,13.75339643353868,7.004164505022871
2008-01-20 00:00:00,8.777876120403475,4.004824583120511,13.741244437728236,5.954153601585492
2008-01-27 00:00:00,8.800774964204168,3.8761537035017115,13.653190801012979,4.280311755220772
2008-02-03 00:00:00,8.96834297902765,4.358809506559077,13.688800776890677,5.437875862140508
2008-02-10 00:00:00,9.225426766236623,4.7041071559120216,13.90890868519004,7.291010344589992
2008-02-17 00:00:00,9.517002404086552,4.945008688887206,14.274364968143715,8.585160038048729
2008-02-24 00:00:00,9.758197956167344,4.8412582891622336,14.327261681283504,13.72433718260382
2008-03-02 00:00:00,9.836413438170997,4.609325544609809,14.45374218657523,12.74338456694583
2008-03-09 00:00:00,9.688507528629044,4.912728477186356,14.39960664283888,10.535645557404123
2008-03-16 00:00:00,9.377379570467397,4.714086422692217,14.064310165550197,8.497713693046228
2008-03-23 00:00:00,9.067160508346136,4.2880164820971025,13.506286224075204,7.933679409030493
2008-03-30 00:00:00,8.901443033685013,4.0498416740602075,13.459224707482566,7.0788023739032
2008-04-06 00:00:00,8.896871697806018,3.969611970182747,13.680371497175798,6.829509296688846
2008-04-13 00:00:00,8.948515580485221,3.849958955599708,13.57480276748052,6.596183920377463
2008-04-20 00:00:00,8.928654157369404,4.2840203990315855,13.384205853060553,5.790081168466744
2008-04-27 00:00:00,8.779640854654739,3.920405616227481,13.43625262881876,5.220188108700615
2008-05-04 00:00:00,8.530658425499853,3.960416767032852,13.535859276209735,4.563946581918915
2008-05-11 00:00:00,8.252080372319076,3.3104055564785364,12.774150708565546,4.332507140913724
2008-05-18 00:00:00,8.00222365416443,3.284587439805538,12.684417675374213,2.993808586749563
2008-05-25 00:00:00,7.799093456077726,2.9586713625793086,12.29546628981984,3.6179983491152
2008-06-01 00:00:00,7.619744207983078,3.166178281362021,12.767532817821785,4.559507094951189
2008-06-08 00:00:00,7.427714726364725,3.027473383241005,11.97323277399759,5.413808969184047
2008-06-15 00:00:00,7.226258533780687,2.2254124213460083,11.761779898214387,7.19006791506404
2008-06-22 00:00:00,7.102929371396718,2.321772024331021,11.588997082879152,7.647113637258218
2008-06-29 00:00:00,7.205767334314601,2.3332178457795925,11.834060605434274,7.826063756721557
2008-07-06 00:00:00,7.6328361329242025,3.062713099873058,12.766654122928408,7.7428136909561855
2008-07-13 00:00:00,8.310039796876035,3.379575550239391,12.969563159508951,9.46853517678555
2008-07-20 00:00:00,8.97652901939118,4.169290750915873,14.003586527134962,8.70673462414844
2008-07-27 00:00:00,9.321655826202846,4.471217429279247,14.058594620353098,7.731528260855661
2008-08-03 00:00:00,9.181722216134657,4.327938656752639,13.804022776084402,7.263447938210348
2008-08-10 00:00:00,8.645881600489227,4.194678220861351,13.238868449880385,5.485945541983105
2008-08-17 00:00:00,7.998885686117309,3.4215022036006024,12.38852631244554,6.286899958403175
2008-08-24 00:00:00,7.558818048167014,2.8170676454900683,12.40998953198654,7.525917401421006
2008-08-31 00:00:00,7.52309552426291,2.8052772200503515,12.124631069029052,8.343109098192715
2008-09-07 00:00:00,7.890965772190638,3.459860688010755,12.50385113296492,11.591860741052372
2008-09-14 00:00:00,8.46945185753929,3.7299612840425613,13.138470961656676,10.602676391014295
2008-09-21 00:00:00,8.956714640368201,4.111792294458153,13.454870153602862,8.787314206787922
2008-09-28 00:00:00,9.095122998821509,4.502689954368174,14.025641828475582,7.7167696611454115
2008-10-05 00:00:00,8.834632656134506,4.158076351891225,13.65160217201337,5.533801573416979
2008-10-12 00:00:00,8.383024773463939,3.5661300415082335,12.895832668406893,6.716208151101366
2008-10-19 00:00:00,8.058107004004142,3.4170580465837386,12.704380142430177,8.615809040275773
2008-10-26 00:00:00,8.024947202158675,2.866052392471162,12.829410721750781,9.540240235205882
2008-11-02 00:00:00,8.147008242214223,3.081987016257787,12.585401808650586,20.69493057151253
2008-11-09 00:00:00,8.116281062963997,3.6109087726589637,12.892153020361626,14.872723586895422
2008-11-16 00:00:00,7.768341980860655,3.3500059017883386,12.354103444624018,5.8951538415920535
2008-11-23 00:00:00,7.284297403306586,2.6709061448280966,11.75154911347677,0.0
2008-11-30 00:00:00,7.065975047654568,2.556163145070827,11.874490114101231,0.0
2008-12-07 00:00:00,7.384941269686775,3.1449536026252867,12.363191458176491,0.6169735506582406
2008-12-14 00:00:00,8.134213719403814,3.824818802707436,12.656306184218485,1.9198298725521712
2008-12-21 00:00:00,8.913451627255986,3.881141017039633,13.529976713909232,2.9915705767895884
2008-12-28 00:00:00,9.354451682037704,4.479959054017094,14.312576916003401,15.411712174478952
2009-01-04 00:00:00,9.379011436546117,4.788724994890293,14.045294973212535,14.700152301689965
2009-01-11 00:00:00,9.182094847455947,4.550818057663053,13.958565688333207,11.524369827980138
2009-01-18 00:00:00,9.015839171145723,4.220556860894852,13.522415548552326,8.119134695850944
2009-01-25 00:00:00,9.008862738534987,4.247151188732843,13.523221905222755,9.178866531629224
2009-02-01 00:00:00,9.154707500089284,4.477714833901096,13.815392558849918,6.213892918393013
2009-02-08 00:00:00,9.399588630537144,4.7166533912542725,14.32622446696535,4.646735250303609
2009-02-15 00:00:00,9.689951639838766,5.383901002691128,14.13605762649137,4.838190299674154
2009-02-22 00:00:00,9.948261162012665,5.285560638405106,14.65239291304915,2.0883232333513004
2009-03-01 00:00:00,10.062977921239256,5.358431191765222,14.903423504935088,3.304772355483541
2009-03-08 00:00:00,9.954889571526287,5.390860702564797,14.78884529984744,4.987683595799529
2009-03-15 00:00:00,9.662520694307354,4.954879213497208,14.313999968901223,6.204343815365628
2009-03-22 00:00:00,9.33916603429874,5.089425429995872,13.92974448136847,14.554280498454029
2009-03-29 00:00:00,9.142087812952322,4.128306909650994,13.72047275254199,13.127697118371232
2009-04-05 00:00:00,9.113925254585322,4.3009072670619,13.741664178960743,9.85182959489951
2009-04-12 00:00:00,9.165779589713743,4.500021604895666,13.893897830319558,6.693187788275234
2009-04-19 00:00:00,9.165650717760306,4.448815428169487,13.453688149433045,5.19709934926745
2009-04-26 00:00:00,9.039676490603828,4.594420913732017,13.834155540935974,4.162668127242233
2009-05-03 00:00:00,8.80377791694332,4.077704543407612,13.151433785232161,4.349593903993021
2009-05-10 00:00:00,8.525319074898512,3.9274627323170055,12.969293802599896,5.476605619497296
2009-05-17 00:00:00,8.267695076864259,3.5569488363972708,13.179366527104392,3.481640772088423
2009-05-24 00:00:00,8.056909779892116,3.4258192360678157,12.969937429355088,4.758479464846217
2009-05-31 00:00:00,7.876187706781488,3.295970580419529,12.461785905277198,6.320563794185241
2009-06-07 00:00:00,7.688119460146979,2.9844994969408054,12.289612374620186,7.366134968880117
2009-06-14 00:00:00,7.484581885870098,2.69310000256233,12.3180073935693,14.470644622163364
2009-06-21 00:00:00,7.337149475709402,2.088269211110676,12.01346104637204,12.820365900179365
2009-06-28 00:00:00,7.389100727032588,2.707072604577002,11.781514100847168,9.568201242041193
2009-07-05 00:00:00,7.75765837790483,2.981971309082163,12.330795310179392,6.994426235616078
2009-07-12 00:00:00,8.404964816678342,3.8729499251195234,13.168800587920163,4.083003447837317
2009-07-19 00:00:00,9.097372538837632,4.502413093543483,13.8881864106274,4.925836112230731
2009-07-26 00:00:00,9.518393909627433,4.912047269334327,14.125584818958473,6.895705236075666
2009-08-02 00:00:00,9.465993216882794,4.93049576151283,13.87266804463638,8.763127203856287
2009-08-09 00:00:00,8.983764593035128,4.2078184003875,13.53680122060571,11.861980013530331
2009-08-16 00:00:00,8.331904014530446,3.6317068112371036,12.885411159420762,12.174309660259077
2009-08-23 00:00:00,7.835405162576361,3.1941713960619547,12.470725385929914,11.594038133038424
2009-08-30 00:00:00,7.721453866394716,2.928461346599798,12.104832011495516,10.964163193172162
2009-09-06 00:00:00,8.0265184590522,3.6100308254628004,12.233269521251309,11.001928306021236
2009-09-13 00:00:00,8.58806659156503,4.232948060538786,13.209175704902258,11.268881420459966
2009-09-20 00:00:00,9.11415482433238,4.150654326103625,13.60039047416652,11.93579071611468
2009-09-27 00:00:00,9.326183722681364,4.978409693231006,14.10544100426107,12.387890557404113
2009-10-04 00:00:00,9.128338198472674,4.474065866944785,13.87222611066069,14.017139920977849
2009-10-11 00:00:00,8.68740722829138,4.270684283382881,13.425410259767835,13.192572564254856
2009-10-18 00:00:00,8.320076454391616,3.821812012561118,13.156638306489157,11.75505115702659
2009-10-25 00:00:00,8.236134368211404,3.316426605142288,12.993555972922689,10.370579357740706
2009-11-01 00:00:00,8.351887539107876,3.7842249325668744,13.172267397513533,9.32265377890054
2009-11-08 00:00:00,8.368811600701667,4.065483094840689,13.114712414126455,8.879196316760442
2009-11-15 00:00:00,8.074584662481108,3.35663679833237,12.639690753545683,8.844275589032987
2009-11-22 00:00:00,7.587653593172049,3.0871039929723496,12.159541199564531,8.584955315306027
2009-11-29 00:00:00,7.293416990306446,2.6260562397543996,12.215100192864696,10.149431499851875
2009-12-06 00:00:00,7.512410115710793,2.9359478966180594,12.228506074653007,8.147466519606924
2009-12-13 00:00:00,8.20938451559064,3.402378859032294,13.00086810165724,5.447702241504641
2009-12-20 00:00:00,9.015837676774618,4.7376152821322695,13.948130096229132,3.663923739036558
2009-12-27 00:00:00,9.532827833590508,4.590386066729855,14.138857765747538,1.5780055007379687
2010-01-03 00:00:00,9.623035280063931,4.764435472694169,14.037722075611729,2.469265681315967
2010-01-10 00:00:00,9.445634390226466,4.772759357844668,13.903834821328502,4.100815383228011
2010-01-17 00:00:00,9.259759095008349,4.447998694993069,14.295009277947273,5.556175434718053
2010-01-24 00:00:00,9.221923880668685,4.479817700536489,14.05006873632345,10.921842744719031
2010-01-31 00:00:00,9.344196997383149,4.604076081558556,13.977875032306118,10.676804473569144
2010-02-07 00:00:00,9.57526950129451,5.069077504762043,14.72257198731861,9.128520931026909
2010-02-14 00:00:00,9.86200107854257,5.0882751728716045,14.574942959913933,7.644765850684918
2010-02-21 00:00:00,10.133672655577616,5.328016827528968,14.832056209277273,6.194142860903609
2010-02-28 00:00:00,10.282098733793577,5.511680129378168,14.961209042949584,6.672023351963028
2010-03-07 00:00:00,10.215055296980777,5.473074845452635,15.003057248009359,7.977329040054163
2010-03-14 00:00:00,9.94666057738948,5.070104398873636,14.411038053143807,9.3058807470792
2010-03-21 00:00:00,9.615535282615335,5.12861378823412,14.018484913852522,11.00642021955712
2010-03-28 00:00:00,9.38849980835876,4.31979886578756,14.042701970233594,11.247572581956405
2010-04-04 00:00:00,9.333644756280837,4.589975340588429,14.014462218316968,10.884283355964971
2010-04-11 00:00:00,9.381207174819892,4.536186911472549,13.704190426927722,10.005851842521508
2010-04-18 00:00:00,9.39837644511432,4.473285354150414,13.988194239588896,13.104444323079322
2010-04-25 00:00:00,9.296070390070886,5.100869028430079,14.042692959342016,10.421050517342373
2010-05-02 00:00:00,9.075560545974223,4.609187687400964,14.101431724757752,7.138976830183577
2010-05-09 00:00:00,8.799328120843759,3.960488258004953,13.337631562490799,4.390132329394723
2010-05-16 00:00:00,8.534779109204257,3.796652796157306,12.978835468923911,1.9015180078445184
2010-05-23 00:00:00,8.315749257148177,3.7524150999575534,13.18798878108472,1.9246017945591607
2010-05-30 00:00:00,8.132324555346734,3.545677770284768,12.802705774483758,2.8043510486475687
2010-06-06 00:00:00,7.94780482489632,3.5127760239451504,12.768982126075144,4.155561148948753
2010-06-13 00:00:00,7.7444734656175775,3.224488044448573,12.345074108278753,4.175096364875738
2010-06-20 00:00:00,7.57777959311558,2.7460157875605304,12.227508531505386,5.418777451608324
2010-06-27 00:00:00,7.582962511432145,2.7433434131431467,12.307501725826313,6.765429509004682
2010-07-04 00:00:00,7.891934432532388,3.3946946328984406,12.409774008317326,7.909268674511254
2010-07-11 00:00:00,8.50157546217492,3.8498984585300065,12.998278003690915,12.112802745837008
2010-07-18 00:00:00,9.20924152054378,4.793300179802999,14.004667424054087,12.46005141224624
2010-07-25 00:00:00,9.699340543660442,5.010926627454089,14.169392920842574,12.19831217498358
2010-08-01 00:00:00,9.73595448798648,5.1749527414357726,14.328191520743344,11.765977666933171
2010-08-08 00:00:00,9.316070872078322,4.345125133002926,14.398003664326302,12.063319267774425
2010-08-15 00:00:00,8.67015653578806,3.746910341906971,13.380668202148069,12.012255803145251
2010-08-22 00:00:00,8.124711274557296,3.2269746730505497,12.776849267493743,12.15630377431176
2010-08-29 00:00:00,7.933711142423293,3.167282223490896,12.61488107912,12.30526515476856
2010-09-05 00:00:00,8.170610139087948,3.3098371086145955,12.922638623367064,12.576857437504994
2010-09-12 00:00:00,8.705530699705628,3.972736790033734,13.482351192719024,12.408489439028545
2010-09-19 00:00:00,9.261079856691257,4.581463437656372,13.94111804634456,12.072284102985185
2010-09-26 00:00:00,9.543423818919807,5.150657938567409,14.062659089653092,11.479513020481274
2010-10-03 00:00:00,9.413846173615186,4.87162968513238,13.590203182888686,12.50989980389762
2010-10-10 00:00:00,8.99443608897108,4.2221708649601535,13.64147278027553,11.01504530736186
2010-10-17 00:00:00,8.591943453511277,3.9024516560667175,13.13800128875754,9.165380944318445
2010-10-24 00:00:00,8.45433388340731,3.7518537639351504,13.05462819211543,7.75729394442208
2010-10-31 00:00:00,8.553373144958616,3.9001464969981594,13.376387277349988,5.202037687230257
2010-11-07 00:00:00,8.610445014217278,3.8750640613451486,13.3595013203662,5.832297268896634
2010-11-14 00:00:00,8.373886482706665,3.6278590561406494,13.197090747011575,7.237563780337455
2010-11-21 00:00:00,7.897337627151476,3.2750183392374757,12.482247948444517,8.693181263535655
2010-11-28 00:00:00,7.538267224245896,2.809941398499366,12.042429217897926,10.95937392408871
2010-12-05 00:00:00,7.65609061453872,3.1221571726094597,12.73402670675717,11.206376880056837
2010-12-12 00:00:00,8.288117646226809,3.5720408349249135,12.974525460040269,10.756974438599103
2010-12-19 00:00:00,9.10821435972775,4.444701057429869,13.770963639994555,10.221402757255351
2010-12-26 00:00:00,9.696740318433656,4.9089925947878275,14.159746139121967,9.79270088820138
2011-01-02 00:00:00,9.858271227630626,5.288035956405471,14.606232586508682,10.229840048174042
2011-01-09 00:00:00,9.709236690985582,4.73650221495715,14.677485318244603,11.130403639438232
2011-01-16 00:00:00,9.508819885879747,4.792037614777162,14.022693669801566,11.991183424186348
2011-01-23 00:00:00,9.440240481682673,4.901691912817361,14.163295335901743,13.663038208924744
2011-01-30 00:00:00,9.537125020059,5.177484042716514,14.294176285361761,13.436573989956932
2011-02-06 00:00:00,9.752769024751506,4.970552078686985,14.579954020636936,12.622141682527255
2011-02-13 00:00:00,10.033699938360815,5.286011889169184,14.85721973842529,11.511898118591068
2011-02-20 00:00:00,10.315130899558888,5.352952855505176,15.289729430679156,11.724025734549029
2011-02-27 00:00:00,10.49404591177064,6.0958577614471,15.262889582213866,10.468339819560777
2011-03-06 00:00:00,10.468432419039768,5.98563225115925,15.13094423672025,9.243770222191602
2011-03-13 00:00:00,10.228714917809604,5.786200806899343,14.661238241250604,8.661167223698596
2011-03-20 00:00:00,9.895514106914872,5.532142128165341,14.402175447170169,6.15745633443724
2011-03-27 00:00:00,9.640803003166901,5.112592616890201,14.094978310059817,7.454504005785725
2011-04-03 00:00:00,9.55680358496338,4.567251003854449,14.016839972243108,9.564401562629776
2011-04-10 00:00:00,9.595527226888883,4.897882163709778,14.498710446113414,11.57463409714726
2011-04-17 00:00:00,9.62703004736856,4.989407597991594,14.187862682962677,16.911013704574138
2011-04-24 00:00:00,9.548529149501176,4.683399439995569,14.217077233099396,16.72919005981629
2011-05-01 00:00:00,9.345562326887025,4.554572658791209,14.11233236109117,15.098249610261524
2011-05-08 00:00:00,9.073806241540607,4.577491877000561,13.872732021512249,12.74407762534805
2011-05-15 00:00:00,8.803435722423554,3.950267285741859,13.480474467444076,14.297915333860985
2011-05-22 00:00:00,8.575804161629978,3.8520067719428575,13.375607663885594,11.27461739398728
2011-05-29 00:00:00,8.38838334152042,4.132884619830022,12.877820674838745,8.394418895571444
2011-06-05 00:00:00,8.206685560329795,3.142990242183373,12.891445894658624,6.130351376580289
2011-06-12 00:00:00,8.005292087796818,3.2584426983706187,12.528901984224813,3.266505543674345
2011-06-19 00:00:00,7.8238772118816815,3.4123930161595766,12.566449756395004,3.289847154276652
2011-06-26 00:00:00,7.786883540957091,3.0905423555349367,12.585887127573903,4.066500083520584
2011-07-03 00:00:00,8.036371452206422,3.586380903298184,12.693754198822077,5.416068218528418
2011-07-10 00:00:00,8.601645370895847,4.160094728704417,13.22621881389574,5.4991135351878535
2011-07-17 00:00:00,9.313952227084116,4.2492700571585695,13.965389292514757,7.099625900618159
2011-07-24 00:00:00,9.865166870015877,5.360652162916409,14.535530224680933,8.958016135278672
2011-07-31 00:00:00,9.990705626844422,5.2827691634571865,14.72421970434404,10.521086428915314
2011-08-07 00:00:00,9.640913559788086,5.001309911758325,14.342644629346506,16.656459122307407
2011-08-14 00:00:00,9.011824823604336,4.563044654345089,13.927341992036212,16.134509096426385
2011-08-21 00:00:00,8.425814920487992,3.630304885461471,12.725896930382262,14.187966795083506
2011-08-28 00:00:00,8.160161873074099,3.1421777813730944,12.978581859752017,11.830441986182691
2011-09-04 00:00:00,8.324611742219316,3.990363803751828,13.429764024212684,10.34218924042796
2011-09-11 00:00:00,8.823713938397548,4.348863476912181,13.424319803588496,9.649977499082068
2011-09-18 00:00:00,9.398873234130514,4.809809801124835,14.11639737822627,9.817914736577189
2011-09-25 00:00:00,9.746787786963372,5.1383739038050145,14.389719006445699,10.287221523912775
2011-10-02 00:00:00,9.689567843647593,4.970816526388635,14.310559085372732,10.096202653442726
2011-10-09 00:00:00,9.302162151074416,4.460158331031042,13.312329546562761,9.763653491541852
2011-10-16 00:00:00,8.873063877501496,4.136697237957074,13.69921758715179,9.033161092706958
2011-10-23 00:00:00,8.680826908103061,3.742484945503387,13.177382218024379,8.531131762308464
2011-10-30 00:00:00,8.75345407793235,3.8857183701870417,13.263655132665779,6.9723855076113095
2011-11-06 00:00:00,8.841817433134551,4.057818409392452,13.766961399462257,8.194467618422484
2011-11-13 00:00:00,8.664631682437843,4.023809524809382,13.295635842799944,10.214886820762354
2011-11-20 00:00:00,8.210753458144394,3.8906625801808756,12.659694349388133,12.04240905320385
2011-11-27 00:00:00,7.799268011485151,3.225152817846644,12.395524615207865,18.624231877252463
2011-12-04 00:00:00,7.817228372314677,3.0834976066609068,12.175362601355491,16.798875901872545
2011-12-11 00:00:00,8.373105351368192,3.5207443043374553,12.915507251120498,12.667208009713107
2011-12-18 00:00:00,9.19253452779736,4.807542588629008,13.64542292352459,8.045908211161885
2011-12-25 00:00:00,9.846131821767663,5.189047654393648,14.942654469258322,4.58883899410688
2012-01-01 00:00:00,10.083221421838935,5.2579899788430655,14.507321164006386,4.08362585586791
2012-01-08 00:00:00,9.971459191671569,5.170605751052049,14.539684112751388,5.353735527826086
2012-01-15 00:00:00,9.762527205537241,4.842464189434374,14.586554150163428,7.359027622199126
2012-01-22 00:00:00,9.664036991569532,5.343316663786318,14.57121369360225,7.874092589797758
2012-01-29 00:00:00,9.733821003771272,4.943723533884784,14.358821121222078,8.34827019704854
2012-02-05 00:00:00,9.932369851635821,5.3385465162329755,14.402342474238225,8.109444006004804
2012-02-12 00:00:00,10.205543138301977,5.292288788243297,14.7394253485278,7.478181207148898
2012-02-19 00:00:00,10.493341958027882,5.668710822335555,15.138413913614999,7.982106006051204
2012-02-26 00:00:00,10.699212109303737,5.7419745639319855,15.631414700461054,7.428344716903297
2012-03-04 00:00:00,10.71459880211766,5.854765338248578,15.479346656178992,6.984421980058026
2012-03-11 00:00:00,10.507634476851788,5.967159878371827,15.256142391986423,6.764283296987474
2012-03-18 00:00:00,10.178230330623562,5.500652916309898,14.794594621327132,5.663832608335901
2012-03-25 00:00:00,9.898958851315614,5.214214215727528,14.653971105530992,6.129779074167921
2012-04-01 00:00:00,9.784105758464406,5.480205433438625,14.510478951542465,6.919490326288224
2012-04-08 00:00:00,9.809525993339282,5.2064432039873765,14.335855123949411,7.795221991207956
2012-04-15 00:00:00,9.851916866775909,5.0098066774003485,14.672797993527308,9.088683879141996
2012-04-22 00:00:00,9.79682579957804,5.011735391743143,14.387247465025244,9.425090193448083
2012-04-29 00:00:00,9.613340153764868,4.809209293277329,14.010074575596466,9.44088403422854
2012-05-06 00:00:00,9.348413299293744,4.326101883417515,14.104441007514346,9.15699489318138
2012-05-13 00:00:00,9.07357650813975,4.4605998375800375,13.800288992785848,10.321075512127925
2012-05-20 00:00:00,8.837234275304771,4.215144277030429,13.557117820961688,9.341839578412326
2012-05-27 00:00:00,8.644609255352867,3.974530422895657,13.415329534720433,8.049703672670907
2012-06-03 00:00:00,8.46475895367463,3.9226601181679683,12.910411784186108,6.748202236788844
2012-06-10 00:00:00,8.266495442209038,3.722061200636295,12.807103175979819,5.321962382613472
2012-06-17 00:00:00,8.074507355457287,3.41764473829945,12.621073963804573,5.03173459395049
2012-06-24 00:00:00,8.000245542198924,3.2369837431934183,12.624150801037423,5.198298131526519
2012-07-01 00:00:00,8.191444570688262,3.715165083796223,12.887445880849352,5.654663891909518
2012-07-08 00:00:00,8.706812507148891,4.224114812105673,13.571913666854638,5.346597906028184
2012-07-15 00:00:00,9.413409680583166,5.004630954865809,13.889761631507112,5.757037597006747
2012-07-22 00:00:00,10.016810526282597,5.45459716114064,14.660226862228114,6.163283520909445
2012-07-29 00:00:00,10.229609460012169,5.453866533101012,15.035571668115235,6.590571976055625
2012-08-05 00:00:00,9.956507759957358,5.25929349188886,15.034514264386331,7.079541694411814
2012-08-12 00:00:00,9.355004320808831,4.370277800743373,13.966922692777269,7.636824931769121
2012-08-19 00:00:00,8.737596319460486,4.106132849347425,13.894409964448787,8.259703905479046
2012-08-26 00:00:00,8.400881618532562,3.767153326579935,13.118860858648596,8.833917468340019
2012-09-02 00:00:00,8.489731106717203,3.685316295326344,13.387316522302534,10.131622711325342
2012-09-09 00:00:00,8.944459997546831,4.010666632210344,13.605643314733616,10.2049045756342
2012-09-16 00:00:00,9.529086117826782,4.614052330817166,14.103094450959718,9.98635929311522
2012-09-23 00:00:00,9.936519401410564,5.544565089215869,14.615536711411586,9.439598419925234
2012-09-30 00:00:00,9.954136126047523,5.383567487649365,14.825071533319358,10.9298211200768
2012-10-07 00:00:00,9.608573429285915,4.709734365484975,14.217471302841977,9.20952073010548
2012-10-14 00:00:00,9.162465748274021,4.318636967938636,13.905775920909296,6.981047538471032
2012-10-21 00:00:00,8.916589518717133,4.196952011550762,13.440408398784829,4.689598611346688
2012-10-28 00:00:00,8.954145240833496,4.124736331048303,13.93468625974769,2.8884663645302933
2012-11-04 00:00:00,9.063930316147912,4.04343351782756,13.763857893280479,2.228096977815321
2012-11-11 00:00:00,8.945573218274236,3.863014354521378,13.624784956433427,2.329568353837294
2012-11-18 00:00:00,8.52531157122316,3.8586505864380385,13.126750102599747,3.157197303817093
2012-11-25 00:00:00,8.07477791564358,3.535323082049806,12.744387948303201,2.582999806990576
2012-12-02 00:00:00,7.996638100957554,3.2587090778027408,12.417662155588982,3.7729222064548855
2012-12-09 00:00:00,8.466936606590039,4.019717832686219,13.199191035376101,5.322581073780631
2012-12-16 00:00:00,9.271025746669775,5.093634007464864,14.097718420216246,6.877323912773908
2012-12-23 00:00:00,9.981312325706073,5.014973705574759,14.8069744546471,11.86376939850703
2012-12-30 00:00:00,10.296540426120659,5.775864943780569,15.225913469599194,12.057459370892316
2013-01-06 00:00:00,10.230750986313483,6.07745601835293,14.88788096816932,11.105467478624565
2013-01-13 00:00:00,10.02020639513766,5.160540917199301,14.542228011275732,9.704259751976087
2013-01-20 00:00:00,9.893457824430744,5.127495131436218,14.665994694780327,8.237047717999708
2013-01-27 00:00:00,9.934625475535816,5.309332066715052,14.323035452936013,8.783836743055206
2013-02-03 00:00:00,10.114347851207128,5.3410211845416615,15.018558488926967,10.296907369115464
2013-02-10 00:00:00,10.377971890511699,5.675988550121909,15.051504720307511,12.150699169829624
2013-02-17 00:00:00,10.669000847011942,6.301425593441898,15.256169833153752,15.199206128708049
2013-02-24 00:00:00,10.898094318595357,6.224641492113453,15.39956995125711,15.010471275978544
2013-03-03 00:00:00,10.953288447088752,6.552397702963361,15.856911366100562,13.563924700386542
2013-03-10 00:00:00,10.782432844625674,5.693745132656511,15.36681521470372,11.482284894926869
2013-03-17 00:00:00,10.462716274108386,5.637116536210398,15.374786556293023,10.0083163485319
2013-03-24 00:00:00,10.162762575962653,5.694953690990289,14.803801325433653,9.42970506613594
2013-03-31 00:00:00,10.016162640768467,5.257953134293515,14.788858991510228,9.675566273135749
2013-04-07 00:00:00,10.0240277344181,5.365244907840255,14.790051052245676,10.354903312196416
2013-04-14 00:00:00,10.073447567496583,5.411466659366798,14.457179112581914,10.689793039286103
2013-04-21 00:00:00,10.040810799229217,5.528497176829075,14.634662645426753,10.44052511484487
2013-04-28 00:00:00,9.878462205940274,5.3894098995636295,14.427468396426292,9.671220431895012
2013-05-05 00:00:00,9.622774678271842,4.908185036686993,14.305661928014052,8.66695241397401
2013-05-12 00:00:00,9.34506439565967,4.635404829811855,13.95811771841532,7.620305366043492
2013-05-19 00:00:00,9.10016164443757,4.457183266451671,13.82107121105707,7.502534299542798
2013-05-26 00:00:00,8.901252720605296,4.2521168786118135,13.4593335732182,7.840690939662019
2013-06-02 00:00:00,8.722094130418817,3.6243490780591383,13.29734991751311,8.61126239475169
2013-06-09 00:00:00,8.527644108320283,3.3953586371018982,12.97835660729848,8.36065664022688
2013-06-16 00:00:00,8.32876641480962,3.660434377917179,12.936174155168004,9.663101939269376
2013-06-23 00:00:00,8.222308017934168,3.0812394041411117,12.910282796243202,11.281995757585792
2013-06-30 00:00:00,8.357399758877847,3.203041877091893,13.23452698025639,12.793969662917956
2013-07-07 00:00:00,8.818548594825742,4.13095791103279,13.466572791071084,17.638960350000872
2013-07-14 00:00:00,9.509565286371076,4.981258755603048,14.126835663516392,16.520891707666596
2013-07-21 00:00:00,10.15545497307057,5.497547865394749,14.644563800293,13.740385313952231
2013-07-28 00:00:00,10.452306884638727,5.802465721642569,15.095071851205436,9.98688262838031
2013-08-04 00:00:00,10.26120535257781,5.848261447741368,14.767127525841648,8.709405385349266
2013-08-11 00:00:00,9.69773402262297,4.8051716115880385,14.29474258251929,6.057863522836467
2013-08-18 00:00:00,9.058750143345062,4.378388130136458,13.53585873101234,4.5947242474361065
2013-08-25 00:00:00,8.655724758723602,3.967083814614268,13.237415299188974,4.31910184437816
2013-09-01 00:00:00,8.666997269713265,4.0977473462415,13.133070494160918,2.575376701157809
2013-09-08 00:00:00,9.06955604329962,4.576437339028952,13.752341957948655,3.607071895002491
2013-09-15 00:00:00,9.653402615964657,5.044135749434073,14.492400351961582,5.221506601790591
2013-09-22 00:00:00,10.113150206268969,5.270897142800023,14.879157902412487,7.014673802049107
2013-09-29 00:00:00,10.20643785237877,5.686066347620215,14.777540527162426,12.13362174424008
2013-10-06 00:00:00,9.911653322690755,5.457911695123842,14.310873083129456,11.992553973074283
2013-10-13 00:00:00,9.458881433800867,4.129428165638863,14.160340233402668,10.287559683189
2013-10-20 00:00:00,9.162261867010587,4.564337322050624,13.981428153596354,7.685988599496639
2013-10-27 00:00:00,9.157416201629657,4.317008445650118,14.163622580916488,5.686809866518518
2013-11-03 00:00:00,9.27810712191367,4.575369662174803,13.886160444417495,5.1450661097522445
2013-11-10 00:00:00,9.215863943996863,4.577248204534623,14.210041179600061,5.712243237325295
2013-11-17 00:00:00,8.838508579436144,4.12629836278167,13.46786280656223,7.136975786403943
2013-11-24 00:00:00,8.36282416729419,3.9050319054728035,12.766945795983958,7.141928085673153
2013-12-01 00:00:00,8.194679709927872,3.3183327556492443,12.377607785726104,8.491712049501736
2013-12-08 00:00:00,8.572023008944388,3.985581051920855,13.43552427489169,9.88608250170762
2013-12-15 00:00:00,9.346137138225112,4.431682791769927,13.917312166977325,11.159257363117492
2013-12-22 00:00:00,10.102969584855776,5.629402889856634,14.704145751969126,14.47090754801316
2013-12-29 00:00:00,10.497086260864537,5.784573167709633,15.033620433337742,14.490055970512076
2014-01-05 00:00:00,10.485489594236277,6.296309606215409,15.440751755348735,13.691481584841586
2014-01-12 00:00:00,10.28099882555301,5.922960652932871,15.091244287343626,12.36602489663318
2014-01-19 00:00:00,10.128544702377047,5.316369368732014,14.668001510772033,11.492561773860592
2014-01-26 00:00:00,10.139881522026624,5.760927934431233,14.960201172768823,10.947641387661658
2014-02-02 00:00:00,10.298981588508335,5.524204634766823,15.11084221192922,10.877857894893092
2014-02-09 00:00:00,10.551377879087369,5.450629531258251,15.216410755896877,11.220700943584658
2014-02-16 00:00:00,10.842775874388687,5.754221829173149,15.968193937505351,10.635023157527373
2014-02-23 00:00:00,11.091273683869687,6.621342703911085,15.938066040020976,11.319818242197124
2014-03-02 00:00:00,11.184392640764196,6.6072548267798545,15.519943138548161,12.176561652937355
2014-03-09 00:00:00,11.052212201974466,6.259352207262614,15.550436765088726,13.027285947338152
2014-03-16 00:00:00,10.747934662553892,5.91090761804443,15.219399109669672,15.057273156668534
2014-03-23 00:00:00,10.431844793329674,6.0545467898035845,15.190191320002283,14.644416712965898
2014-03-30 00:00:00,10.253471846024045,5.610809300891383,14.977487170031356,13.48480883615949
2014-04-06 00:00:00,10.239873362142099,5.589951897007625,14.976156131998119,11.83197129420608
2014-04-13 00:00:00,10.292133806051325,5.56492612854338,14.789414340124132,10.710105141582687
2014-04-20 00:00:00,10.280422106918994,5.908914065832628,14.825579153817378,9.82665662549591
2014-04-27 00:00:00,10.140519442024683,5.66157544301123,14.877798475888525,9.42671178367534
2014-05-04 00:00:00,9.89648700748637,5.448027640157322,14.46287866966653,9.33543344924607
2014-05-11 00:00:00,9.617714386500083,5.1438932548766765,13.911160147411465,9.338228099030577
2014-05-18 00:00:00,9.364666671396908,4.606189966885122,13.995590407616934,8.569370911698869
2014-05-25 00:00:00,9.15855922396676,4.5644880951424165,13.904673005490283,7.4024571625072015
2014-06-01 00:00:00,8.97882053500444,4.219477755127333,13.242666912893316,6.129069826763357
2014-06-08 00:00:00,8.788401265778733,3.889806540949266,13.566912307392819,4.349709698928238
2014-06-15 00:00:00,8.585801192984738,4.005176607896106,13.576016267202977,4.878127311973285
2014-06-22 00:00:00,8.452233748878623,4.044209273184471,12.932223331741415,6.232645924558569
2014-06-29 00:00:00,8.534258567132287,3.8246447438746145,13.204464162640907,8.118861064539908
2014-07-06 00:00:00,8.938128726931808,4.090057103276497,13.782299445813685,10.746748748705851
2014-07-13 00:00:00,9.604367911354167,5.031929772525263,14.171878507321482,11.502459817425024
2014-07-20 00:00:00,10.282495877527062,5.533680725085935,14.893878016007758,11.44331256939549
2014-07-27 00:00:00,10.6587175660661,5.7764073577812205,15.269513785307733,10.84624086447363
2014-08-03 00:00:00,10.553518869459472,5.901179011291749,15.265292902684134,10.390707442865937
2014-08-10 00:00:00,10.038018103023683,5.463328483032977,14.624039946475868,10.922069483591905
2014-08-17 00:00:00,9.387789933839068,4.66784084498135,13.998488992030326,12.117778440170673
2014-08-24 00:00:00,8.924312138829169,4.270858239332011,13.931656329343882,13.728133633371492
2014-08-31 00:00:00,8.857233709810453,4.336310067216137,13.668529429909674,15.877978244508336
2014-09-07 00:00:00,9.200689991804738,4.683963682921559,13.994925939638843,16.27124789443565
2014-09-14 00:00:00,9.77358839148756,5.355162866718679,14.635543360244661,15.883252746640537
2014-09-21 00:00:00,10.27746482614487,5.3906135399759965,14.892388952814535,14.845773114415476
2014-09-28 00:00:00,10.445620251924478,5.700148798953656,14.854347161586876,15.089758119325143
2014-10-05 00:00:00,10.209418440633355,5.270270783912268,14.995141460101937,13.759987167130552
2014-10-12 00:00:00,9.7607683600888,4.899076764117956,14.134107338844824,12.4051099440136
2014-10-19 00:00:00,9.418107752219386,4.701581201647678,14.230977247087772,11.143687769530704
2014-10-26 00:00:00,9.36510055919265,4.777514623989329,14.211081481991542,9.255807347656615
2014-11-02 00:00:00,9.48591667965916,4.523648532311748,14.029026827033924,9.238283095234577
2014-11-09 00:00:00,9.475049766795866,4.800500996540782,14.120382916948703,9.822342129298429
2014-11-16 00:00:00,9.147977744436224,4.398449514914583,13.702941858442742,10.83374742781038
2014-11-23 00:00:00,8.661138786916675,3.9255280800896024,13.401128941076044,11.799153782648542
2014-11-30 00:00:00,8.411220792450548,3.8620357372245193,13.11220740814398,12.065612753352871
2014-12-07 00:00:00,8.690500176009051,4.15639260020168,13.290437116897433,11.856462516314584
2014-12-14 00:00:00,9.420447978490035,4.5006676492471245,14.219205201811512,11.258986947684
2014-12-21 00:00:00,10.212137396260706,5.961685446764638,15.031289760684079,11.211501589485849
2014-12-28 00:00:00,10.683936383163296,5.954840644683433,15.49537147406361,10.64099161978896
2015-01-04 00:00:00,10.733990818581022,5.936060495512486,15.483129616610046,10.15102726523474
2015-01-11 00:00:00,10.543831145004413,5.679642968123839,15.044777901976847,9.756671525490455
2015-01-18 00:00:00,10.369179676070504,5.851516279072106,14.806157162539996,9.05871479680176
2015-01-25 00:00:00,10.349886338007789,6.062869056137995,14.772130113202003,9.00705048466487
2015-02-01 00:00:00,10.486522857250353,6.019846626792765,15.086141308206155,9.125578300412393
2015-02-08 00:00:00,10.726072092712611,5.85724808155415,15.396133226708631,9.348824418120984
2015-02-15 00:00:00,11.01525706124963,6.268327196364986,15.887530892616919,9.77150155821381
2015-02-22 00:00:00,11.27803536044754,7.007380112325731,16.35683105818324,9.524284826889728
2015-03-01 00:00:00,11.405277892336754,6.816320760089233,16.602965896998626,8.994306425958714
2015-03-08 00:00:00,11.312188194545756,6.554035503554793,15.904986205715698,8.25007518893775
2015-03-15 00:00:00,11.027489517671379,6.315872273586256,15.649245480539847,7.624514860184313
2015-03-22 00:00:00,10.699041469351766,5.971810000873775,15.451559675483747,7.177217657937565
2015-03-29 00:00:00,10.488442551436654,5.842380871973026,14.97826759904877,6.92514960904408
2015-04-05 00:00:00,10.448621553324292,6.019832209208925,15.072926933840922,6.983249872834047
2015-04-12 00:00:00,10.497985143428927,5.7004344571099805,15.183587630907976,6.141832136288175
2015-04-19 00:00:00,10.50377871903574,6.1576902819350146,15.358818233154402,7.650770033808245
2015-04-26 00:00:00,10.385903280673089,5.803271708840601,15.008375792984932,9.955338263855229
2015-05-03 00:00:00,10.154571079025375,5.411739539414608,15.003511833072555,12.792227566048354
2015-05-10 00:00:00,9.875421608351306,4.962828387741409,14.483987229841905,17.997741502740222
2015-05-17 00:00:00,9.613592224272715,4.570308083352749,14.092514565761336,19.09233987624589
2015-05-24 00:00:00,9.398247728542866,4.806089196341141,13.882305800099395,18.77436154171168
2015-05-31 00:00:00,9.215283796907713,4.735300509645036,14.09605928997313,17.215893079302216
2015-06-07 00:00:00,9.027383993822447,4.148874184979204,13.874615550260469,17.962692089219694
2015-06-14 00:00:00,8.822366185354964,4.104176898694345,13.785526620791096,15.603159414193568
2015-06-21 00:00:00,8.66534326220621,3.6346562962348834,13.006159780714885,13.142613953572903
2015-06-28 00:00:00,8.696743435717908,3.925798074017414,13.398400709663985,10.711798543013836
2015-07-05 00:00:00,9.040208802864436,4.437755089584111,13.981268641287476,8.057245643551488
2015-07-12 00:00:00,9.672004555295825,5.043363928398164,14.19936872942201,7.365923705449521
2015-07-19 00:00:00,10.370478047863774,6.101311904870096,14.774367100956864,7.518132626910244
2015-07-26 00:00:00,10.818696810149609,6.29098745589907,15.2055869257029,8.378842024088744
2015-08-02 00:00:00,10.800492169545105,6.317607953963963,15.749900866873919,8.591058656334305
2015-08-09 00:00:00,10.340885497032533,5.684416055147109,14.77194618675301,9.117787842836677
2015-08-16 00:00:00,9.688778624833947,4.863635389356759,14.171613993567728,9.39121289164683
2015-08-23 00:00:00,9.170430970138593,4.447031255638554,14.034948123333791,9.440108609182191
2015-08-30 00:00:00,9.024130639783309,4.206165232798779,13.534954205686677,9.834471030178946
2015-09-06 00:00:00,9.301193798788121,4.60354487749758,13.793876282149201,9.811887847878976
2015-09-13 00:00:00,9.851909441275218,4.9585978854262445,14.34625151355021,9.781833731758486
2015-09-20 00:00:00,10.389617860595171,5.790085715457902,15.12374619170292,9.721987390183587
2015-09-27 00:00:00,10.628933146077378,5.9015017753889385,15.248723191720961,9.979584674711454
2015-10-04 00:00:00,10.456484094661691,5.795287640333144,15.195543868042465,9.53430931023067
2015-10-11 00:00:00,10.021554246610588,5.4705705463826435,14.484052229754756,8.873431163540664
2015-10-18 00:00:00,9.637890419323979,4.592620677424455,14.41726289270285,8.033069851517213
2015-10-25 00:00:00,9.531401483795882,4.805833542909908,14.398240288231655,7.426610419669944
2015-11-01 00:00:00,9.640366471155165,4.976185765764177,14.438581798557827,6.71988351673166
2015-11-08 00:00:00,9.67058098613041,5.1505888495292425,14.487130129062294,6.132581272692881
2015-11-15 00:00:00,9.39531992347446,4.728697667627967,14.136614904904205,5.735492790905513
2015-11-22 00:00:00,8.907243757550816,4.325098510664029,13.534133747524637,4.713499773603695
2015-11-29 00:00:00,8.5819086690262,4.18113733471863,13.521032139816032,5.522233192004223
2015-12-06 00:00:00,8.756685118639409,4.174738923101692,13.270043655406951,6.958240434168599
2015-12-13 00:00:00,9.425373289076212,4.7729409305149755,14.224221818779991,8.820594600223485
2015-12-20 00:00:00,10.235209982888355,5.59850870115361,15.21291329873831,12.73784964600947
2015-12-27 00:00:00,10.777710832661919,5.814278623860222,15.325641041689236,12.284223418046622
2016-01-03 00:00:00,10.892089983190795,6.333228496406791,15.47760210556305,10.069415212714407
2016-01-10 00:00:00,10.721212808067854,6.013104966670097,15.546715987711933,6.531820723229498
2016-01-17 00:00:00,10.52510525622893,5.539082579774396,15.247430600134464,3.209136243316862
2016-01-24 00:00:00,10.471168749130563,5.740571397074044,15.17261765828843,3.744926265972798
2016-01-31 00:00:00,10.57974840091465,6.437741280642776,15.516472175407834,6.20709119931458
2016-02-07 00:00:00,10.801093882465842,6.348101887430923,15.700968653128843,10.25195729139576
2016-02-14 00:00:00,11.082000620827102,6.62084931778848,15.661230455529576,16.74795246787785
2016-02-21 00:00:00,11.354245596824104,6.910369842391568,16.019779659731018,18.67211769766509
2016-02-28 00:00:00,11.511521813442984,6.9209488953305645,16.4896045926444,18.44961831630566
2016-03-06 00:00:00,11.457298631779642,6.537632715997756,16.462747476558835,16.369645518151398
2016-03-13 00:00:00,11.19609115464395,6.6075886323574275,15.729219579356828,15.22578990173495
2016-03-20 00:00:00,10.859686777145843,6.120384256382399,15.503751312257675,14.330212097790277
2016-03-27 00:00:00,10.617507251265945,5.934656935258168,15.316019315765022,14.544621069586173
2016-04-03 00:00:00,10.547496950112727,5.790477812795508,15.069344310131246,15.7328839308886
2016-04-10 00:00:00,10.588315740065708,6.178560300863463,15.034894775013854,16.31320407451208
2016-04-17 00:00:00,10.607850376642785,5.76334789998295,15.36974438631513,17.005190980463826
2016-04-24 00:00:00,10.511326940939561,5.560142107275915,15.163502448887453,17.256655051316525
2016-05-01 00:00:00,10.293834374412793,5.3218145814719735,15.05500368795406,17.062826893707577
2016-05-08 00:00:00,10.01536373651519,5.21745062876663,14.681986027301491,18.062457891736297
2016-05-15 00:00:00,9.744587306158948,5.104050388928814,13.89304824695454,16.770116577137106
2016-05-22 00:00:00,9.518393995095314,4.8579288158462,14.524332983511545,14.929327520435631
2016-05-29 00:00:00,9.32977028082752,4.081956965273563,13.826655209792563,12.673062010690964
2016-06-05 00:00:00,9.142729858859216,4.476137058507509,13.77779337291042,10.154249457992869
2016-06-12 00:00:00,8.936244569788766,3.7192285903939943,13.897029165541724,9.66454989903418
2016-06-19 00:00:00,8.759385556572067,4.047044764849437,13.1939883344993,10.193701698062728
2016-06-26 00:00:00,8.743373560411975,3.757994271553028,13.803789814007512,11.610807944910222
2016-07-03 00:00:00,9.024724270059426,4.418828942371011,13.44777173567411,12.809304587503217
2016-07-10 00:00:00,9.613607309475004,4.980825009545634,14.250751633626084,13.38309875963843
2016-07-17 00:00:00,10.320641728245004,5.6241666390309035,15.21510374042451,13.281566126138506
2016-07-24 00:00:00,10.829469480251198,6.192513958485938,15.366832820760933,12.555166526719848
2016-07-31 00:00:00,10.895021250273306,6.100602579969087,16.022125243285107,12.5199685812817
2016-08-07 00:00:00,10.495574148691164,5.707199889024838,15.238939215895657,11.522484992433435
2016-08-14 00:00:00,9.848355569933226,5.213231988808687,14.540767329943781,10.53155654194444
2016-08-21 00:00:00,9.278900620512783,4.3634953611446425,14.000716360109198,9.650755884340422
2016-08-28 00:00:00,9.050952877694804,4.8207817233336545,13.934058331700943,7.949416538847889
2016-09-04 00:00:00,9.252592570164769,4.347737177633611,13.708470222392389,9.237426169929948
2016-09-11 00:00:00,9.767524610088657,5.465957405128899,14.768931860331953,11.716414933827208
2016-09-18 00:00:00,10.325389234638287,6.2697304633715785,15.008143480254716,15.195315357394955
2016-09-25 00:00:00,10.62787583162209,5.563864787754722,15.685546438758413,20.566319590129424
2016-10-02 00:00:00,10.520108057564347,5.593531715818336,15.040485193987479,21.901192522063244
2016-10-09 00:00:00,10.105540322579644,5.6974516309121634,14.899123267537746,21.389182506440044
2016-10-16 00:00:00,9.684582807665715,5.370394843231041,14.798085597317638,19.15238438136729
2016-10-23 00:00:00,9.518396825159831,5.051919711957302,14.315440893152566,19.183516864850017
2016-10-30 00:00:00,9.601252507442606,4.9628591977537635,14.100364200430413,15.87547747390816
2016-11-06 00:00:00,9.665237069683151,5.040896757107979,14.549727045732965,12.594583208570509
2016-11-13 00:00:00,9.445618555056807,4.738793827467588,13.822420289335877,9.415164452671313
2016-11-20 00:00:00,8.969999501988314,4.136897252925131,13.70873700718235,6.314934131312188
2016-11-27 00:00:00,8.58167926599959,3.9651570069250903,13.342824503917392,5.281729662723232
2016-12-04 00:00:00,8.65252983176729,3.8800332758007468,13.326160186577356,5.337525895088005
2016-12-11 00:00:00,9.248617279301271,4.501156078590842,14.091184421577283,6.412114310876575
2016-12-18 00:00:00,10.063461921344164,5.437202833528522,14.69162202509126,6.79163769744771
2016-12-25 00:00:00,10.67217092535019,5.841613939586313,15.643308907301954,7.936452088030065
2017-01-01 00:00:00,10.856773993106472,5.93650993912647,15.447325640956551,9.008200015870894
2017-01-08 00:00:00,10.714853760197377,6.093006036456658,15.534647620576429,9.986148198651328
2017-01-15 00:00:00,10.503525231126067,5.808775758182928,14.899867954453029,11.747347943923812
2017-01-22 00:00:00,10.41610632579505,5.561408443759458,15.14784599947027,12.008369745351992
2017-01-29 00:00:00,10.495615941460771,5.7192547538305885,15.024469894939763,11.789635729126251
2017-02-05 00:00:00,10.697893908967881,5.907854718286176,15.270711354580499,11.147253581597948
2017-02-12 00:00:00,10.969214843439715,6.468407416078511,16.018913265460366,10.400883040509488
2017-02-19 00:00:00,11.246855085167402,6.807233982220893,16.019313759678234,10.473465138164078
2017-02-26 00:00:00,11.430258480360905,6.7866178626393205,16.402517601158845,11.07720119541152
2017-03-05 00:00:00,11.414409390180124,6.515801807316305,15.685422357445592,12.147023625914915
2017-03-12 00:00:00,11.180611175389048,6.649252762286121,15.604674512985971,13.529717522824884
2017-03-19 00:00:00,10.84148837386636,5.920539751148395,15.413061963552199,13.641237985721558
2017-03-26 00:00:00,10.569803334717589,5.939359664707196,15.225338681578013,13.007897116265452
2017-04-02 00:00:00,10.464973914744917,5.909740989892845,15.072074681557389,11.701821375188109
2017-04-09 00:00:00,10.490253609674493,5.665903696684218,14.931853102488244,10.379976026370851
2017-04-16 00:00:00,10.517900607542561,6.038761863538731,15.445210155512381,9.931938695260744
2017-04-23 00:00:00,10.440192611586163,5.849637780981732,14.632293092026654,10.172858839644336
2017-04-30 00:00:00,10.236150650465248,5.19266227872536,14.747596902260579,11.019766438724064
2017-05-07 00:00:00,9.958190256197433,5.195331693749013,14.322468461483624,12.443772002873422
2017-05-14 00:00:00,9.677207565751658,4.739849801014756,14.296641798848022,11.811484152469568
2017-05-21 00:00:00,9.437441132749841,4.922967707898812,14.385586493302378,10.03642238121492
2017-05-28 00:00:00,9.239427946616932,4.511815097216246,13.84259527293899,7.212861463442085
2017-06-04 00:00:00,9.049948370411407,4.413971909696183,13.727745330636125,5.25412339139206
2017-06-11 00:00:00,8.841043789502013,4.4458096273091785,13.382048077347225,3.183939404244221
2017-06-18 00:00:00,8.646277142907326,3.9028243098452515,13.466858769552996,2.202346222484369
2017-06-25 00:00:00,8.585125325870798,3.823486624084534,13.651981524120615,2.32975998187935
2017-07-02 00:00:00,8.802447035809385,4.337594325006696,13.930347205450897,2.2521180605103166
2017-07-09 00:00:00,9.339706265555078,4.776994241484303,13.524904428882149,4.050095211934485
2017-07-16 00:00:00,10.042299682175264,5.5442622515953985,14.757619723697275,6.765942706879957
2017-07-23 00:00:00,10.606858648736171,6.194291618977109,15.340991025492045,10.27814802067524
2017-07-30 00:00:00,10.75893935978881,6.085238511634005,15.1617385007569,18.04471457104744
2017-08-06 00:00:00,10.430451480797451,5.721717062040576,15.278811498527034,18.965253980992507
2017-08-13 00:00:00,9.802469498629105,4.848234395889786,14.532641174862317,17.046977799348323
2017-08-20 00:00:00,9.194111220447633,4.5019631078402105,13.76148577990192,12.486870648611736
2017-08-27 00:00:00,8.890887290407228,4.187426381847812,13.856353607363074,8.349078874210349
2017-09-03 00:00:00,9.016760819890674,4.147545799341038,13.85044189815963,5.9740688445822805
2017-09-10 00:00:00,9.490451047878073,4.648618118325953,14.226685629801016,5.881793617503299
2017-09-17 00:00:00,10.061974856413599,5.520798419838708,14.407416188767208,7.948211663704072
2017-09-24 00:00:00,10.425841990458322,6.110647988071708,14.965384129688182,9.30325418484504
2017-10-01 00:00:00,10.389701685586925,6.1931257407504035,15.315322473365772,10.552370192417635
2017-10-08 00:00:00,10.00924831873628,5.346703359452687,14.483961457584364,10.85251334896843
2017-10-15 00:00:00,9.563496691176981,4.524476188430639,14.156864548798655,10.24190327376889
2017-10-22 00:00:00,9.340927676357941,5.038622157348801,13.992627035314834,10.134230739140769
2017-10-29 00:00:00,9.391847597726336,4.626567762241678,14.178751494651678,9.244520643506377
2017-11-05 00:00:00,9.48135928371969,4.782078004098277,14.534011683544552,8.50209697466036
2017-11-12 00:00:00,9.319245010287315,4.698894136280151,14.032889262043886,7.950437642692496
2017-11-19 00:00:00,8.86893684796726,3.928472716739817,13.701379906210459,6.87063738779618
2017-11-26 00:00:00,8.431539460007746,3.6076369211242483,13.376529387684688,8.332283500242228
2017-12-03 00:00:00,8.401824646789624,3.7425426636465904,13.103416199982274,10.995445821780423
2017-12-10 00:00:00,8.915843000855778,4.5916884242710205,13.703237096970884,14.751674290181167
2017-12-17 00:00:00,9.721678809863864,4.934057343494883,14.425687749719957,20.8704949259594
2017-12-24 00:00:00,10.389835434157199,5.606256068730584,15.133028181948454,21.895770547829848
2017-12-31 00:00:00,10.648744869459899,6.320306275902384,15.202129530633766,20.315586016085224
2018-01-07 00:00:00,10.545123308173837,5.886913743935489,15.361651080495363,16.258852510125532
2018-01-14 00:00:00,10.325447207067425,5.278916781093743,14.655839432901661,12.706338436438502
2018-01-21 00:00:00,10.20618147658449,5.654480264337966,14.768409541466589,9.870302008277047
2018-01-28 00:00:00,10.25546141494951,5.74565594859675,14.906330171081066,8.83614787854154
2018-02-04 00:00:00,10.437466219214059,5.467232325899472,14.76978934261778,9.537252676742906
2018-02-11 00:00:00,10.6978022306084,6.3669709175788665,15.495627896138746,9.75486113581301
2018-02-18 00:00:00,10.97802940185737,6.230760650149236,15.651081710400003,10.40537979122862
2018-02-25 00:00:00,11.184418949406535,6.27010679481341,15.733710386942551,10.5586247262
2018-03-04 00:00:00,11.206687187719794,6.335888596514234,15.85385035749352,10.231175346758365
2018-03-11 00:00:00,11.004581578106299,6.482178953351616,15.813775101482978,10.066784878338805
2018-03-18 00:00:00,10.66912481642892,5.887330462164069,15.245070718080317,9.671353639077555
2018-03-25 00:00:00,10.371850257769568,5.63371445327952,15.097535574975556,9.402223830351437
2018-04-01 00:00:00,10.235132897445958,5.763583016346771,14.721353159881087,9.250300652232204
2018-04-08 00:00:00,10.244799913523167,5.553356769893378,15.062152061405243,9.22499460022764
2018-04-15 00:00:00,10.281260926607104,5.4655148709451975,14.724223666881276,8.773310842641136
2018-04-22 00:00:00,10.226073196810336,5.586951449473542,14.644480234009343,8.082850821436836
2018-04-29 00:00:00,10.041636640424198,5.658528607452435,14.686590005371887,7.190751735694394
2018-05-06 00:00:00,9.770889736456391,4.7252348566111575,14.621741826042923,5.9356185469589615
2018-05-13 00:00:00,9.485474663679245,4.7440159295166096,14.133280432149377,6.773808102210983
2018-05-20 00:00:00,9.236450397774982,4.840824305119961,13.831563925423389,8.75470777709891
2018-05-27 00:00:00,9.03220785375921,4.509359928224618,13.692521246551543,11.80777357373115
2018-06-03 00:00:00,8.843555826157983,4.389913771570834,13.697077370920702,16.52714454265389
2018-06-10 00:00:00,8.637537788658268,3.7568994797144803,13.389546579590517,17.268211353933758
2018-06-17 00:00:00,8.433154721872128,4.099383811238935,13.057712056959641,15.705482635249073
2018-06-24 00:00:00,8.336176530814852,3.3202166043628702,13.11822713102789,11.924222468163284
2018-07-01 00:00:00,8.49539464514834,3.8565737399763744,13.030281752474043,8.340785504486595
2018-07-08 00:00:00,8.980297500871835,4.299421125303059,13.856010145975535,5.805794020211698
2018-07-15 00:00:00,9.672588300810006,5.16088696795707,14.39422857576966,5.121773358441209
2018-07-22 00:00:00,10.284959224262938,5.462560647432287,15.495230930815712,6.236646116860499
2018-07-29 00:00:00,10.522623662820749,5.67409953175609,15.120558577526065,7.086861598469419
2018-08-05 00:00:00,10.27253621987034,5.6782482456773185,14.90613738408332,7.929220951947008
2018-08-12 00:00:00,9.675791036598664,5.022617246773037,14.512517341054306,8.068399197295017
2018-08-19 00:00:00,9.039316976226502,4.362950401275009,13.557161494723651,7.521517252288556
2018-08-26 00:00:00,8.666219456714282,3.916692171067706,13.706447952879904,7.097511255730679
2018-09-02 00:00:00,8.714983407290374,4.063877850020534,13.345479318416352,6.461683248753492
2018-09-09 00:00:00,9.140508607211748,4.73256038991013,13.562967569131267,6.0591056522205085
2018-09-16 00:00:00,9.716826995464402,5.058540165265686,14.31750833255005,5.886698843295319
2018-09-23 00:00:00,10.136884396334082,5.491532963648298,14.559753877239062,5.634990569290816
2018-09-30 00:00:00,10.175536602954185,5.711286469011517,14.981415864279864,5.669711045927168
2018-10-07 00:00:00,9.840046486781402,5.163244151648823,14.171432999585631,5.757979180105783
2018-10-14 00:00:00,9.380774924713531,4.568711653524398,14.03400477871649,5.89181820467623
2018-10-21 00:00:00,9.104924726382022,4.43554207267638,13.399792942551752,6.328355517169212
2018-10-28 00:00:00,9.11709131290668,4.58075296208228,13.95814333182934,5.82054041750388
2018-11-04 00:00:00,9.223299008275106,4.785166700755118,13.76637959323804,4.838336822082506
2018-11-11 00:00:00,9.118605493802715,4.462953158704221,13.657241171165436,3.416766243244404
2018-11-18 00:00:00,8.705268567088721,3.9602690310399087,13.75625905746293,1.980192555681828
2018-11-25 00:00:00,8.2337665795524,3.1653704841678527,12.855339129822426,2.705474263384827
2018-12-02 00:00:00,8.109543614173498,3.390755487483119,12.833713334593636,4.837112945065986
2018-12-09 00:00:00,8.53419730903247,3.8469161953885544,12.87929355427439,8.330719235867358
2018-12-16 00:00:00,9.318811828432093,4.90756871465674,14.05742722100933,14.109475973342608
2018-12-23 00:00:00,10.039800899351597,5.125412348520944,14.614577531463542,16.287234371624024
2018-12-30 00:00:00,10.37737663483245,5.32341414450524,14.457768884662716,16.38320214195393
2019-01-06 00:00:00,10.323089191524675,5.564962136453699,14.90745956638844,14.43208551307944
2019-01-13 00:00:00,10.10478303564349,5.316152973646661,15.054694604624729,12.896249616540516
2019-01-20 00:00:00,9.958168257772545,5.192670122515505,14.647882680983622,10.256656699537176
2019-01-27 00:00:00,9.978303610668215,4.8031529568714095,14.561831298955003,8.244694752733912
2019-02-03 00:00:00,10.140770683222955,5.3872736593684145,14.947690461825193,6.859896931188395
2019-02-10 00:00:00,10.39087546808641,5.495369460588589,15.112463987262576,5.45861066903197
2019-02-17 00:00:00,10.673154524574183,5.806210377546998,15.347226645439275,5.294104411422642
2019-02-24 00:00:00,10.901244307639967,6.242838944848053,16.000897323422475,5.6581658834582464
2019-03-03 00:00:00,10.962644988652816,6.198494275822885,15.520393997370892,6.543618036087142
2019-03-10 00:00:00,10.797772340676264,6.220678418482378,15.610221179118428,7.489645028349543
2019-03-17 00:00:00,10.474329199404847,5.826055827097231,15.114365252260473,8.518050799478564
2019-03-24 00:00:00,10.15811676878362,5.574390158964384,14.61225320079674,9.442125285135688
2019-03-31 00:00:00,9.989536032029175,5.626249689635281,14.50329351354404,10.257177887036208
2019-04-07 00:00:00,9.98003614161596,5.4465974802899755,14.881753828362637,11.450972199779027
2019-04-14 00:00:00,10.021885023306579,5.05071197741897,14.913496599738204,11.433589689049464
2019-04-21 00:00:00,9.988608971914601,5.5413989590731525,14.390549278666516,10.82824588451422
2019-04-28 00:00:00,9.825878183243988,4.913587321674052,14.539939160802192,9.64569022665729
2019-05-05 00:00:00,9.565339300194198,4.802106885988826,14.291359328847339,8.362847679335033
2019-05-12 00:00:00,9.27775024023818,4.759400097138953,14.158958364380943,7.537231165027698
2019-05-19 00:00:00,9.02029962640729,4.425575350827691,13.827830637999963,7.24003832848189
2019-05-26 00:00:00,8.809385672885538,4.26729837046345,13.33340741907029,7.4658818271553775
2019-06-02 00:00:00,8.620926987585165,3.7817564167806514,13.26532742028704,7.682204152667584
2019-06-09 00:00:00,8.418862810007706,3.5572208474493,12.759322100278803,8.118903101350737
2019-06-16 00:00:00,8.208921464460017,3.4044662188846404,12.776167343122786,8.480277463157142
2019-06-23 00:00:00,8.081787915792424,3.4680927195682845,12.808712007455966,8.767222282824532
2019-06-30 00:00:00,8.186019776709223,3.211179161227971,12.72886385580035,9.069774919071431
2019-07-07 00:00:00,8.615329096447429,3.7986409938322803,13.3418920139788,9.356450817822228
2019-07-14 00:00:00,9.288269824059935,4.521500624470346,14.19307675331116,9.67764763994724
2019-07-21 00:00:00,9.939083538559633,5.13988893867174,14.565353796146447,10.0291346231591
2019-07-28 00:00:00,10.259100134501843,5.339969071856872,15.229799675985094,10.61807674937857
2019-08-04 00:00:00,10.092748726991761,5.335137375243255,14.418340460564565,10.26214444619666
2019-08-11 00:00:00,9.538083161615974,4.958730646638102,14.476667722236995,9.35312223414133
2019-08-18 00:00:00,8.884113678153247,3.6112346906095825,13.442405216030123,7.899664570283442
2019-08-25 00:00:00,8.446919620986431,3.465611331692239,12.895616585561893,6.302142944040015
2019-09-01 00:00:00,8.417651810551277,3.858974639690291,12.899012339327111,5.445963935762813
2019-09-08 00:00:00,8.78812499298558,4.115865791347357,13.661965662157506,5.293110182500129
2019-09-15 00:00:00,9.359577485639964,4.802232339568537,13.668107754146376,5.838587937697044
2019-09-22 00:00:00,9.828782891335566,4.9125178979462065,14.934821476317218,6.452336368491342
2019-09-29 00:00:00,9.942979712678646,5.7657096745029754,14.464641798285248,7.297469246499732
2019-10-06 00:00:00,9.661537002397129,5.191622585348879,14.577633746854133,8.050110523812274
2019-10-13 00:00:00,9.199880543137281,4.558819153020496,14.06756454396666,8.706489861196651
2019-10-20 00:00:00,8.874958994431953,4.543331108595282,13.624692155350305,9.73165001333014
2019-10-27 00:00:00,8.84222035686707,4.484066593661384,13.549803958148559,9.294770835975635
2019-11-03 00:00:00,8.955032085802506,4.713871030926672,13.637891379533531,8.041195946076337
2019-11-10 00:00:00,8.904789889777703,4.400674301918609,13.298040487155689,5.980990204617879
2019-11-17 00:00:00,8.53755202357752,3.661213015514063,13.06176252102431,3.7212225099422014
2019-11-24 00:00:00,8.04651045506708,3.6672901330298417,12.722666511886292,2.6173748381000124
2019-12-01 00:00:00,7.835332606332036,2.60078267360627,12.382793073511504,2.627446725044966
2019-12-08 00:00:00,8.16470577989583,3.336539414259093,13.050549201466751,3.74495892691282
2019-12-15 00:00:00,8.91359304029082,3.9764559290357777,13.715081014892199,5.109689397184806
2019-12-22 00:00:00,9.676624088744159,4.761820868863911,14.311253896066313,6.538963533966267
2019-12-29 00:00:00,10.092846178083391,5.506398586390037,15.253000884600073,7.70563665773084
2020-01-05 00:00:00,10.095842165601079,5.234334531209652,14.477321502661859,8.609916411118087
2020-01-12 00:00:00,9.886837524680443,5.306294358411561,14.655544773175478,9.695406869922955
2020-01-19 00:00:00,9.715803958297764,5.174947746923813,14.517517504836672,10.158902638070428
2020-01-26 00:00:00,9.705732594139388,4.841630429236019,14.50125606487666,10.399690205490906
2020-02-02 00:00:00,9.846844774495771,5.369370361631012,14.686550631046938,10.421208286515707
2020-02-09 00:00:00,10.085070153699736,5.964443155331887,14.662649036630242,10.298609328155573
2020-02-16 00:00:00,10.366652661779487,5.664111932614722,14.86125484291087,11.03145566080534
2020-02-23 00:00:00,10.61261798919928,6.220045343240404,15.288690513659486,12.443958774822002
2020-03-01 00:00:00,10.711017125094205,6.193801711790066,15.172482383289097,14.527786236217086
2020-03-08 00:00:00,10.585614892809536,5.766261991532239,15.335466937145263,17.344842788930258
2020-03-15 00:00:00,10.279837817494409,5.869945396615436,15.029852325069115,17.644195982895496
2020-03-22 00:00:00,9.949469204499424,4.990260987872479,14.382597023408296,16.035653078050224
2020-03-29 00:00:00,9.749354396764076,4.931312394296091,14.436664049052379,12.530321150124028
2020-04-05 00:00:00,9.716952098836337,4.989525983557712,14.513169215345926,8.50847260559166
2020-04-12 00:00:00,9.759895920269035,4.868193880385215,14.361320809824637,5.831137668773674
2020-04-19 00:00:00,9.746772629972032,5.15668895252373,14.309198265617194,5.018762964847634
2020-04-26 00:00:00,9.606900306027153,4.85514452607297,14.30494348197216,6.063631760787033
2020-05-03 00:00:00,9.358971851126196,4.395786341597753,13.868922813292365,7.660199545208168
2020-05-10 00:00:00,9.07110075423623,4.556176559921446,13.523015381753794,8.721922903933342
2020-05-17 00:00:00,8.80574627284157,4.304022861733269,13.33506275886226,8.766573095431374
2020-05-24 00:00:00,8.587321212916693,3.988999249583138,13.083286602460316,7.798563455427118
2020-05-31 00:00:00,8.397755286299377,3.487910387696475,13.162013825662752,6.412414426496357
2020-06-07 00:00:00,8.19969159690297,3.4751263696813695,12.645554930012924,5.768897661249359
2020-06-14 00:00:00,7.987144363294595,3.3179154613864092,12.698838661997549,6.014678842930772
2020-06-21 00:00:00,7.834912404712734,2.9351070000713264,12.498741545489931,7.148054069323512
2020-06-28 00:00:00,7.887504395621784,3.1490468364940547,12.565475427489158,8.629096721881538
2020-07-05 00:00:00,8.258664004509065,3.5859861907877244,13.032371202371769,10.448503193048156
2020-07-12 00:00:00,8.903378372755347,4.605699656943945,13.632806406430522,12.315006877387487
2020-07-19 00:00:00,9.582227499412188,4.82656830467749,14.431620030594459,14.22667520768282
2020-07-26 00:00:00,9.979350784025744,5.404737277670101,14.604921762087383,16.51749438136349
2020-08-02 00:00:00,9.900050096390094,5.405737015841716,14.520903988488428,17.216217578580217
2020-08-09 00:00:00,9.397146855592641,4.506211222527832,14.25969758090184,16.822284121601236
2020-08-16 00:00:00,8.736174715804612,3.842727510781417,13.848650100121773,15.338521918455058
2020-08-23 00:00:00,8.24116876883167,3.233918403794439,13.014960155670028,13.427714605828678
2020-08-30 00:00:00,8.133582906525488,3.592620286060523,12.711388847175707,11.987385224415712
2020-09-06 00:00:00,8.442445696128358,3.9378008377298768,13.24333151513471,11.318687206684084
2020-09-13 00:00:00,8.99894493976902,4.1491756205037085,13.364218426300033,11.41989896307152
2020-09-20 00:00:00,9.508773219682372,4.608644386377897,14.19212597815008,11.850105443960894
2020-09-27 00:00:00,9.697069350328965,5.022773408405225,14.262695148615158,11.915476884603086
2020-10-04 00:00:00,9.476972780375656,4.863464765069703,13.888417691062386,11.437096690810131
2020-10-11 00:00:00,9.023807577040206,4.476293961719238,13.815715295683326,10.416602980625886
2020-10-18 00:00:00,8.655200334788042,4.2200445619526485,13.354498554610688,9.113621399295525
2020-10-25 00:00:00,8.5724809709909,3.7127614625897882,13.262738436657488,8.762826118797097
2020-11-01 00:00:00,8.681119612153328,4.450472434962293,13.434345665507355,9.3291281751823
2020-11-08 00:00:00,8.679839807771655,4.023455330575076,13.266871111796565,10.810492306725076
2020-11-15 00:00:00,8.365257635748295,3.675949185611141,13.028064475151787,12.80044891942433
2020-11-22 00:00:00,7.868592791885317,3.3052432436622032,12.400202624671913,13.565717740467418
2020-11-29 00:00:00,7.5794768484188655,2.8942260010783443,12.515827481704235,13.05410333697768
2020-12-06 00:00:00,7.80941535216716,3.063109347295958,12.368501157761242,11.267821003130576
2020-12-13 00:00:00,8.508676318358441,3.753243177824645,13.263821846844117,8.845606067799705
2020-12-20 00:00:00,9.30151714606018,4.777726429718141,13.925571851869908,7.831836232510633
2020-12-27 00:00:00,9.794375360977421,4.890038568862439,14.249046246734956,8.363966579857408
2021-01-03 00:00:00,9.86173224032498,5.197675878959712,14.356109539805423,10.440255119832258
2021-01-10 00:00:00,9.670501253168167,4.948239322584633,14.220402137068834,13.327736814182837
2021-01-17 00:00:00,9.478949753775222,4.6897488370207245,14.223219178714276,15.354811331382592
2021-01-24 00:00:00,9.438073165014636,4.969124931016277,14.039268271263754,16.21983493225292
2021-01-31 00:00:00,9.55598287307917,5.00036894281183,13.983373887509151,15.923325922181652
2021-02-07 00:00:00,9.780720653650846,5.641929488290897,14.684861944592726,15.136094207161978
2021-02-14 00:00:00,10.059134542724685,5.327531802753089,14.89068097568693,13.609725682481276
2021-02-21 00:00:00,10.319202670515704,5.590529635776056,14.872457597355803,11.908697713707042
2021-02-28 00:00:00,10.45190740612062,5.5939569558570446,15.303712191804477,10.033573396649704
2021-03-07 00:00:00,10.367372427732544,5.483361630284698,15.025013990113461,8.111739730204194
2021-03-14 00:00:00,10.084563426478496,5.2917803145521365,14.497819703128439,7.432809683424042
2021-03-21 00:00:00,9.745320023728848,5.009639353636411,14.282789432141307,7.897563689437678
2021-03-28 00:00:00,9.514896063376405,5.053246365640903,13.835076461673683,9.505145896934089
2021-04-04 00:00:00,9.456372857450434,4.950516162876116,14.422931575577785,11.750700737422324
2021-04-11 00:00:00,9.495932733605,4.820361641120783,14.211656188100005,12.727388044749668
2021-04-18 00:00:00,9.50063813342446,4.607764811869343,14.368205903459895,12.232112516062546
2021-04-25 00:00:00,9.384346051408397,4.4284011988967755,14.264028204184795,10.265723701765456
2021-05-02 00:00:00,9.151355328448021,4.081313720852416,13.447669125136873,7.512851705303888
2021-05-09 00:00:00,8.865276622117424,4.310747362233236,13.166652215623415,6.353679254677891
2021-05-16 00:00:00,8.59280754716614,3.8856636245659075,13.511879019138256,7.054188584869767
2021-05-23 00:00:00,8.36623783658696,3.697776511767997,13.151690037469976,9.613631455148456
2021-05-30 00:00:00,8.174234009540982,3.7292553702705726,12.733295309253673,13.250550050093228
2021-06-06 00:00:00,7.979828559143573,3.378583747461369,12.645009548283573,15.202973259902109
2021-06-13 00:00:00,7.767074730663319,3.4948394169434387,12.750132897334623,15.068851707365445
2021-06-20 00:00:00,7.59463379713561,3.2332258201406976,12.42869185196667,12.848734982639227
2021-06-27 00:00:00,7.5995908937896495,2.966486366689419,12.399886787653813,9.442979093065974
2021-07-04 00:00:00,7.911283399946643,3.454077275387858,12.430395183520956,7.373909311329686
2021-07-11 00:00:00,8.519804332598532,3.8859481737128094,13.13807154860217,7.186338957927105
2021-07-18 00:00:00,9.2160477401423,4.317306437204041,13.963235822872868,8.879919637677235
2021-07-25 00:00:00,9.68370891948897,4.919346942424982,14.414741173159815,11.651981981743274
2021-08-01 00:00:00,9.693251525345913,4.777367526150748,14.445495110333194,13.229095470491016
2021-08-08 00:00:00,9.25102014702456,4.288812932604218,13.77851062325821,13.11969786329204
2021-08-15 00:00:00,8.593820702894554,3.9717273163764615,13.345168846156794,11.323945684473667
2021-08-22 00:00:00,8.048296341069848,3.7418770152970033,12.548871667244129,8.550729535028415
2021-08-29 00:00:00,7.86332797220954,3.178413219160297,12.633562816709789,5.887319143055885
2021-09-05 00:00:00,8.105013069417431,3.530490164099289,12.89279782814108,3.9530829011793
2021-09-12 00:00:00,8.636787398501147,4.008829227317947,13.374309161473073,2.7480344207363974
2021-09-19 00:00:00,9.177994640171825,4.208978710366366,13.566463882309762,2.232028759415785
2021-09-26 00:00:00,9.437385792432584,4.622872093124046,13.82040138812029,2.809607024255248
2021-10-03 00:00:00,9.284551887234972,4.480623209840726,13.726378779884085,4.399197736992052
2021-10-10 00:00:00,8.850758137485295,4.395721264641598,13.857079978558819,7.000740479336914
2021-10-17 00:00:00,8.445426482234039,3.993894835412056,13.212501802555304,10.31382247522245
2021-10-24 00:00:00,8.30946450739171,3.842466226764948,12.692963283881744,12.304716085158471
2021-10-31 00:00:00,8.403425008467138,3.537858683055328,12.930904763937566,12.739419478259071
2021-11-07 00:00:00,8.443912161563826,3.4878933255966516,13.028819319502674,11.617966961360002
2021-11-14 00:00:00,8.186386070657976,3.715940238880142,12.529824120284271,9.500500666162932
2021-11-21 00:00:00,7.697515808120469,2.8684917746098737,12.273080744682932,8.19632446568066
2021-11-28 00:00:00,7.341231050939302,2.7774961402869627,11.962941826809583,8.155901196187699
2021-12-05 00:00:00,7.470038731378362,3.172872927742718,11.940371086999972,9.379217671968703
2021-12-12 00:00:00,8.106777704775652,3.3750661417134165,13.059042526495762,11.388684147398475
2021-12-19 00:00:00,8.916047165229903,4.330004118038642,13.259487720409995,12.49273233987138
2021-12-26 00:00:00,9.481494682184618,4.360120572984361,13.958895954908552,12.296004601851209
2022-01-02 00:00:00,9.619147623953598,5.08281532945648,14.319186115882484,10.798503910878932
2022-01-09 00:00:00,9.454500436192761,4.7485614815375,14.236535918771544,8.38264256077591
2022-01-16 00:00:00,9.247314350689573,4.543245576365042,13.959487120447166,6.270705021451799
2022-01-23 00:00:00,9.175616619702343,4.6103845966829695,14.268489116188505,4.816021730339776
2022-01-30 00:00:00,9.268495360310695,4.5075564362477625,13.953734932000117,4.018592687432514
2022-02-06 00:00:00,9.478131499554818,4.940658531463078,13.863594914798123,3.859067159640691
2022-02-13 00:00:00,9.751160230349537,5.170455356585734,14.427239394037931,4.373566729610366
2022-02-20 00:00:00,10.021693094575957,5.302840048016563,14.497918536345846,5.542041284983927
2022-02-27 00:00:00,10.185559630258183,5.52347070281168,14.564338970070311,7.364490825765016
2022-03-06 00:00:00,10.142444017478287,5.411964006555227,14.79422583307165,27.26697063296108
2022-03-13 00:00:00,9.887418399128618,5.097710331106602,14.7168586110033,1.3902959630049416
2022-03-20 00:00:00,9.544941282165642,4.691826515045428,14.333060152865698,2.3806610273269206
2022-03-27 00:00:00,9.286316865161929,4.5301689931769955,13.95426333670798,3.2109933767070653
2022-04-03 00:00:00,9.199082982403132,4.356950985412589,13.69818969808236,2.96278465101429
2022-04-10 00:00:00,9.230711011821374,4.705000677751798,14.162059266167521,3.352296855494434
2022-04-17 00:00:00,9.250383191798981,4.376915899790643,14.00556531218926,3.6196481022400686
2022-04-24 00:00:00,9.15791033014828,4.536596489750251,13.737711849647871,3.764838391251208
2022-05-01 00:00:00,8.94204694185316,4.467187287387971,13.718794921875544,6.161536408866526
2022-05-08 00:00:00,8.659984992729147,3.823270531260941,13.42188244573941,6.038994801694485
2022-05-15 00:00:00,8.381453199543428,3.5641123328280875,13.193442870139695,5.921319549403512
2022-05-22 00:00:00,8.146333789111855,3.387550043070764,12.740089724313,5.852394240035477
2022-05-29 00:00:00,7.950587192297481,3.393676631409,12.539504770972137,5.950183849950011
2022-06-05 00:00:00,7.759170968959932,3.165934113792705,12.540538319651539,5.972377026713179
2022-06-12 00:00:00,7.54805260848682,3.230360881403924,12.43868619088957,6.006757982882573
2022-06-19 00:00:00,7.360011348050658,2.9211381908847027,12.156029688704837,6.044926140454237
2022-06-26 00:00:00,7.321843170530659,2.439125087993835,12.003015981623475,6.76587226237828
2022-07-03 00:00:00,7.5739408247113005,2.678938695783959,11.973515984399796,6.700792239201779
2022-07-10 00:00:00,8.139344568941528,3.5886065905915068,13.10437447556218,5.998262031576855
2022-07-17 00:00:00,8.842337965704672,3.9427844936120238,13.427791517038033,4.5093184668430855
2022-07-24 00:00:00,9.37279059290508,4.845703403046312,13.981866708452907,14.25214174044932
2022-07-31 00:00:00,9.471402364276768,4.7901375236051775,14.038708363099616,0.0
2022-08-07 00:00:00,9.097800142414062,4.4512331608524365,13.79659118333801,0.0
2022-08-14 00:00:00,8.455253881682856,3.61735413782014,13.15430140573312,2.872319259550678
2022-08-21 00:00:00,7.867421904261016,3.129156961366606,12.31820496562898,0.3258740083843893
2022-08-28 00:00:00,7.607224935249098,2.8824761030811494,12.478525958703145,0.7495154622312544
2022-09-04 00:00:00,7.777228619534957,3.1584583602414913,12.618790406523068,1.084549574026944
2022-09-11 00:00:00,8.274976047709217,3.410888787803705,12.861780056804182,1.2649529553574124
2022-09-18 00:00:00,8.837793147460676,3.989052928842602,13.59942313041708,15.960829965257636
2022-09-25 00:00:00,9.163812954352636,4.225959672613968,13.493258083338358,14.626384224017627
2022-10-02 00:00:00,9.082645805338478,4.381910242825603,13.929706201288504,12.931823435740936
2022-10-09 00:00:00,8.678802562609665,3.898912592555818,13.369629581977119,11.279236374983798
2022-10-16 00:00:00,8.245061904483471,3.710912191641629,12.64519612072943,14.86754749268951
2022-10-23 00:00:00,8.054508476434428,3.31775524585815,12.916352692964828,12.539294724989428
2022-10-30 00:00:00,8.12392348554753,3.3787577120954193,12.921833581370954,10.788567877577588
2022-11-06 00:00:00,8.197565806126441,3.73971740828956,12.62743284817595,9.753079904743476
2022-11-13 00:00:00,7.999252695916425,3.191483457511179,12.719134781023271,6.779329674014846
2022-11-20 00:00:00,7.530691814760568,2.7670168576672927,12.201346895813419,6.957908565535747
2022-11-27 00:00:00,7.119419450717475,2.605040812589399,11.506009831880245,6.985364257087255
2022-12-04 00:00:00,7.147903644936324,2.4854821620599905,11.956654433509156,6.676534503362149
2022-12-11 00:00:00,7.710600990219512,3.301344087879169,12.46081463195361,6.6896003335571015
2022-12-18 00:00:00,8.522106518381483,3.414721361348777,12.905377975694911,5.755849087152357
2022-12-25 00:00:00,9.154075559599828,4.523065005217717,13.806839333515633,5.454199595355424
2023-01-01 00:00:00,9.366566231390504,4.351324940338148,14.108436201135033,6.07459598393512
2023-01-08 00:00:00,9.237417991292595,4.443577999134876,14.094062385360715,3.7039159197664815
2023-01-15 00:00:00,9.020438473739645,4.265390286069744,13.79037423985554,4.808645746508072
2023-01-22 00:00:00,8.91860070675943,4.502655001987676,13.563725095011785,5.736424006319504
2023-01-29 00:00:00,8.984708765970097,4.14849749974419,13.49557543566899,6.300367327405944
2023-02-05 00:00:00,9.177587922968621,4.617957514317208,14.010099523969284,
2023-02-12 00:00:00,9.443235584865224,4.801458104610847,14.003518528554707,
2023-02-19 00:00:00,9.720795387839257,5.041049439097798,14.247574846014114,
2023-02-26 00:00:00,9.91234332026098,5.118139542692271,14.73840074912912,
2023-03-05 00:00:00,9.910376869392385,5.359794227949502,14.360883018872912,
2023-03-12 00:00:00,9.687344221192863,4.929266515576442,14.123130024537254,
2023-03-19 00:00:00,9.34748273480031,4.937207399005652,14.036446460364168,
2023-03-26 00:00:00,9.063611230524883,4.636455278756851,13.98202864789291,
2023-04-02 00:00:00,8.945802288154637,4.1626042150146985,13.101768287505823,
2023-04-09 00:00:00,8.965007009356352,4.256931413246261,13.713455935621965,
2023-04-16 00:00:00,8.996291836447634,4.034912121320249,13.495980294181086,
2023-04-23 00:00:00,8.92735198899949,4.082698539229087,13.537219313023545,
2023-04-30 00:00:00,8.73060261860158,3.9723780429153477,13.696664174192525,
2023-05-07 00:00:00,8.454893195279267,3.7727013228902804,13.11992919842272,
2023-05-14 00:00:00,8.17160455520586,3.8132011789526477,12.648270684651383,
2023-05-21 00:00:00,7.927775816455369,3.255762782458249,12.723223648420532,
2023-05-28 00:00:00,7.727057650265942,3.267952697545259,12.2495220263922,
2023-06-04 00:00:00,7.537700427369532,2.9254237087472026,12.006501793461062,
2023-06-11 00:00:00,7.329515482853747,2.646644357145383,12.313574070136555,
2023-06-18 00:00:00,7.1301065910667525,2.1878388584090267,11.79197423993175,
2023-06-25 00:00:00,7.053670698776513,2.3573616873660175,11.756749339240049,
2023-07-02 00:00:00,7.247157791797258,2.1984593675336725,12.158191500141495,
2023-07-09 00:00:00,7.763666790794667,3.127729258114636,12.377294601626376,
2023-07-16 00:00:00,8.462988812349153,3.4022767621685803,12.729170016185217,
2023-07-23 00:00:00,9.047481613909921,4.521463879475577,13.754136645510364,
2023-07-30 00:00:00,9.233811438938234,4.307264833084972,14.137579642343178,
2023-08-06 00:00:00,8.93567874272341,4.227328900707295,13.618553517923548,
2023-08-13 00:00:00,8.318584643498003,3.6717528867505873,12.820172092245432,
2023-08-20 00:00:00,7.697464434392497,3.1074009516966017,12.103132391240855,
2023-08-27 00:00:00,7.365393420500508,2.319838652597271,12.352454493091134,
2023-09-03 00:00:00,7.460334165054091,2.7349019065240965,12.23588763651187,
2023-09-10 00:00:00,7.9153623234759625,3.296349995521388,12.864680561989598,
2023-09-17 00:00:00,8.489689127576648,3.6119098144597928,13.507957027305654,
2023-09-24 00:00:00,8.87653548671137,4.413836494149027,14.048592213650611,
2023-10-01 00:00:00,8.869840327197481,3.8190179640433755,13.614726757202106,
2023-10-08 00:00:00,8.505936790064812,3.9962559522081484,13.428220650298723,
2023-10-15 00:00:00,8.053197952405789,3.745172012763497,12.874902097483078,
2023-10-22 00:00:00,7.808652834746971,3.0126895777617806,12.822847717128818,
2023-10-29 00:00:00,7.844630555085971,3.084144494664206,12.49650181460824,
2023-11-05 00:00:00,7.941732291609291,3.1145550534704123,12.721045552894232,
2023-11-12 00:00:00,7.80253385121105,3.0173887594084254,12.471037602138747,
2023-11-19 00:00:00,7.365523599952883,2.3818007251864994,11.713024953378426,
2023-11-26 00:00:00,6.912473569693679,2.279015235026187,11.673872623168666,
2023-12-03 00:00:00,6.8439133759743855,2.4543959194780927,11.566917902076279,
2023-12-10 00:00:00,7.3227618669969825,2.733870963677999,12.228556309696163,
2023-12-17 00:00:00,8.121871824186465,3.7946391190916975,12.82324377726571,
2023-12-24 00:00:00,8.812353368458162,4.157054865016652,13.723448185192314,
2023-12-31 00:00:00,9.102608033325277,4.352957911925057,13.793548407771574,
2024-01-07 00:00:00,9.017721991995154,4.420378261942309,13.6782047248862,
2024-01-14 00:00:00,8.797684069175036,4.013266156771521,13.621446561524802,
2024-01-21 00:00:00,8.667187702560268,4.1833312930968125,13.203303777456172,
2024-01-28 00:00:00,8.704961996190892,4.31680559764211,13.132103151568185,
2024-02-04 00:00:00,8.879366388955328,4.312353566995737,13.603679148023138,
2024-02-11 00:00:00,9.135812367487263,4.331965229831384,13.967010116838276,
2024-02-18 00:00:00,9.417208166917886,4.708074399633447,14.338559404254234,
2024-02-25 00:00:00,9.632736200926395,5.295456681605694,14.082105768457843,
2024-03-03 00:00:00,9.670873543781278,5.267449683808464,14.415069216154276,
2024-03-10 00:00:00,9.483339811573947,5.098514244702789,14.776323331503146,
2024-03-17 00:00:00,9.151993859053862,4.494750186682295,13.991656426687463,
2024-03-24 00:00:00,8.84660770373767,4.0341852812181545,13.294700663383278,
2024-03-31 00:00:00,8.697162471204566,4.047260094468901,13.708499000293102,
2024-04-07 00:00:00,8.699639067921382,4.031222864562395,13.466746733962582,
2024-04-14 00:00:00,8.738753946152231,3.8600970830538532,13.66214017690756,
2024-04-21 00:00:00,8.692505190676723,3.955565821948144,13.110307749481585,
2024-04-28 00:00:00,8.516587424564197,4.131053632498542,13.132670844703878,
2024-05-05 00:00:00,8.249633126356139,3.4194990710672055,12.73304926928667,
2024-05-12 00:00:00,7.963134280698886,3.2842084472696635,12.862475081969386,
2024-05-19 00:00:00,7.71069389708215,3.170801115655668,12.52302199499651,
2024-05-26 00:00:00,7.503895645623669,2.6749172388863656,12.04712469623174,
2024-06-02 00:00:00,7.315472625390858,2.767129028534085,11.941936006316531,
2024-06-09 00:00:00,7.111003224244708,2.22019609190742,11.54098111081287,
2024-06-16 00:00:00,6.9040078886664755,1.9657747122710756,11.861570243805128,
2024-06-23 00:00:00,6.794355205341008,1.913024945888405,11.602005674850723,
2024-06-30 00:00:00,6.931225607057069,2.68727232607361,11.636831682485402,
2024-07-07 00:00:00,7.394278194102943,2.603515390230406,11.844432635695652,
2024-07-14 00:00:00,8.079945857537748,3.2740065821867512,12.685299777789597,
2024-07-21 00:00:00,8.708918239228531,3.9896631156857687,13.517016251640174,
2024-07-28 00:00:00,8.980063144218207,4.484054890138744,13.745739407511014,
2024-08-04 00:00:00,8.762977777474234,4.3272323089752796,13.344203570239827,
2024-08-11 00:00:00,8.181860804781437,3.6018563100957444,12.817162743403955,
2024-08-18 00:00:00,7.537154568278302,2.936259960811162,11.976688704783562,
2024-08-25 00:00:00,7.137732133028372,2.702195145512717,11.984068791999759,
2024-09-01 00:00:00,7.155395661892358,2.8535451754560484,11.947557237607663,
2024-09-08 00:00:00,7.559747047563158,2.7697060685422388,12.038286809118958,
2024-09-15 00:00:00,8.135342960932105,3.8345802435589977,12.850143787219896,
2024-09-22 00:00:00,8.576028644631617,3.7402274296245173,13.219047541091669,
2024-09-29 00:00:00,8.644969320649723,4.0843075876201915,13.223683756539906,
2024-10-06 00:00:00,8.330140557556865,3.2607997331103826,12.994460107714929,
2024-10-13 00:00:00,7.86862314526539,3.0009084708295113,12.432878534447969,
2024-10-20 00:00:00,7.572606869069655,2.5830332339264714,12.196477309696146,
2024-10-27 00:00:00,7.567530478477446,2.926189375888848,12.214152256433495,
2024-11-03 00:00:00,7.677674680270146,3.0971819187079532,12.308243764220906,
2024-11-10 00:00:00,7.595300593591675,3.097526697491187,12.3780736453019,
2024-11-17 00:00:00,7.199484351791172,2.4562901986165366,11.593301506119872,
2024-11-24 00:00:00,6.71848222652846,2.387451705510017,11.513214730491782,
2024-12-01 00:00:00,6.558520077385621,2.003057490291357,11.142905460066949,
2024-12-08 00:00:00,6.945713204255815,2.2476424494003595,11.566974130508008,
2024-12-15 00:00:00,7.717752611180879,3.136260993301475,12.061665221358336,
2024-12-22 00:00:00,8.456940041871098,3.65106582408173,12.749772302331456,
2024-12-29 00:00:00,8.826086433910818,4.124498370803142,13.458199019112643,
2025-01-05 00:00:00,8.793801059371749,3.8766008627956765,13.324073300263885,
2025-01-12 00:00:00,8.578229305263033,3.957476023924545,13.064762513165576,
2025-01-19 00:00:00,8.421441694936204,3.863482144904874,13.300724084941137,
2025-01-26 00:00:00,8.429598526371436,3.6094329990726157,12.9541224072068,
2025-02-02 00:00:00,8.583744270014385,4.1853363042887555,13.247341056128292,
2025-02-09 00:00:00,8.829291717289065,4.079558967743641,13.726604068630305,
2025-02-16 00:00:00,9.111606209517552,4.483688064307298,13.353657606185042,
2025-02-23 00:00:00,9.34730429970763,4.672107797949198,13.925513464234154,
2025-03-02 00:00:00,9.423794045524552,4.725214640760685,14.194176822312237,
2025-03-09 00:00:00,9.274487735149236,4.525601039966368,14.083079381830085,
2025-03-16 00:00:00,8.957449128644132,4.682757532031201,13.697134606248062,
2025-03-23 00:00:00,8.634969469011759,4.018626341859305,13.22996928495784,
2025-03-30 00:00:00,8.453685486208421,4.005178755089095,13.235125426615085,
2025-04-06 00:00:00,8.435446590653653,3.50797837448454,13.120128257153631,
2025-04-13 00:00:00,8.478261509375555,4.128788922163681,13.247264280106048,
2025-04-20 00:00:00,8.453289681809272,3.959605370873094,13.529923802188074,
2025-04-27 00:00:00,8.299586831351792,3.591435948817339,13.167559024201186,
2025-05-04 00:00:00,8.04380667498857,3.3399700994167016,12.836421109907565,
2025-05-11 00:00:00,7.7558668874586845,3.1468049661265445,12.42231278600162,
2025-05-18 00:00:00,7.495177045120107,2.748873920632377,12.352963758408292,
2025-05-25 00:00:00,7.281348434434403,2.634787933585632,12.05205312319531,
2025-06-01 00:00:00,7.092605918499884,2.4679644604005038,11.876350005428662,
2025-06-08 00:00:00,6.892159451989886,2.2431034816768936,11.396878816645845,
2025-06-15 00:00:00,6.680852131744349,2.071873261640242,11.29742542121253,
2025-06-22 00:00:00,6.543079031937486,1.984496973491674,10.881441761255516,
2025-06-29 00:00:00,6.626213116654515,2.201044312499384,11.399066319955674,
2025-07-06 00:00:00,7.032499173735772,2.7579953135959396,11.726544424715444,
2025-07-13 00:00:00,7.695166945875579,2.952521628800514,12.111403306199435,
2025-07-20 00:00:00,8.358461974688362,3.5559944603252935,12.857266059630994,
2025-07-27 00:00:00,8.710027727902505,3.8556433923667353,13.652904734497707,
2025-08-03 00:00:00,8.57818269811383,4.059012906070136,13.576133012473239,
2025-08-10 00:00:00,8.043099289483242,3.3245944763908177,12.500107040366037,
2025-08-17 00:00:00,7.3850499397492095,2.7260109008208335,12.248521089244841,
2025-08-24 00:00:00,6.923918625354044,2.2086184390204195,11.639471681540403,
2025-08-31 00:00:00,6.8632896103830845,2.0646030066546874,11.774700736835147,
2025-09-07 00:00:00,7.209851929044775,2.3407837895074683,11.825076190823822,
2025-09-14 00:00:00,7.77651953236482,3.1637865692556613,12.378306232395474,
2025-09-21 00:00:00,8.263041654035328,3.4317336325164884,13.210097371038335,
2025-09-28 00:00:00,8.407140732097865,3.577409239123461,13.176444202593926,
2025-10-05 00:00:00,8.149434613704605,3.2606506214621067,13.199234424241098,
2025-10-12 00:00:00,7.689862324160903,2.793474928039851,12.454286311563733,
2025-10-19 00:00:00,7.346727517726464,2.789200512999802,12.070382503743836,
2025-10-26 00:00:00,7.29450705154167,2.3790808411784843,12.13182971605943,
2025-11-02 00:00:00,7.40693599717147,2.7071264704162266,12.146504772298336,
2025-11-09 00:00:00,7.377038923039315,2.543536007766467,12.22359636097991,
2025-11-16 00:00:00,7.030194462372633,2.2739939557457483,11.64245027868946,
2025-11-23 00:00:00,6.535252170282201,1.7065337695385496,11.156354090589284,
2025-11-30 00:00:00,6.2917118799080995,1.867797644918392,10.94469202297639,
2025-12-07 00:00:00,6.581673945723642,1.9429845804608608,11.197458218721078,
2025-12-14 00:00:00,7.312331071722508,2.713057474887905,11.492810870259012,
2025-12-21 00:00:00,8.088825318413269,3.3047996558771953,12.776892959482629,
2025-12-28 00:00:00,8.53605674833946,3.825551298380474,13.297623637505875,
2026-01-04 00:00:00,8.564005866507285,3.984162747742772,13.171601693650866,
2026-01-11 00:00:00,8.361070210411565,3.9814891747191865,12.896053423118396,
2026-01-18 00:00:00,8.181306237658498,3.5146828648582957,13.062842020825286,
2026-01-25 00:00:00,8.15895462595021,3.4953796069017757,12.70171788091474,
2026-02-01 00:00:00,8.2910077907649,3.5619331614478122,13.028095303813645,
2026-02-08 00:00:00,8.524030506473274,3.721171684223422,13.221370789835929,
2026-02-15 00:00:00,8.804627272467913,4.05271120667093,13.579629912342352,
2026-02-22 00:00:00,9.05668058710514,4.373356269483403,13.68295221689542,
2026-03-01 00:00:00,9.169152868310572,4.59566606158052,13.448584524332635,
2026-03-08 00:00:00,9.059977420605081,4.585039288649993,14.123084061834167,
2026-03-15 00:00:00,8.762775702367247,3.886043789296928,13.629936465984173,
2026-03-22 00:00:00,8.428199982313604,4.110911522804713,13.487159899880357,
2026-03-29 00:00:00,8.215764472289804,3.4819083653423712,12.957213008337213,
2026-04-05 00:00:00,8.173267181771946,3.525610868187198,12.974346400382668,
2026-04-12 00:00:00,8.215401483682873,3.2147114493546924,12.902514119674702,
2026-04-19 00:00:00,8.209719484650133,3.2499861902852567,12.930831848969367,
2026-04-26 00:00:00,8.079218609574738,3.563243630079276,12.844149329123372,
2026-05-03 00:00:00,7.836992244903913,3.11457104122882,12.648061868786028,
2026-05-10 00:00:00,7.549579983610152,2.894300681280378,12.050191390104732,
2026-05-17 00:00:00,7.281270105571951,2.445881076264567,11.703011246741905,
2026-05-24 00:00:00,7.059650855369144,2.2767923892493824,11.460504141093288,
2026-05-31 00:00:00,6.869269197768114,2.230519190710572,11.802788095850403,
2026-06-07 00:00:00,6.6727296123125,2.1251422581911514,11.788224887593941,
2026-06-14 00:00:00,6.459843132045133,1.8951809631535719,11.460820100478921,
2026-06-21 00:00:00,6.298954223842054,1.5824921545098887,11.188945445689072,
2026-06-28 00:00:00,6.331979898385201,1.7403737354915743,11.355281982686153,
2026-07-05 00:00:00,6.679442711408399,1.5668172164276601,11.195572191392174,
2026-07-12 00:00:00,7.3105800082570145,2.410604500705727,12.686972628765062,
2026-07-19 00:00:00,7.997669106004327,3.4602441801011876,12.663275003587069,
2026-07-26 00:00:00,8.423865326255225,3.669324460619431,12.963004783667941,
2026-08-02 00:00:00,8.379973945053946,3.872320776907931,13.171858826675397,
2026-08-09 00:00:00,7.90031975176541,3.222742251361037,12.697181282218496,
2026-08-16 00:00:00,7.239553672418587,2.7066512018345854,11.820539658170992,
2026-08-23 00:00:00,6.723411537364139,1.9385604527823244,11.520072648544948,
2026-08-30 00:00:00,6.584691950528571,1.907714313305016,11.210810069293293,
2026-09-06 00:00:00,6.867293651662796,2.0720828535660685,11.6015990064586,
2026-09-13 00:00:00,7.415052529738078,2.8453378444662745,12.262456665757671,
2026-09-20 00:00:00,7.93857543733992,3.2219913389512014,12.159474411407619,
2026-09-27 00:00:00,8.155754478007108,3.617058589914877,12.986406878315881,
2026-10-04 00:00:00,7.961935237320719,3.360214811186329,12.638539914010916,
2026-10-11 00:00:00,7.515223157087628,2.739273479522735,11.896130620752176,
2026-10-18 00:00:00,7.131009561492959,2.5735319226485123,12.000508665209761,
2026-10-25 00:00:00,7.027278992612278,2.6218137924038096,12.090096592582613,
2026-11-01 00:00:00,7.131279217225542,2.583816592968592,11.991771199612336,
2026-11-08 00:00:00,7.147655970169897,2.471140176814864,11.755399258589197,
2026-11-15 00:00:00,6.8554926737082145,2.113302933059056,11.518732315462955,
2026-11-22 00:00:00,6.360377334665502,1.85516908788735,11.16681819421015,
2026-11-29 00:00:00,6.043014341011831,1.365663797235686,11.231644107980303,
2026-12-06 00:00:00,6.232564051089807,1.3825086149439878,11.029461298079786,
2026-12-13 00:00:00,6.9082946596592905,2.0465035207894786,11.607084966327943,
2026-12-20 00:00:00,7.709366102508904,2.7769014263609106,11.94567968362519,
2026-12-27 00:00:00,8.23185986486411,3.7492499444172145,12.919834750911711,
2027-01-03 00:00:00,8.326695626870492,3.8196619543881596,13.07737351394415,
2027-01-10 00:00:00,8.145029551813767,3.72795589895832,13.243246441371134,
2027-01-17 00:00:00,7.9465836133582926,3.2336859627956622,12.824970939302824,
2027-01-24 00:00:00,7.89334391919806,3.0906294012793305,12.485848948928458,
2027-01-31 00:00:00,8.001457456628055,3.2129536122338145,12.649900794886591,
2027-02-07 00:00:00,8.220349921472462,3.6079915768157287,13.11747428060477,
2027-02-14 00:00:00,8.496862464274153,3.761624481391853,13.393200622992872,
2027-02-21 00:00:00,8.761543110606112,4.060315605182448,13.6303527016623,
2027-02-28 00:00:00,8.90711127149644,4.251893129299504,13.233504521725695,
2027-03-07 00:00:00,8.839124614222602,3.9581483747202393,13.595744670283842,
2027-03-14 00:00:00,8.566882594043046,3.5333740023813762,13.05819704165517,
2027-03-21 00:00:00,8.22565362954974,3.0700655596232123,12.975955591398298,
2027-03-28 00:00:00,7.983647974596511,3.273671849895181,12.824596683867874,
2027-04-04 00:00:00,7.91391262722693,3.526398301826559,12.721655391323242,
2027-04-11 00:00:00,7.950845232071443,3.5741892774055417,12.67263066865212,
2027-04-18 00:00:00,7.961909556812179,3.4974539943561327,12.485880691673463,
2027-04-25 00:00:00,7.855145063240613,3.5781220023146822,12.504538532821078,
2027-05-02 00:00:00,7.628752405654683,2.989276065349072,12.180831793252786,
2027-05-09 00:00:00,7.344006311299104,2.70394917899982,11.774654901197021,
2027-05-16 00:00:00,7.068971459016483,2.3158478951362724,11.71299954932806,
2027-05-23 00:00:00,6.839017054124292,2.2012449421912885,11.576671682015974,
2027-05-30 00:00:00,6.645669506172966,1.8544681299045092,11.435149161140203,
2027-06-06 00:00:00,6.452556146461198,1.7392718418521929,11.66639092815898,
2027-06-13 00:00:00,6.240266395557596,1.9048523311759098,11.530758668910968,
2027-06-20 00:00:00,6.061051420758996,1.214514063862639,10.716701512075588,
2027-06-27 00:00:00,6.048194259322852,1.5490447750515806,11.200359687373453,
2027-07-04 00:00:00,6.3359998563759365,1.8045885403055548,11.21852887578806,
2027-07-11 00:00:00,6.9280425312478595,2.245152902680788,12.197414269568275,
2027-07-18 00:00:00,7.628255743500492,2.644818976024637,12.013677217408608,
2027-07-25 00:00:00,8.122023483721843,3.3065485206558485,12.79953530123218,
2027-08-01 00:00:00,8.167255109728275,3.6838445140151137,13.022375786039095,
2027-08-08 00:00:00,7.751579561175888,3.0759636874840366,12.15704147840669,
2027-08-15 00:00:00,7.098936035795655,2.2607124989374228,11.883108096271215,
2027-08-22 00:00:00,6.535455430305717,1.737273622249174,11.266287037890283,
2027-08-29 00:00:00,6.320069362838575,1.3222605914398118,10.906291748661282,
2027-09-05 00:00:00,6.533560664388784,1.8606507989594432,11.130580214717494,
2027-09-12 00:00:00,7.052809311470188,2.2730027464206017,11.6603212378269,
2027-09-19 00:00:00,7.603855656068861,2.798596257575305,12.739131425063182,
2027-09-26 00:00:00,7.890512151286842,3.0211279244461124,12.601002114245944,
2027-10-03 00:00:00,7.7659045324324,3.278536286139939,12.429158953518321,
2027-10-10 00:00:00,7.342848291968302,2.6377858950907154,11.975625917627392,
2027-10-17 00:00:00,6.925087702837519,2.150694256464801,11.670454097324024,
2027-10-24 00:00:00,6.767341993726025,1.8491357800755646,11.373460477165995,
2027-10-31 00:00:00,6.852620950305103,2.2314577570358196,11.633668843969645,
2027-11-07 00:00:00,6.907472116853354,1.7974734463541795,11.610937466292361,
2027-11-14 00:00:00,6.673499233741712,1.6036554939161523,11.41759150391739,
2027-11-21 00:00:00,6.191314411203402,1.4455056816756517,10.325817062105973,
2027-11-28 00:00:00,5.8115062902125825,1.1984002519754782,10.676761182993168,
2027-12-05 00:00:00,5.899947733206183,1.2044017651622925,10.759621580885275,
2027-12-12 00:00:00,6.508363585695088,1.4735255296884544,11.270827129477588,
2027-12-19 00:00:00,7.320263817320127,2.599010995827358,12.015886552655148,
2027-12-26 00:00:00,7.913159265745742,3.656998910726996,12.90101292227931,
2028-01-02 00:00:00,8.080288166198198,3.0532182618497794,12.687744974941662,
2028-01-09 00:00:00,7.928773279867989,3.118150665964179,12.376130403953454,
2028-01-16 00:00:00,7.7169169614191535,2.894435777929176,12.762795117895562,
2028-01-23 00:00:00,7.633038818661729,3.136080025378474,12.697829424496419,
2028-01-30 00:00:00,7.71541030695602,3.012770460075532,12.616721446428464,
2028-02-06 00:00:00,7.918545492412262,3.4149065577513005,12.527620651462726,
2028-02-13 00:00:00,8.18885038545296,3.3615808098766395,12.915993153243413,
2028-02-20 00:00:00,8.462593568981958,3.761914201562006,13.072057692355877,
2028-02-27 00:00:00,8.637965257753638,4.140232226064138,13.264312761473814,
2028-03-05 00:00:00,8.611386450875127,3.870163648718856,13.056852873103805,
2028-03-12 00:00:00,8.368690327997637,3.8667665330731937,13.475884067580655,
2028-03-19 00:00:00,8.02655114249443,2.7254028196364963,12.771753402781542,
2028-03-26 00:00:00,7.757428112453439,3.0045744493171433,12.576063399935686,
2028-04-02 00:00:00,7.6581444728257715,3.188370704169073,12.60898016519012,
2028-04-09 00:00:00,7.685334645259108,3.1199631249460014,12.317625459984395,
2028-04-16 00:00:00,7.710079993681484,2.8401482218942364,12.51213988307222,
2028-04-23 00:00:00,7.62708525982973,3.265011246396207,12.376357649215858,
2028-04-30 00:00:00,7.418642664758503,2.748631659631725,12.172210021736317,
2028-05-07 00:00:00,7.138836628513894,2.3126841669666964,11.933792519210826,
2028-05-14 00:00:00,6.8582315612746365,2.4855284271117473,11.525000097360753,
2028-05-21 00:00:00,6.619633379897216,2.007977191328754,11.321529633555853,
2028-05-28 00:00:00,6.422039798812488,1.6203695745210593,11.190639124227717,
2028-06-04 00:00:00,6.231571190131056,1.4788473888951996,11.135984576095204,
2028-06-11 00:00:00,6.021500111246388,1.7163111483669375,10.465828631377121,
2028-06-18 00:00:00,5.82842768380382,1.2551855885429681,10.35611949342608,
2028-06-25 00:00:00,5.7743552738668225,1.1660031787558491,10.434671047663096,
2028-07-02 00:00:00,6.002831514468543,1.4504811847993047,10.713099496554287,
2028-07-09 00:00:00,6.549303774289467,2.137249367996027,11.343334616843556,
2028-07-16 00:00:00,7.252059311027758,2.2364389072849162,11.64838136181707,
2028-07-23 00:00:00,7.805228075683235,3.37625680258824,12.466792365527994,
2028-07-30 00:00:00,7.939177052443174,2.9895855778505025,12.554348211101182,
2028-08-06 00:00:00,7.595009470030803,3.3198580647459055,12.371653871700559,
2028-08-13 00:00:00,6.961359188581371,2.300115492077258,11.765742712323812,
2028-08-20 00:00:00,6.3590883572836585,2.1941108584241977,11.231608485097881,
2028-08-27 00:00:00,6.0696729179831665,1.6748286386252484,10.828118293073569,
2028-09-03 00:00:00,6.209992708632148,1.794684782348141,11.403489328399687,
2028-09-10 00:00:00,6.691657006159835,2.5031000940842745,11.36759100139426,
2028-09-17 00:00:00,7.260302079914543,2.699396419652339,12.155146353830354,
2028-09-24 00:00:00,7.611418728877014,2.686630167714994,12.06297036884241,
2028-10-01 00:00:00,7.559795179908486,2.8677825600921985,11.925174250146867,
2028-10-08 00:00:00,7.170771334020343,2.60594618931066,11.979026309851749,
2028-10-15 00:00:00,6.728250152090299,2.0112373994585315,11.091835101071842,
2028-10-22 00:00:00,6.515919219365344,1.9761109855349055,11.467474372489256,
2028-10-29 00:00:00,6.57296116439103,2.002148480109396,11.410640318109182,
2028-11-05 00:00:00,6.657199504991162,1.9731219456688063,11.735613919205553,
2028-11-12 00:00:00,6.4826690201867,1.7120568169718569,11.164441365037533,
2028-11-19 00:00:00,6.0254622212363405,1.23263548023015,10.694641548179538,
2028-11-26 00:00:00,5.595849629391628,1.105229140548409,10.260143582021417,
2028-12-03 00:00:00,5.5849869899212425,0.6780797599778605,9.979158324110756,
2028-12-10 00:00:00,6.115215496243033,1.295894944472038,10.810962908634018,
2028-12-17 00:00:00,6.92353006124339,1.8366801496718779,11.286456322882167,
2028-12-24 00:00:00,7.57996974709728,2.8504008817905904,12.304214053531116,
2028-12-31 00:00:00,7.823311951389579,3.033909089634789,12.596161526685176,
2029-01-07 00:00:00,7.710834556778332,3.05634894061632,12.408122919364407,
2029-01-14 00:00:00,7.491776487394757,2.8085749422571045,12.094418130553157,
2029-01-21 00:00:00,7.378249584108952,2.441990211380972,12.229399934477469,
2029-01-28 00:00:00,7.433198499433471,2.6667448261678954,12.23937183334822,
2029-02-04 00:00:00,7.618897708245724,2.8341595493650944,12.683904985995163,
2029-02-11 00:00:00,7.881075046227169,3.0387397808448364,12.500458156945356,
2029-02-18 00:00:00,8.16053722328099,3.4514682641151113,12.864010019404752,
2029-02-25 00:00:00,8.36212988625078,3.588746619063804,13.135276259544018,
2029-03-04 00:00:00,8.376371699398067,3.543902807982108,12.85427486284862,
2029-03-11 00:00:00,8.167160061813433,3.406206901460397,12.559704003151147,
2029-03-18 00:00:00,7.8299993229436105,2.9958031860306695,12.461435596598989,
2029-03-25 00:00:00,7.537033222393163,2.79627901936594,12.121085232704523,
2029-04-01 00:00:00,7.406650010851889,2.5216881327851235,11.882999685978637,
2029-04-08 00:00:00,7.419665193136996,2.5912717932657188,12.278123587010803,
2029-04-15 00:00:00,7.454557400836625,3.0318908762868473,12.259660796658784,
2029-04-22 00:00:00,7.394826858806317,2.4689131301377634,12.015918209099299,
2029-04-29 00:00:00,7.206221302856959,2.5341046533081375,11.718571439518083,
2029-05-06 00:00:00,6.933723508399921,2.4148679292617183,11.770026126495765,
2029-05-13 00:00:00,6.648952260781164,2.0482590250830386,11.35502599252402,
2029-05-20 00:00:00,6.401652442187956,2.151203671924023,11.063357457981684,
2029-05-27 00:00:00,6.19862718508537,1.8116545879191337,10.940353987423538,
2029-06-03 00:00:00,6.009787286568749,1.5372648863951026,10.6012392110713,
2029-06-10 00:00:00,5.803022331690796,1.1840969350112616,10.702697969843577,
2029-06-17 00:00:00,5.600152479880954,0.9178458682996267,10.1127644642159,
2029-06-24 00:00:00,5.509817999310558,0.6805171348427628,10.21703885547155,
2029-07-01 00:00:00,5.680366556562534,0.9810395535777019,9.924862904908277,
2029-07-08 00:00:00,6.175970735834333,1.4256854629073556,10.890077142123317,
2029-07-15 00:00:00,6.8709975247586925,2.1117505215428576,11.439800094014418,
2029-07-22 00:00:00,7.474467749271297,3.1247968224063465,12.329929072270845,
2029-07-29 00:00:00,7.695157209054515,3.318847667369549,12.690456151656495,
2029-08-05 00:00:00,7.428849195608041,2.9809670144353735,11.96125120803611,
2029-08-12 00:00:00,6.824904835168573,2.0287311118336557,11.658242060780243,
2029-08-19 00:00:00,6.193152317929618,1.903903427423769,10.91556729925689,
2029-08-26 00:00:00,5.833534054955633,1.4427239040143496,10.75209341647489,
2029-09-02 00:00:00,5.89776305218108,1.5443510916435477,10.783929984772413,
2029-09-09 00:00:00,6.333430381616741,1.8582461198217723,11.498628733399658,
2029-09-16 00:00:00,6.909495302281926,2.4235080218346985,11.760141320010266,
2029-09-23 00:00:00,7.31877670096058,2.5528664026642396,12.124865317259506,
2029-09-30 00:00:00,7.342288574111973,2.779410544617302,12.41879055367053,
2029-10-07 00:00:00,6.996974772534715,2.4541247792504395,11.75226126018687,
2029-10-14 00:00:00,6.5394629652906175,1.886779971066444,11.044195676055322,
2029-10-21 00:00:00,6.273921706132423,1.9876470731047329,10.99439415220602,
2029-10-28 00:00:00,6.294311379080051,1.3680315827196665,10.816162832001043,
2029-11-04 00:00:00,6.397907851121891,1.890651943584884,11.254404436904434,
2029-11-11 00:00:00,6.281832950095453,1.6212248012377355,11.240500440287128,
2029-11-18 00:00:00,5.860242238115983,1.0770077843045467,10.784443823921539,
2029-11-25 00:00:00,5.394332162134829,0.7782104036264172,9.788530022026098,
2029-12-02 00:00:00,5.288407099963791,0.3181173061115228,9.792793031960523,
2029-12-09 00:00:00,5.731409774041804,0.770837742851679,10.657554417210795,
2029-12-16 00:00:00,6.52144131155692,1.9417934919272977,11.177400760761733,
2029-12-23 00:00:00,7.232676414411398,2.5319911995315874,12.263929191627946,
2029-12-30 00:00:00,7.554458280188176,2.932904102421257,12.572483713242475,
2030-01-06 00:00:00,7.489645063910457,2.81551930731177,12.037022036507153,
2030-01-13 00:00:00,7.270450871058959,2.4952851870353125,11.993595782762553,
2030-01-20 00:00:00,7.1291019487936556,2.5575686760088283,11.668018979307806,
2030-01-27 00:00:00,7.155163931010151,2.3882261910215004,11.560991900610672,
2030-02-03 00:00:00,7.321682314172442,2.9065456346364664,12.299228351248694,
2030-02-10 00:00:00,7.573967367627897,3.0437478973557814,12.256744634163248,
2030-02-17 00:00:00,7.856064949080942,3.5295337868033894,12.733688263432725,
2030-02-24 00:00:00,8.080120693683988,3.8314339645584337,12.73866457779804,
2030-03-03 00:00:00,8.133845933553653,3.348392099933501,13.063353292652376,
2030-03-10 00:00:00,7.961321176194525,2.5603846797471093,12.78719053571747,
2030-03-17 00:00:00,7.635014458804668,3.0356663901514196,12.589956425528797,
2030-03-24 00:00:00,7.322225356108342,2.570576853337431,11.773170898332294,
2030-03-31 00:00:00,7.160019510683425,2.6423076601598945,11.631864180579846,
2030-04-07 00:00:00,7.154666281843166,2.4843019368384676,12.10295078113929,
2030-04-14 00:00:00,7.1957731381190495,2.6555404573115684,11.909644997223475,
2030-04-21 00:00:00,7.158237102159038,2.514896896035271,11.661402522754978,
2030-04-28 00:00:00,6.991060155360261,2.2733891702758084,11.537117953600463,
2030-05-05 00:00:00,6.728286133158569,2.2178017226845608,11.633912952946242,
2030-05-12 00:00:00,6.4409868602509865,1.5551579601141965,11.216997005060303,
2030-05-19 00:00:00,6.185188279923496,1.6981801231333868,10.816736705927138,
2030-05-26 00:00:00,5.975681923569577,1.3413451811895358,10.813790636074096,
2030-06-02 00:00:00,5.787286613558164,0.971433676354577,10.427170837049584,
2030-06-09 00:00:00,5.584414454734193,1.210724643905058,10.54889193530969,
2030-06-16 00:00:00,5.375331155396658,0.5362569330895006,9.988547856976734,
2030-06-23 00:00:00,5.253820943150317,0.639232136277954,9.965090109233817,
2030-06-30 00:00:00,5.36880605750061,0.7845559977440804,10.579864943063189,
2030-07-07 00:00:00,5.809478739729603,1.1782759283064559,10.465303699984489,
2030-07-14 00:00:00,6.4870259886189565,2.037594702294297,11.403866559655617,
2030-07-21 00:00:00,7.130972195514932,2.2266459060513535,11.636092270674972,
2030-07-28 00:00:00,7.434893423383668,3.3793962141608667,12.494244943153443,
2030-08-04 00:00:00,7.251482083358734,2.58100326486585,12.03496737751125,
2030-08-11 00:00:00,6.687604512788155,2.2379308776688287,11.497628209820853,
2030-08-18 00:00:00,6.0363067317515195,1.3989935036940375,10.40575600484258,
2030-08-25 00:00:00,5.611462909645486,0.8867046373776191,10.221779166973342,
2030-09-01 00:00:00,5.597863358476969,1.0360191556799414,10.397766754031423,
2030-09-08 00:00:00,5.979901893276297,1.2290829030495463,10.362633228399133,
2030-09-15 00:00:00,6.553141794740709,1.7743238791949416,11.576029162895393,
2030-09-22 00:00:00,7.013173243440702,2.2416072161473055,11.75634824227609,
2030-09-29 00:00:00,7.1123255433664125,2.378526990582916,11.838598001467062,
2030-10-06 00:00:00,6.819447998474642,1.7878277010342982,11.523572955363134,
2030-10-13 00:00:00,6.357404044045879,1.545196285058612,10.893468406808589,
2030-10-20 00:00:00,6.041919743349602,1.2774549482489794,10.812806968387143,
2030-10-27 00:00:00,6.018623766479243,1.2415476149913554,10.77336690327516,
2030-11-03 00:00:00,6.130978908270361,1.7278762385088458,10.751027773404195,
2030-11-10 00:00:00,6.070226410371415,1.2875176437722775,10.641523760300487,
2030-11-17 00:00:00,5.693177576853353,0.7495963819666311,10.299968761225793,
2030-11-24 00:00:00,5.2049220720520575,0.8733510647718052,9.883612430292565,
2030-12-01 00:00:00,5.010475358348249,0.06437678928755197,9.533674686144817,
2030-12-08 00:00:00,5.359313964724365,0.6732730605551307,10.044171707939213,
2030-12-15 00:00:00,6.116483835400749,1.4991030018870735,10.871098101798186,
2030-12-22 00:00:00,6.872042831321593,2.4016007870209055,11.894805547433915,
2030-12-29 00:00:00,7.272631731227559,2.5624227802084985,11.637284471690293,
2031-01-05 00:00:00,7.2635729551166,2.7382398087916666,12.390043963278684,
2031-01-12 00:00:00,7.052044833374221,2.5169336900935644,11.428069924251812,
2031-01-19 00:00:00,6.885614406508365,2.2089730761096265,11.291786316537884,
2031-01-26 00:00:00,6.881648822271513,2.0971932553021997,11.698016310426064,
2031-02-02 00:00:00,7.027179394620969,2.400041771283817,11.27312669254117,
2031-02-09 00:00:00,7.267909878569249,2.689851151317324,12.093783624167727,
2031-02-16 00:00:00,7.549838105625992,3.071118024405271,12.362099200920198,
2031-02-23 00:00:00,7.7925330977343705,2.600988453773521,12.405667003441167,
2031-03-02 00:00:00,7.883731583786326,2.895182181132708,12.445828073667398,
2031-03-09 00:00:00,7.750296390442633,3.0557251469722413,12.50782420317057,
2031-03-16 00:00:00,7.440548670469584,3.0048823849185213,11.98327101383402,
2031-03-23 00:00:00,7.112602845370604,2.5650752667847563,11.514585389335288,
2031-03-30 00:00:00,6.918725520898466,2.233657047013449,11.469151002903587,
2031-04-06 00:00:00,6.891179419208019,2.291349910849857,11.65521903905129,
2031-04-13 00:00:00,6.934258231095642,2.1555350553346093,11.404486987068344,
2031-04-20 00:00:00,6.917272507566606,2.0259672055063627,11.821671966095314,
2031-04-27 00:00:00,6.77275616012019,2.031670576970331,11.455678495856995,
2031-05-04 00:00:00,6.522116152149477,1.839560669464916,11.557844453106995,
2031-05-11 00:00:00,6.234140916688047,1.5845816719925754,11.007076012183447,
2031-05-18 00:00:00,5.970312571413676,0.9960303654165834,10.480504307251564,
2031-05-25 00:00:00,5.753447370575475,0.8870657821160455,10.435535041368366,
2031-06-01 00:00:00,5.564209220118803,1.0075662796794873,10.375292405712123,
2031-06-08 00:00:00,5.365361233291738,0.3421974425987617,10.082093846872034,
2031-06-15 00:00:00,5.153125359750819,0.21672751485027142,9.690892221770333,
2031-06-22 00:00:00,5.00551482872938,0.3944239287153479,9.568293410386557,
2031-06-29 00:00:00,5.068133288187615,0.35691341764931117,10.071628904094093,
2031-07-06 00:00:00,5.451067355044246,0.48663033504895914,9.990294370690602,
2031-07-13 00:00:00,6.1020955764761124,1.170299605268223,11.004275164758958,
2031-07-20 00:00:00,6.776184758994978,2.2889316486266607,11.720440514991173,
2031-07-27 00:00:00,7.1583717751765015,2.4997598139679162,12.196916900755674,
2031-08-03 00:00:00,7.061467976338223,2.356373184513295,11.965117710128602,
2031-08-10 00:00:00,6.547472112349214,1.6802697448407535,11.47793779774668,
2031-08-17 00:00:00,5.887045031551345,0.956821367362541,10.630499694527474,
2031-08-24 00:00:00,5.403049058473815,1.0846493826152388,10.437001098879318,
2031-08-31 00:00:00,5.311091099944651,0.6474564262703559,10.054083887909005,
2031-09-07 00:00:00,5.632754199852805,0.46989049122089455,10.37851764798606,
2031-09-14 00:00:00,6.193038231924939,1.7847772453030597,11.00215457174829,
2031-09-21 00:00:00,6.695461218212829,2.3375380589630153,11.449075503672315,
2031-09-28 00:00:00,6.869129134734292,2.2941974179853046,11.858324625187276,
2031-10-05 00:00:00,6.636243634561032,1.8653836345239654,11.304215430015699,
2031-10-12 00:00:00,6.180505423548578,1.5774373039030616,10.951240261344159,
2031-10-19 00:00:00,5.820125913696989,1.2345395282428884,10.577033883657872,
2031-10-26 00:00:00,5.747723515177842,1.0547070717222846,10.590643627000997,
2031-11-02 00:00:00,5.858051286632502,0.7922508700401654,10.809002622514543,
2031-11-09 00:00:00,5.847503903096749,1.1140683623926426,10.409391608031491,
2031-11-16 00:00:00,5.521967829957498,1.0927116237840302,10.3716043259449,
2031-11-23 00:00:00,5.025332263385739,0.23976135129977472,9.969821846733634,
2031-11-30 00:00:00,4.750993882326533,0.30470521989910715,9.745808694780772,
2031-12-07 00:00:00,5.001034808972985,0.20715608414066367,9.907135373056857,
2031-12-14 00:00:00,5.711290352587702,1.0155872818807339,10.098965295879664,
2031-12-21 00:00:00,6.4992075538145,1.7543622306373523,11.38609178676023,
2031-12-28 00:00:00,6.9769969419235025,2.2857640765156004,11.910275640152694,
2032-01-04 00:00:00,7.030966506316831,2.4179070912465814,11.70030779789015,
2032-01-11 00:00:00,6.835483613238038,1.8760530910035236,11.754434410869768,
2032-01-18 00:00:00,6.647676358573831,2.2930180914921783,11.643451570080437,
2032-01-25 00:00:00,6.61298242687213,2.0679293630137208,11.646780848164259,
2032-02-01 00:00:00,6.735680399767231,1.989885574263722,11.373976286597028,
2032-02-08 00:00:00,6.9632440475767305,2.1027797988554946,11.812934392371726,
2032-02-15 00:00:00,7.242476737324654,2.285987564547672,11.74838758002403,
2032-02-22 00:00:00,7.5000207198304665,2.800699714468765,12.058084169403184,
2032-02-29 00:00:00,7.626103029980952,2.743880025538874,12.389369383262679,
2032-03-07 00:00:00,7.533323559192114,2.8485089504144785,12.005671804225006,
2032-03-14 00:00:00,7.245518308427119,2.5471549496665196,11.95491530167919,
2032-03-21 00:00:00,6.907607964697492,1.985079718584453,11.734492319071283,
2032-03-28 00:00:00,6.683105028829867,1.701044048814242,11.540827567848492,
2032-04-04 00:00:00,6.630034804670945,1.7713655508719626,11.449055566497007,
2032-04-11 00:00:00,6.67063485660641,2.1853635009718255,11.41526440962889,
2032-04-18 00:00:00,6.671986800802461,2.0226990113414,11.173218702578557,
2032-04-25 00:00:00,6.550943424875484,2.1985524836881263,11.639448592492577,
2032-05-02 00:00:00,6.314784653847434,1.8365443049721524,11.157951384538894,
2032-05-09 00:00:00,6.0281738015673,1.2249703688010856,10.806159465231238,
2032-05-16 00:00:00,5.7570518030481255,0.8258633950044496,10.748086272281723,
2032-05-23 00:00:00,5.5321510152652476,0.7866542417275806,9.97905703514601,
2032-05-30 00:00:00,5.340740744389123,0.5155217388218887,9.842460376080208,
2032-06-06 00:00:00,5.145647640104758,0.24013511581940072,10.059369832415124,
2032-06-13 00:00:00,4.932770019370757,0.363018071155377,9.76108905408938,
2032-06-20 00:00:00,4.7639917131870755,-0.2901807863632069,9.288652123819823,
2032-06-27 00:00:00,4.778128913797199,0.1550555902024744,9.374309532587914,
2032-07-04 00:00:00,5.101762182186414,0.2564798925849292,9.829680082166227,
2032-07-11 00:00:00,5.718110775003816,1.316571937115695,10.299905679552623,
2032-07-18 00:00:00,6.411730071256866,1.7087608179007834,11.050790857929117,
2032-07-25 00:00:00,6.865868031298721,1.9290147970918783,11.604231163541838,
2032-08-01 00:00:00,6.857573404222951,2.2209705473403147,11.349821237550259,
2032-08-08 00:00:00,6.402538121484878,1.6340997284069276,10.879888625129155,
2032-08-15 00:00:00,5.7437144249879815,1.2735754677845854,10.221799128922791,
2032-08-22 00:00:00,5.207664779874621,0.29760128988807644,9.70828493456056,
2032-08-29 00:00:00,5.038039424236616,0.017461499176651074,10.125138445670322,
2032-09-05 00:00:00,5.293555323029015,0.6049293262251236,10.393688517259113,
2032-09-12 00:00:00,5.831035930344693,0.983343147244887,10.402344212448481,
2032-09-19 00:00:00,6.366734906856478,1.8949394962149615,10.85067015716833,
2032-09-26 00:00:00,6.612219225253179,2.165306631068189,11.423936381633652,
2032-10-03 00:00:00,6.445530537699626,1.726324582972385,11.201458889106398,
2032-10-10 00:00:00,6.007002249516963,1.3487627814297989,10.608511400700536,
2032-10-17 00:00:00,5.608390060012128,0.8638971978328005,10.032893510416326,
2032-10-24 00:00:00,5.48324665042845,0.8427332552573699,10.433229828454104,
2032-10-31 00:00:00,5.58095764857733,0.9639441746526538,10.373428547246249,
2032-11-07 00:00:00,5.613739582489399,0.7615887337505889,10.199868980141511,
2032-11-14 00:00:00,5.344557282717785,0.625501740464367,9.805573758054642,
2032-11-21 00:00:00,4.853092433193559,0.031722150742679034,9.434870994559152,
2032-11-28 00:00:00,4.509306840071535,0.07596796467445088,9.757317514762684,
2032-12-05 00:00:00,4.6583562443417,-0.1439639813985405,9.663483251424832,
2032-12-12 00:00:00,5.308570331219585,1.1812694527616516,10.218873355712923,
2032-12-19 00:00:00,6.115668678112744,1.0801708234523577,10.981436939687876,
2032-12-26 00:00:00,6.667019825524087,1.669856850946486,11.332846569841971,
2033-01-02 00:00:00,6.7902022191237545,2.106420034195799,11.647801361438287,
2033-01-09 00:00:00,6.619524850061038,1.771808183820104,11.326174743955642,
2033-01-16 00:00:00,6.4150283728665745,2.0506724419728,10.77763673365778,
2033-01-23 00:00:00,6.349464264398444,1.7009526486930193,11.084334754248749,
2033-01-30 00:00:00,6.44749237463337,1.5564338275061917,11.226447566453842,
2033-02-06 00:00:00,6.660279542248601,1.9882001856238105,11.613704535070102,
2033-02-13 00:00:00,6.934551439115948,2.291885116465429,11.529888968655307,
2033-02-20 00:00:00,7.203273583478231,2.354802142138837,12.03908431517034,
2033-02-27 00:00:00,7.361177092561518,2.4536527414535554,12.055750946416378,
2033-03-06 00:00:00,7.309773437976459,2.90686264673021,12.312868664306801,
2033-03-13 00:00:00,7.048833439068835,2.229852062001606,11.821650861389287,
2033-03-20 00:00:00,6.706539535225366,2.0550695481189756,11.556993746258886,
2033-03-27 00:00:00,6.4533451888702995,1.661462118864221,11.125232292955634,
2033-04-03 00:00:00,6.372027054451065,1.7661015282667467,11.420100032748232,
2033-04-10 00:00:00,6.4056044329275394,1.7984163948276661,11.34370028317982,
2033-04-17 00:00:00,6.422536641132611,1.909890050274841,11.338560708358632,
2033-04-24 00:00:00,6.325305504514084,1.53859178832451,10.762793636869274,
2033-05-01 00:00:00,6.10585026891032,1.0850734052859057,10.88995177731066,
2033-05-08 00:00:00,5.822801067902883,0.9961201355615463,10.33121884715627,
2033-05-15 00:00:00,5.545385316140376,0.6897008678570327,10.482453929403007,
2033-05-22 00:00:00,5.311996671469107,0.3389290416748594,9.900079497013815,
2033-05-29 00:00:00,5.117100042849108,0.7915499574328475,9.66982895055739,
2033-06-05 00:00:00,4.925152992608192,0.4991573787176158,9.651527398327215,
2033-06-12 00:00:00,4.713586608997936,-0.20502062085875217,9.484511220731884,
2033-06-19 00:00:00,4.52831355238952,-0.24036351809982115,9.171755177599586,
2033-06-26 00:00:00,4.498390705659076,-0.3957707271670845,9.232025837257646,
2033-07-03 00:00:00,4.7623628425282085,0.0784769200696438,9.237182969444268,
2033-07-10 00:00:00,5.336890125088314,0.427540687186994,10.19854658577262,
2033-07-17 00:00:00,6.039377554396744,1.1773065172561132,10.981113292919417,
2033-07-24 00:00:00,6.557942525542944,1.778183812209269,11.264169725074009,
2033-07-31 00:00:00,6.638798225072819,2.1827892357677054,11.396783914800096,
2033-08-07 00:00:00,6.25088496952342,1.5859123569046103,10.962873520335357,
2033-08-14 00:00:00,5.604538799888126,0.7338521190856149,10.098304951756845,
2033-08-21 00:00:00,5.024470965121704,0.13535635797998502,9.847356220410903,
2033-08-28 00:00:00,4.77908939955556,-0.19378347355272751,9.443942767458307,
2033-09-04 00:00:00,4.96373653269009,0.4471694450513706,9.89228758482025,
2033-09-11 00:00:00,5.469006136105763,0.9847640052333855,10.690120578801231,
2033-09-18 00:00:00,6.028301461191948,1.7004317830133981,10.843269215808098,
2033-09-25 00:00:00,6.341418992672185,1.808412393451312,11.317279779518836,
2033-10-02 00:00:00,6.245642021720672,1.4381748418997864,11.262065822212643,
2033-10-09 00:00:00,5.834986684208727,0.9338291562750447,10.554118056651689,
2033-10-16 00:00:00,5.406206034750386,0.43879138967686515,10.126532413869883,
2033-10-23 00:00:00,5.2265852676501865,0.6264201894253585,10.162627898055465,
2033-10-30 00:00:00,5.30165652104548,0.31044661769780824,9.851481827586,
2033-11-06 00:00:00,5.36941384957999,0.3226734304649739,10.283129191956924,
2033-11-13 00:00:00,5.1591942826995805,0.06666768102825671,10.116142566470375,
2033-11-20 00:00:00,4.685626475732597,-0.13251076052299915,9.739601800044728,
2033-11-27 00:00:00,4.284321958575792,-0.6094595163732421,9.000341961684903,
2033-12-04 00:00:00,4.332686537304779,-0.3522854259944985,9.04090870187174,
2033-12-11 00:00:00,4.9110360717428465,0.4028690350009345,9.788658478124866,
2033-12-18 00:00:00,5.723256453298612,0.8708272449802177,10.455314678458015,
2033-12-25 00:00:00,6.342501459086151,1.8465318376934414,11.330355071390073,
2034-01-01 00:00:00,6.539735881589195,1.4163215685687636,10.936097123980055,
2034-01-08 00:00:00,6.4027780775454275,1.8229207043462416,11.250632836759797,
2034-01-15 00:00:00,6.187245802580954,1.5756942007766197,11.135015273972973,
2034-01-22 00:00:00,6.091344502364764,1.110019955304816,11.14668915407052,
2034-01-29 00:00:00,6.162938793425287,1.4094765359190244,10.769642823031885,
2034-02-05 00:00:00,6.359304599829287,1.7335844200927202,10.92059185269664,
2034-02-12 00:00:00,6.626579018111784,1.4836948236115095,11.409884730846816,
2034-02-19 00:00:00,6.902997119927653,2.429488693803151,11.924255980366011,
2034-02-26 00:00:00,7.089299459752566,2.127305406580037,12.159350551143257,
2034-03-05 00:00:00,7.079162866570396,2.2127525833802055,11.800095640290735,
2034-03-12 00:00:00,6.849427409176056,2.298933980664878,11.701288008485744,
2034-03-19 00:00:00,6.508570127606815,1.7039274114635292,11.332585778624315,
2034-03-26 00:00:00,6.229473224973786,1.3763081562867079,11.22174872028842,
2034-04-02 00:00:00,6.1178908436723685,1.4740206215597986,10.82352131211556,
2034-04-09 00:00:00,6.139932476993358,1.2108754214035216,11.066333251667075,
2034-04-16 00:00:00,6.169184732759138,1.4327067010325054,10.786443007617432,
2034-04-23 00:00:00,6.095587520710087,1.2043184569489496,10.762400873765124,
2034-04-30 00:00:00,5.89486837760286,1.157214810670113,10.55622303340745,
2034-05-07 00:00:00,5.617697689834983,0.9592805503734896,10.296968277816216,
2034-05-14 00:00:00,5.335244163329553,0.22976860075916328,10.282322269039604,
2034-05-21 00:00:00,5.093157842010542,0.4635587409984048,9.818393478050147,
2034-05-28 00:00:00,4.893527106420738,0.2894154536789131,9.972184864312542,
2034-06-04 00:00:00,4.7038427984245015,-0.013374247110775173,9.411776067083027,
2034-06-11 00:00:00,4.49499261230009,-0.25270465371973394,9.083408800634906,
2034-06-18 00:00:00,4.297539378587068,-0.6255760657310141,8.955999595327956,
2034-06-25 00:00:00,4.228356958164315,-0.49178606712133544,8.786299523774412,
2034-07-02 00:00:00,4.433437305268024,-0.43571917942487204,9.21377600989811,
2034-07-09 00:00:00,4.960129825040806,0.8000140741393977,9.618955448373898,
2034-07-16 00:00:00,5.661001775094226,1.041631064565597,10.465934828913149,
2034-07-23 00:00:00,6.235428463671386,1.4575036686663694,10.833495115204423,
2034-07-30 00:00:00,6.404397905619852,1.6106805550337029,11.43613214371771,
2034-08-06 00:00:00,6.090682757118794,1.7541324442813373,10.773440845785384,
2034-08-13 00:00:00,5.467644659588601,0.6411397201423021,9.881310128869456,
2034-08-20 00:00:00,4.852425825075509,-0.0416807362728413,10.035431265864165,
2034-08-27 00:00:00,4.5344045958579375,-0.4552610070915506,9.047875612705713,
2034-09-03 00:00:00,4.6445729632342845,-0.28120744709045553,9.513506021523453,
2034-09-10 00:00:00,5.108806774994264,0.2522891052797238,10.079690936055192,
2034-09-17 00:00:00,5.681649089270358,1.0089165852670456,10.410585787511886,
2034-09-24 00:00:00,6.056853529164296,1.6232640747396463,11.055348379052116,
2034-10-01 00:00:00,6.0351180768539425,1.430567419966759,10.624672064074963,
2034-10-08 00:00:00,5.662464889115652,0.7359038461139171,10.800262227808648,
2034-10-15 00:00:00,5.212729697191372,0.8584034231481406,10.163166303086347,
2034-10-22 00:00:00,4.9788418372562155,0.0018535476076735335,10.01701641092219,
2034-10-29 00:00:00,5.0221611127378765,0.6900597583584585,9.815222751518828,
2034-11-05 00:00:00,5.115386648435246,0.806945975029902,9.721293514429366,
2034-11-12 00:00:00,4.964479857476231,0.2565203103280034,9.74440940869212,
2034-11-19 00:00:00,4.520332636430735,-0.5989463047137455,9.172537409100265,
2034-11-26 00:00:00,4.074545672996586,-0.8765128258870174,9.11004640407192,
2034-12-03 00:00:00,4.025016421136352,-0.6209707409436707,8.973488357253222,
2034-12-10 00:00:00,4.521326936231356,-0.4590793838117353,9.021831075853457,
2034-12-17 00:00:00,5.324094443580307,0.6998316542112981,10.082371025489028,
2034-12-24 00:00:00,6.003603068876876,1.0078845221535548,10.46273175652239,
2034-12-31 00:00:00,6.278154884345455,1.7752871487485793,10.70982444880511,
2035-01-07 00:00:00,6.183731718840399,1.7548747814367758,11.239002064186128,
2035-01-14 00:00:00,5.963726948582799,0.974446616137449,10.660700692264953,
2035-01-21 00:00:00,5.838802319639033,1.369547075097434,10.895786974041185,
2035-01-28 00:00:00,5.882356581918927,1.0803892974503606,10.781410155145814,
2035-02-04 00:00:00,6.060596624367225,1.2025259134019803,10.69678811534188,
2035-02-11 00:00:00,6.31902187909145,1.4190215232174337,10.724071933283678,
2035-02-18 00:00:00,6.599892845565195,1.6648250232208657,11.703955353785345,
2035-02-25 00:00:00,6.8109277446496455,1.753702419234271,11.782281550384784,
2035-03-04 00:00:00,6.841163003155668,2.080246617634364,11.591042076520143,
2035-03-11 00:00:00,6.646285473144068,1.4541124039341673,11.723540229853949,
2035-03-18 00:00:00,6.3127673455886715,1.7167031665705217,11.124213092080236,
2035-03-25 00:00:00,6.011350979079459,1.1557977827163146,10.744527529285614,
2035-04-01 00:00:00,5.868277290024453,0.7535268831135546,10.466069190281333,
2035-04-08 00:00:00,5.87443052563051,1.2077123389057913,10.860301110223983,
2035-04-15 00:00:00,5.9122999768503135,1.683872125008607,10.910968088944461,
2035-04-22 00:00:00,5.861607709297357,1.1970208943895555,10.98075067522364,
2035-04-29 00:00:00,5.681401341029822,0.8669195247981474,10.798114971609436,
2035-05-06 00:00:00,5.412502250672074,0.5078478466974232,10.429265760078573,
2035-05-13 00:00:00,5.126510726186634,0.0870526226464694,9.886128614577538,
2035-05-20 00:00:00,4.875772227804529,0.2998442541394688,10.113768532321263,
2035-05-27 00:00:00,4.670271575136124,-0.1955370807799479,9.876397158853738,
2035-06-03 00:00:00,4.481758813764616,-0.23020822616920356,9.169499547039218,
2035-06-10 00:00:00,4.2765072028401905,-0.5635827847344803,8.664799975487389,
2035-06-17 00:00:00,4.070750353833149,-0.6060033094886386,8.832632565994953,
2035-06-24 00:00:00,3.9673327184661016,-0.7032029887598856,8.929214107170372,
2035-07-01 00:00:00,4.11532248164355,-0.981992776361114,9.019978361244972,
2035-07-08 00:00:00,4.589371448558396,-0.41303163560220213,9.598212422136209,
2035-07-15 00:00:00,5.2785407315510176,0.7335721021177051,10.003058790225822,
2035-07-22 00:00:00,5.899413848167676,1.0101128880709203,10.749093475435375,
2035-07-29 00:00:00,6.153900710981059,1.398250880639762,11.13988522523012,
2035-08-05 00:00:00,5.920224573820329,1.0887071507922306,10.863016700113413,
2035-08-12 00:00:00,5.331089871937646,0.32544857638921165,10.08628804177438,
2035-08-19 00:00:00,4.690296537584368,-0.24657860987816882,9.498685164793637,
2035-08-26 00:00:00,4.303927998114439,-0.24628821823952052,8.920145099724035,
2035-09-02 00:00:00,4.3371669117994704,-0.6314089293763505,9.087357409637473,
2035-09-09 00:00:00,4.752251151085723,-0.18707811249514172,9.416020169045176,
2035-09-16 00:00:00,5.328412990115703,0.6285999054902796,10.044136098716162,
2035-09-23 00:00:00,5.7589411032224245,1.0693660742673714,10.87252699178839,
2035-09-30 00:00:00,5.812740620405625,0.7443998694979861,10.757478536504513,
2035-10-07 00:00:00,5.487415207983508,0.3958461632912442,10.159923885749475,
2035-10-14 00:00:00,5.026807263993815,0.141874137372616,9.998330525922421,
2035-10-21 00:00:00,4.7407938890950465,0.20253384393918772,9.585564076277107,
2035-10-28 00:00:00,4.744467580798721,-0.07989161527584088,9.515248726820186,
2035-11-04 00:00:00,4.852858556613031,0.326568563412593,9.3696928713925,
2035-11-11 00:00:00,4.759404059411753,-0.1530210743345215,9.428764061377723,
2035-11-18 00:00:00,4.354663741682138,-0.29979356000587387,8.964837556791448,
2035-11-25 00:00:00,3.8781308051984746,-0.8690944796642288,9.060973983395867,
2035-12-02 00:00:00,3.735889758467847,-0.6984997701004758,8.561224673818021,
2035-12-09 00:00:00,4.141934198201811,-0.4345844549873856,9.13935624024333,
2035-12-16 00:00:00,4.92055015323146,0.23329085710758335,9.840642187309475,
2035-12-23 00:00:00,5.650860803105886,1.2554980501642508,10.699728655804517,
2035-12-30 00:00:00,6.004229945951979,1.4088330410080543,10.988327910258564,
2036-01-06 00:00:00,5.960787146353609,1.5015435529935672,10.632377365172443,
2036-01-13 00:00:00,5.743686826409492,0.7696283677050477,10.317092122027827,
2036-01-20 00:00:00,5.591923258776399,0.9781473726974976,10.4526095638481,
2036-01-27 00:00:00,5.606089119572795,1.0454780230626977,10.677962576262667,
2036-02-03 00:00:00,5.764432103973672,1.2191418464587889,10.609339390167609,
2036-02-10 00:00:00,6.012290860760242,1.299389903437338,10.967339783748814,
2036-02-17 00:00:00,6.294641468187129,1.6432746832323462,11.159984224582837,
2036-02-24 00:00:00,6.526611989845509,1.9927566091718178,11.226312260067381,
2036-03-02 00:00:00,6.595602441426295,1.7327718653037545,11.512217428900943,
2036-03-09 00:00:00,6.4384715014618745,1.361183197513415,11.227909212216678,
2036-03-16 00:00:00,6.118118512877503,1.5058611139947544,11.314608957420294,
2036-03-23 00:00:00,5.798674420333798,0.8329397735407094,10.446885393578214,
2036-03-30 00:00:00,5.623731915250015,0.8562800687295766,10.490819612712343,
2036-04-06 00:00:00,5.6099355489482186,0.7177577915634821,10.342339813915444,
2036-04-13 00:00:00,5.652354401204988,0.5343160098881352,10.293938742524006,
2036-04-20 00:00:00,5.623267947666594,1.0848074138481252,10.502069146985965,
2036-04-27 00:00:00,5.465029614529218,0.7171169713724215,10.201986322977309,
2036-05-04 00:00:00,5.206822154951666,0.29085761567476,9.891798209270934,
2036-05-11 00:00:00,4.919019071348249,0.24386620126308145,9.585921017122816,
2036-05-18 00:00:00,4.659937322770886,-0.24762307030581354,9.574840920005666,
2036-05-25 00:00:00,4.4475820942617235,-0.038466333805772024,9.473123572099844,
2036-06-01 00:00:00,4.259007815744603,-0.19670120720995676,9.117710043890922,
2036-06-08 00:00:00,4.057753303703479,-0.8401637922891947,8.988724361196375,
2036-06-15 00:00:00,3.8470720806968606,-0.8712987882165599,8.748619029868651,
2036-06-22 00:00:00,3.714517887890101,-0.9482922229856143,8.565450084584283,
2036-06-29 00:00:00,3.808130820385605,-0.793162684060233,8.837192467442108,
2036-07-06 00:00:00,4.225974588572215,-0.36584679945683085,9.016200420063228,
2036-07-13 00:00:00,4.893953222101743,0.23865931920315298,9.871136551021761,
2036-07-20 00:00:00,5.551217414194214,0.7080384667955659,10.451200740348385,
2036-07-27 00:00:00,5.8871191905831814,1.1506531498725812,10.658073368567003,
2036-08-03 00:00:00,5.737960550092357,1.0602056238019895,10.886829871425846,
2036-08-10 00:00:00,5.192894904024035,0.6446313023198496,10.142564341303395,
2036-08-17 00:00:00,4.536673959230018,0.12110112926002436,9.827633958808827,
2036-08-24 00:00:00,4.087381290856821,-0.7332501691624262,8.940828015385073,
2036-08-31 00:00:00,4.0424337365303,-0.70793414679272,8.801235130395876,
2036-09-07 00:00:00,4.401078954035068,-0.3643409868961047,9.092629256444024,
2036-09-14 00:00:00,4.970340008961278,0.5095400795728509,9.703351188325717,
2036-09-21 00:00:00,5.448377761367524,0.6909317406328199,10.293899634912687,
2036-09-28 00:00:00,5.577561089398273,0.7799077688645113,10.473391068086594,
2036-10-05 00:00:00,5.307845716288751,0.44215605543779724,10.323557445916514,
2036-10-12 00:00:00,4.847012803195439,-0.03840931233191114,9.714386428911503,
2036-10-19 00:00:00,4.512869998597416,-0.30765163333137835,9.112284110957338,
2036-10-26 00:00:00,4.47048516161367,-0.3140259726632717,9.631216208837523,
2036-11-02 00:00:00,4.583321166531006,0.05065616910122728,9.570469470742555,
2036-11-09 00:00:00,4.543368952142597,-0.08672926314402929,9.222086126565221,
2036-11-16 00:00:00,4.186204834901145,-0.4804585000346897,8.773676522176704,
2036-11-23 00:00:00,3.6929352222087184,-1.0914361935346264,8.423818882344873,
2036-11-30 00:00:00,3.4653878314184237,-1.4774474670007294,8.44526454623109,
2036-12-07 00:00:00,3.775129018312631,-1.2307573854401284,8.267773976418109,
2036-12-14 00:00:00,4.515176432891354,-0.8655104957084188,9.512402951866889,
2036-12-21 00:00:00,5.285189305605318,0.6864375767566173,10.209129926028158,
2036-12-28 00:00:00,5.716964325248574,0.654817193166993,10.44653601733098,
2037-01-04 00:00:00,5.732299044619164,0.892137279702836,10.661186456501254,
2037-01-11 00:00:00,5.526157420390529,0.6168308536432701,10.534680620308933,
MAE,2.844464793439179,,,
RMSE,3.660378892478634,,,
