ds,yhat,yhat_lower,yhat_upper,actual
2001-01-07 00:00:00,31.556887860779874,12.314323049176277,50.01687023245469,13.810945785634768
2001-01-14 00:00:00,29.161395158235816,10.080654346735116,45.731215409475325,18.288927445300207
2001-01-21 00:00:00,27.262634230730114,9.457856374356592,44.677639411454095,21.86086095929888
2001-01-28 00:00:00,27.05855689390188,8.520600626333376,45.342703229825176,23.704859809766145
2001-02-04 00:00:00,28.56003300842804,12.395528089726053,46.515724769758066,42.43032117024551
2001-02-11 00:00:00,30.84446899603391,12.42416330420511,49.92874143080127,39.9719407951579
2001-02-18 00:00:00,32.86718279595351,16.30822151325524,51.209371950865744,37.36847171883525
2001-02-25 00:00:00,34.133084948247415,16.3564674849381,51.80901822992074,35.56045431576134
2001-03-04 00:00:00,34.792980645572825,16.394785253938267,53.47504735080159,36.48176625333521
2001-03-11 00:00:00,35.20341323171374,16.40663749198624,53.04873339830409,36.156816436059394
2001-03-18 00:00:00,35.3466619322877,17.882391839291827,53.92500011602728,35.95605540909757
2001-03-25 00:00:00,34.6114659991604,17.967606229492254,53.72324859053355,35.64146490150784
2001-04-01 00:00:00,32.22731912922583,15.323529159632276,50.34395697900652,34.44721633402971
2001-04-08 00:00:00,28.14559217282701,10.728373260613253,46.376345890773806,33.889382902216816
2001-04-15 00:00:00,23.6510301084206,4.919522708255322,41.73179986124747,33.02320518689763
2001-04-22 00:00:00,20.971798784012783,4.505438683565092,40.401910914208685,31.781214576855845
2001-04-29 00:00:00,21.876167512314307,3.404332122098097,39.71991246310477,33.27914077402422
2001-05-06 00:00:00,26.219773536670683,8.832826115611692,43.65103340536525,31.175448366679163
2001-05-13 00:00:00,31.7043210706215,13.297229967888002,49.880259215031735,29.39415824682409
2001-05-20 00:00:00,35.260843856728606,17.59585998423212,51.461073136270905,28.197186612472525
2001-05-27 00:00:00,35.10780876712465,18.336920723450522,52.99360824505621,23.628942579823427
2001-06-03 00:00:00,31.89701563400025,12.578609539046411,49.13090486115519,23.69190292579372
2001-06-10 00:00:00,28.085530494442462,10.468460651276708,45.97832912321841,24.933203236591417
2001-06-17 00:00:00,26.118140275768525,8.101587643892238,44.087039295022386,27.60171525779144
2001-06-24 00:00:00,26.871786001272188,8.291257334576674,46.08692747493586,22.49494573583651
2001-07-01 00:00:00,29.414034838606003,11.56109731869136,46.05645799523465,26.25656254166152
2001-07-08 00:00:00,31.975648460994854,13.80139766749556,49.28228187787339,29.741150910125683
2001-07-15 00:00:00,33.209312578268566,15.50843870673162,51.23929162542798,32.45818981237629
2001-07-22 00:00:00,32.86773422297668,15.160059435138862,51.74116542093357,44.048279851228166
2001-07-29 00:00:00,31.666077924799843,11.175802379272167,49.898442124862584,45.46791750747838
2001-08-05 00:00:00,30.641591719611192,12.79016477812105,49.75215702367326,45.16282411534058
2001-08-12 00:00:00,30.478739448514766,12.89011573070447,48.86419511539465,42.84233652595287
2001-08-19 00:00:00,31.155047680945405,12.99858654742718,47.347278004962874,58.43028971213543
2001-08-26 00:00:00,32.06242169685509,13.382456210463623,50.57107598149833,49.35708552591046
2001-09-02 00:00:00,32.502672878414174,13.54802154881657,50.60706401566087,42.12012273010416
2001-09-09 00:00:00,32.19957069913144,14.208940481795986,50.58132644766184,38.70894503184995
2001-09-16 00:00:00,31.42958029447857,12.227866539018915,49.122691926876556,27.267109619420616
2001-09-23 00:00:00,30.692427888510487,12.608476192837859,48.24508519540595,29.892815167857545
2001-09-30 00:00:00,30.27987503580867,11.971516341015803,47.94364755200763,32.14425624055919
2001-10-07 00:00:00,30.183512734731686,11.534677776905745,47.38233641017247,32.741752972162665
2001-10-14 00:00:00,30.366160393243582,12.002711412922892,48.46435371852058,37.25814372639585
2001-10-21 00:00:00,30.962565892157667,11.787263017810908,48.98564782116438,34.29205625102812
2001-10-28 00:00:00,32.05343089303191,12.874404921750635,50.236595899921724,31.56433616168805
2001-11-04 00:00:00,33.24286562170643,15.845295642975792,51.94440428343304,30.026482860887988
2001-11-11 00:00:00,33.66312757382012,15.688144492428751,53.14003363236394,27.47517808123188
2001-11-18 00:00:00,32.66052591166862,14.816498282566354,50.83212564658879,28.09677288936075
2001-11-25 00:00:00,30.594795846789506,13.09711988812677,48.23750536141365,28.227609435676644
2001-12-02 00:00:00,28.852201465431495,11.01092619047342,46.95243717163281,27.15128859373073
2001-12-09 00:00:00,28.832236485718717,10.575958688943409,47.53102435425286,28.712600779256853
2001-12-16 00:00:00,30.722895517040897,11.504552780813977,48.40004287061308,25.03989314880488
2001-12-23 00:00:00,33.21263201128494,14.755819923062976,51.240633084821155,23.57531254861785
2001-12-30 00:00:00,34.47985782089256,16.565744436936754,52.38909031935441,25.989837523320425
2002-01-06 00:00:00,33.624986574934205,15.420951494462232,51.18502332523046,16.549565186034393
2002-01-13 00:00:00,31.32346397292481,12.561086585058252,49.43864999837774,21.50762809667928
2002-01-20 00:00:00,29.219560991144352,11.109916661226261,46.59378204445893,25.76122645023108
2002-01-27 00:00:00,28.676010313249748,10.466087283831161,47.23384350805665,28.01948626705526
2002-02-03 00:00:00,29.923047156572945,12.444236854924135,47.895495950627314,48.924574342185394
2002-02-10 00:00:00,32.15211342584522,14.168976688406826,48.999103184521175,46.04936589136445
2002-02-17 00:00:00,34.27872969227362,16.17545337703497,52.62916851548603,41.40143774349296
2002-02-24 00:00:00,35.683858309122044,17.5166511675032,53.93656109170901,35.820696022957215
2002-03-03 00:00:00,36.42355157601743,18.49941880383433,56.08613337055074,47.69926519296141
2002-03-10 00:00:00,36.86286981573091,18.81379608764078,55.6649940981249,36.08092260096032
2002-03-17 00:00:00,37.08333873974446,18.61365070949946,55.52959870306751,27.989007479635465
2002-03-24 00:00:00,36.567385276766316,17.38423245117312,54.15572468612898,25.98766372644279
2002-03-31 00:00:00,34.514016138694856,15.806175735940927,53.37469099564583,12.107041401422052
2002-04-07 00:00:00,30.68152405245395,12.852193483887337,48.06075752455651,15.972526074689895
2002-04-14 00:00:00,26.11028995792603,7.130965116485321,43.744363924896376,19.51810239985961
2002-04-21 00:00:00,22.94147510174375,3.5319495290681324,40.700888601881154,21.28076012402844
2002-04-28 00:00:00,23.148540753497922,4.00171036134369,41.15077425430559,32.10101962030801
2002-05-05 00:00:00,26.994336220773377,10.610737415827248,45.7579872634858,29.562998668130337
2002-05-12 00:00:00,32.505440214772676,14.277268275313016,50.65065634191791,27.056674548817057
2002-05-19 00:00:00,36.59821613055328,18.781632678579236,54.743804079334325,26.076690162744587
2002-05-26 00:00:00,37.13201417955791,19.105225901283134,55.81815400877916,22.912572004252965
2002-06-02 00:00:00,34.318456176806265,15.346676607619408,53.3488272740948,24.65322928871625
2002-06-09 00:00:00,30.408633594846936,12.148147827006554,48.63687642500008,26.825511418460763
2002-06-16 00:00:00,27.99053814607646,9.19218637139673,46.7655831089482,28.926331288570022
2002-06-23 00:00:00,28.282332709016732,10.909710212407422,47.17957836210307,29.57313408888027
2002-06-30 00:00:00,30.628635707057093,11.805171133755177,48.62962758581789,31.38413986902363
2002-07-07 00:00:00,33.31149419944266,15.023279797891549,51.60680034219666,32.55622822858422
2002-07-14 00:00:00,34.83459093751484,15.630442460194068,52.06198368344816,32.76361881351187
2002-07-21 00:00:00,34.74276461704563,16.629921251378697,53.803972648068026,40.60547155325295
2002-07-28 00:00:00,33.61807075487461,15.957966522166442,52.531581869642636,38.48423065342027
2002-08-04 00:00:00,32.49441590307091,13.717559314268904,50.37446594123143,36.10377929458304
2002-08-11 00:00:00,32.1577750686346,13.347143054315636,49.69613522915928,34.043115498743724
2002-08-18 00:00:00,32.717020782000475,14.116171814715901,50.488885906927166,32.77028367713355
2002-08-25 00:00:00,33.63959749140696,13.856474949653183,52.64401920898328,31.384642647626897
2002-09-01 00:00:00,34.20037007704376,16.882248175658567,52.174387227773536,30.804086952369133
2002-09-08 00:00:00,34.023452735856274,16.830161981772324,51.48377136835097,31.318107722870423
2002-09-15 00:00:00,33.30012187175613,16.132015570280913,51.71322848740287,25.99726143378044
2002-09-22 00:00:00,32.5257779548605,14.96357747753289,50.67045142463523,28.05957801888616
2002-09-29 00:00:00,32.049517364230326,13.29031147266045,49.964524239250736,29.902821375242777
2002-10-06 00:00:00,31.903099979846385,13.42408507015909,49.742540559857666,30.83772217209062
2002-10-13 00:00:00,32.03069350788339,14.72987611183098,50.96404839651463,36.05521403964757
2002-10-20 00:00:00,32.53973980723866,14.82826199521507,50.67306314984623,35.05219895747886
2002-10-27 00:00:00,33.553614128940964,15.05032189271429,51.77658424073263,33.80206728441076
2002-11-03 00:00:00,34.781136153019155,16.446435521766187,53.46663621083425,32.84737871846279
2002-11-10 00:00:00,35.40529233161994,16.249920167519875,54.04308123294301,33.18166229957843
2002-11-17 00:00:00,34.6662404159288,16.614776865939316,52.210560191202916,32.797277535132984
2002-11-24 00:00:00,32.709793471149816,15.297628254599118,51.54988839861686,32.249185143685786
2002-12-01 00:00:00,30.788978044772236,12.403606468362366,48.229892805061056,31.2140970216028
2002-12-08 00:00:00,30.40111355235385,11.63484226722612,48.77117889221266,32.46862258485386
2002-12-15 00:00:00,32.01025506102859,13.7284471266065,51.07862363599666,30.297284283484053
2002-12-22 00:00:00,34.531722333047064,17.35016021779886,54.6484154737134,28.22241391801009
2002-12-29 00:00:00,36.12553909114151,18.634922253584918,54.47549551896631,26.686426213651984
2003-01-05 00:00:00,35.6442174515941,17.341205142818716,53.371996010740745,24.287768521909666
2003-01-12 00:00:00,33.492729603987904,17.29012542160394,51.542574698833604,23.84217850453056
2003-01-19 00:00:00,31.22953218775364,13.769148972464453,50.290509407572806,23.40378026555745
2003-01-26 00:00:00,30.35348600314483,13.779255388071089,49.40041175740834,22.606070708002328
2003-02-02 00:00:00,31.318064694012275,14.066062197724296,47.54659688068646,20.565954663370764
2003-02-09 00:00:00,33.455083404509786,16.07958156885133,52.12810240210568,19.217184907262737
2003-02-16 00:00:00,35.66531478006273,16.74922075358283,53.89665376523165,19.5444145096146
2003-02-23 00:00:00,37.21253166849057,18.813756578510365,54.81865055546595,23.0447689197519
2003-03-02 00:00:00,38.04537553329535,21.08667733530782,56.97632999932909,16.861545133414833
2003-03-09 00:00:00,38.51713079768675,20.74539638915516,55.853706358993115,22.32226086620424
2003-03-16 00:00:00,38.79747644172846,20.34124514374882,57.236832250855,26.79839120261174
2003-03-23 00:00:00,38.47281227750903,21.089803790409306,55.53991512850178,28.15760079776918
2003-03-30 00:00:00,36.74033883872597,18.081543442539328,55.20431558784488,60.60419311965207
2003-04-06 00:00:00,33.190632315650234,15.103481989486605,51.75257800349668,49.46246223455064
2003-04-13 00:00:00,28.614573933234055,11.604500680163394,46.51226332349334,37.32127138318301
2003-04-20 00:00:00,25.023588073904403,5.3730766613350625,42.875945160787516,29.12419326261429
2003-04-27 00:00:00,24.543348433034595,6.351197121492163,42.0977957332193,21.626797185003262
2003-05-04 00:00:00,27.825229597095813,9.79340253712277,45.8247901536193,21.550501332653216
2003-05-11 00:00:00,33.258655178953504,14.399856783409472,52.346268378728325,23.75123095861189
2003-05-18 00:00:00,37.81537107425321,17.994020495587918,55.694862484306086,27.211268523731626
2003-05-25 00:00:00,39.04369263501083,19.598780050884358,56.831389221092394,19.304771172635988
2003-06-01 00:00:00,36.704085004812164,18.63802361528702,55.13705730787171,22.807964907640866
2003-06-08 00:00:00,32.78331030796593,14.552126135334223,49.671398176994614,25.5905342828056
2003-06-15 00:00:00,29.954675502106145,11.248698424131899,48.661782616519275,26.43652763691756
2003-06-22 00:00:00,29.761289997576363,13.24577113539598,46.40226884720083,42.209331754778844
2003-06-29 00:00:00,31.853200615399437,14.452163818321683,51.3213146586676,37.182985974078605
2003-07-06 00:00:00,34.607362074369064,18.1952381198423,52.822766783134156,32.09614790169575
2003-07-13 00:00:00,36.405496148917884,17.616164354452668,53.90857498512082,29.721230369446825
2003-07-20 00:00:00,36.58366482477867,18.0661123372478,55.70471405331962,23.40898717338627
2003-07-27 00:00:00,35.570837082464635,18.565667123428597,53.685591604569396,25.8231910203594
2003-08-03 00:00:00,34.37424938520525,15.43902466122214,51.798148967046075,28.17799894182904
2003-08-10 00:00:00,33.86718609104319,15.460395626418956,52.04240429442231,28.497094864425296
2003-08-17 00:00:00,34.29111468695511,17.069851772471207,54.19788185100421,37.51826108976383
2003-08-24 00:00:00,35.20421164535261,17.373881133764726,53.658833343304025,32.14561247713453
2003-08-31 00:00:00,35.87289088454001,17.696353327321795,54.17714161781572,26.191381822981445
2003-09-07 00:00:00,35.82905193310093,16.490564102203578,54.024962022697984,21.81949161012019
2003-09-14 00:00:00,35.16953128815857,16.56517236444939,53.20704865245397,17.209883185491606
2003-09-21 00:00:00,34.369621056986524,16.339219650459043,52.385059396874055,16.28886230908747
2003-09-28 00:00:00,33.82991403287148,15.785384300385417,51.14280357354723,17.129873022875206
2003-10-05 00:00:00,33.63083254020037,14.932189345920966,51.19331982027983,19.97622948254573
2003-10-12 00:00:00,33.70721788014603,14.792511463061967,52.06043157179458,13.698135822800094
2003-10-19 00:00:00,34.13420043624349,14.684472329059634,53.09437282046163,17.416818307431917
2003-10-26 00:00:00,35.06225396786762,17.29015495443757,52.97651215670143,20.4532204823606
2003-11-02 00:00:00,36.300144716829394,18.15756175630992,53.51879490025756,21.079845387407403
2003-11-09 00:00:00,37.101405793358275,19.34552006863467,55.59276027788046,40.94535079085525
2003-11-16 00:00:00,36.62985260254497,19.306296344691415,54.86352526790363,31.94711466501219
2003-11-23 00:00:00,34.82512146866968,17.785452941249467,52.63516813998143,24.15841872308128
2003-11-30 00:00:00,32.77759592803071,13.964497889913924,51.79278914687186,24.0291498210513
2003-12-07 00:00:00,32.03818020050655,15.160179275514064,51.17839219404323,12.633758371079356
2003-12-14 00:00:00,33.32891088130581,15.432206312235209,51.71643807873507,18.77900294489475
2003-12-21 00:00:00,35.81921178661359,19.686507404676203,54.72214029011521,25.03802670195415
2003-12-28 00:00:00,37.70055311311262,17.920342339708135,55.25886886757111,28.30523598207175
2004-01-04 00:00:00,37.60690879438867,19.053895342554,54.89372009669734,58.305799451788815
2004-01-11 00:00:00,35.658689733676006,16.07808286828235,53.82683253316044,52.2789866360497
2004-01-18 00:00:00,33.286789558242035,14.980578657970284,51.35224485099053,44.25117123301653
2004-01-25 00:00:00,32.092833104914305,13.26428146576308,50.33418411468563,38.89209667914495
2004-02-01 00:00:00,32.75160459713993,14.264595284594003,51.23714876679334,34.69997951740888
2004-02-08 00:00:00,34.759264955226655,16.376766633218267,53.559187938180116,35.08314972914477
2004-02-15 00:00:00,37.02876644863461,18.22348890291766,55.747467056223385,36.88125777666151
2004-02-22 00:00:00,38.71726816118345,19.316305256575234,56.29247886176746,38.63165397678485
2004-02-29 00:00:00,39.656226128979185,20.502893922921686,58.445903709025245,35.59900416122388
2004-03-07 00:00:00,40.167014464476864,21.12866566479204,57.74349007813608,36.8976296313436
2004-03-14 00:00:00,40.49355896286571,23.443418509479407,58.23000725805356,37.21568617670999
2004-03-21 00:00:00,40.33236255404806,22.856771261759157,58.24486948403282,35.58372103072253
2004-03-28 00:00:00,38.90533115719405,20.037582927170938,58.670453431739176,47.58797200529813
2004-04-04 00:00:00,35.663425687133284,17.617386563887706,54.18337998915765,39.28683009824327
2004-04-11 00:00:00,31.149767626833842,13.144145228904335,48.477930946072696,31.243467520036443
2004-04-18 00:00:00,27.208988011803875,9.444449872774971,46.72842679739565,27.17777137642216
2004-04-25 00:00:00,26.06458122717265,7.559455912407184,44.23445310185293,16.618587091436858
2004-05-02 00:00:00,28.728837209163448,9.887655422030406,45.35115873102288,19.20633861823139
2004-05-09 00:00:00,33.98229300852013,15.507425728803982,51.26696818216854,22.90760599328053
2004-05-16 00:00:00,38.92006146880773,21.38501475463104,56.68696070424552,26.023492297051217
2004-05-23 00:00:00,40.83526368485933,22.960385657386503,59.150776939203496,27.87654414428456
2004-05-30 00:00:00,39.037432178072194,21.83132626932222,56.80902793982028,29.59163643197681
2004-06-06 00:00:00,35.19614587784802,17.275486232146363,53.147180932301865,31.012177663958173
2004-06-13 00:00:00,32.00825284029861,13.153102374983874,50.101646289353496,32.59967575978045
2004-06-20 00:00:00,31.316632442087744,13.311610754703723,48.95441384590258,37.2948253875
2004-06-27 00:00:00,33.09872393655892,15.521336015735965,51.013282096340916,39.41587058611402
2004-07-04 00:00:00,35.869973054873164,18.071402446516935,53.599717169160655,40.73046605745683
2004-07-11 00:00:00,37.92169498764793,20.342336151485554,56.35024209057252,39.96288196892915
2004-07-18 00:00:00,38.38503709646432,18.972526558410088,54.96270775796444,51.69149905957473
2004-07-25 00:00:00,37.51814682305564,19.428917325448488,54.62582122218606,44.65068846502633
2004-08-01 00:00:00,36.277810404374144,19.50485657882333,55.58620202130114,37.81676721806451
2004-08-08 00:00:00,35.6081354366325,16.864706797154412,53.45874728426793,35.35309225733443
2004-08-15 00:00:00,35.88152605925769,18.535884758049196,53.37850335466038,23.994721795705363
2004-08-22 00:00:00,36.76012619740189,18.842774394214803,55.54734425086726,28.31645035490565
2004-08-29 00:00:00,37.52089419161099,20.392326546379966,56.15532051805408,33.22355576937916
2004-09-05 00:00:00,37.61376272357546,20.108336074632202,56.78676532401495,35.545306080009816
2004-09-12 00:00:00,37.034546196668146,19.255823358235368,54.95423873344015,47.42054370685607
2004-09-19 00:00:00,36.22254174773812,17.811516301843163,53.004816783577425,43.03176792393064
2004-09-26 00:00:00,35.62134929310432,16.769152346404955,53.59436027530222,38.461228625573646
2004-10-03 00:00:00,35.36656542761632,16.633409677826847,52.0555666525366,38.655420743639645
2004-10-10 00:00:00,35.39427197805013,17.806731415032246,52.87469053226431,29.399434922169988
2004-10-17 00:00:00,35.74526949988034,18.557435503998455,54.08036210927191,36.323266653483465
2004-10-24 00:00:00,36.58213816152651,19.082628402199063,54.34261347539746,43.31408814557197
2004-10-31 00:00:00,37.80526935382878,20.583216006164704,58.107772621700775,45.64225127877458
2004-11-07 00:00:00,38.75435417805177,20.75401194237014,56.759178698906474,78.08950363941644
2004-11-14 00:00:00,38.547139857428995,20.195965510571188,57.143020122346854,64.17198952724411
2004-11-21 00:00:00,36.930825805579424,18.328390705264475,55.80730511833113,48.40578145891767
2004-11-28 00:00:00,34.809809595125394,17.41820388648879,52.91747699936255,41.35128637442181
2004-12-05 00:00:00,33.74400398322756,16.188342104144457,52.52399702319092,24.75246019584605
2004-12-12 00:00:00,34.688153465281324,18.150086778549007,51.30967726937887,31.5014050307293
2004-12-19 00:00:00,37.0854464088519,18.69273418132861,55.436225987918206,40.13135203711507
2004-12-26 00:00:00,39.20770871247382,21.744404095074778,58.22574341683406,45.40390373630957
2005-01-02 00:00:00,39.50612154460437,21.98493800642726,56.660922685284476,63.99529656434196
2005-01-09 00:00:00,37.810112455816,19.449523975822707,56.41716217267326,60.877362219635934
2005-01-16 00:00:00,35.38369148799498,18.29099058645304,51.80612907527001,55.37368119349941
2005-01-23 00:00:00,33.89395046707722,16.547122645481164,52.518516292176955,51.77222102252272
2005-01-30 00:00:00,34.22904269306346,17.324730023063076,53.38763298470717,48.05722075169863
2005-02-06 00:00:00,36.07028861626198,18.60543555574671,54.664015200268715,48.95915009037192
2005-02-13 00:00:00,38.370979376975114,20.41885878521126,57.3587234269541,52.01545425563641
2005-02-20 00:00:00,40.19593238204871,22.638411507102532,58.077045867572416,57.20689590229304
2005-02-27 00:00:00,41.25286592999352,22.48203315514479,59.2059428061511,53.6411936665554
2005-03-06 00:00:00,41.81182040484353,22.730776787582258,60.10443503218373,61.445378499251945
2005-03-13 00:00:00,42.174718700192344,23.81284628856887,60.390350324283645,66.83316329761843
2005-03-20 00:00:00,42.15017247987123,24.94883947382343,60.26836956956815,62.98874653657422
2005-03-27 00:00:00,41.00851087588474,23.40734427928067,58.34719371505754,170.58454414808313
2005-04-03 00:00:00,38.09095740779886,21.133834050287135,55.71498540944211,89.40832826939507
2005-04-10 00:00:00,33.652341602833005,15.400574363728902,51.41437579502799,10.695449582521851
2005-04-17 00:00:00,29.388528460775916,12.912454893166146,47.070441118183965,0.0
2005-04-24 00:00:00,27.566546510803803,10.04821372336988,46.30672585029755,3.5078480399170893
2005-05-01 00:00:00,29.524087094817563,12.081109280507675,48.78392187965378,12.093342392603049
2005-05-08 00:00:00,34.4508255042004,15.912542329110078,53.389788444985925,21.94253898454956
2005-05-15 00:00:00,39.629373744357075,21.63008558287497,57.576387168162185,26.90587058293032
2005-05-22 00:00:00,42.159760450559844,24.02684425633303,59.44269475159061,199.46786518848404
2005-05-29 00:00:00,40.91210719081813,22.67700937077095,58.91755799380623,153.97389383279236
2005-06-05 00:00:00,37.19298486695729,19.479836736422442,55.16494167238956,89.59884963684117
2005-06-12 00:00:00,33.65868143573168,16.233666110783254,52.53415586631598,46.77635434188244
2005-06-19 00:00:00,32.41810432417921,14.020284293586323,50.81495998264163,22.499756671554845
2005-06-26 00:00:00,33.79073753857442,15.884598817233103,53.46276138484714,29.008502401771512
2005-07-03 00:00:00,36.472914109937435,19.24297309977988,53.535021973895326,46.03500108665498
2005-07-10 00:00:00,38.70110345935363,20.32278949907981,56.80208468757723,57.13578084001867
2005-07-17 00:00:00,39.41040537555444,20.665467278668835,57.259785293857114,55.6362795529416
2005-07-24 00:00:00,38.67327729831125,20.038550626776765,56.896873899101664,51.71482810896735
2005-07-31 00:00:00,37.37215938620365,18.200770571398714,55.403800744284766,44.56349390942732
2005-08-07 00:00:00,36.50345420304367,18.472958528190702,55.619993228821556,41.43419942866376
2005-08-14 00:00:00,36.565946432653455,19.285701729606316,54.43832136896367,34.9723036683246
2005-08-21 00:00:00,37.33672593615872,18.874617939143885,55.298621544493116,40.254559102674925
2005-08-28 00:00:00,38.12229341633115,19.291167068261217,56.2088898627318,47.1895702581288
2005-09-04 00:00:00,38.30338255466672,19.10939619530228,54.587568140274506,51.38035797087168
2005-09-11 00:00:00,37.77113017981155,19.788798628270655,55.40120846280131,66.27480727819712
2005-09-18 00:00:00,36.91343615046758,18.194697513265602,54.26166958804589,63.35129047816016
2005-09-25 00:00:00,36.206040142755434,16.831549425178657,52.746030339715176,57.90137913707574
2005-10-02 00:00:00,35.84385566422515,19.109190970671676,55.67945245969149,53.11423410656696
2005-10-09 00:00:00,35.77541494734455,16.994679346443796,52.59901217888691,53.26785398782654
2005-10-16 00:00:00,36.00813163734505,16.273978719278254,53.68850289675625,50.35923497222524
2005-10-23 00:00:00,36.7029773979034,17.592769716809187,54.092365060105536,48.64510175296883
2005-10-30 00:00:00,37.84071439068877,20.350498263548616,55.77888931636565,48.26256828697942
2005-11-06 00:00:00,38.858289165190065,19.209123230646142,56.66763510382064,41.32280851891172
2005-11-13 00:00:00,38.85702699293299,20.79164574728138,57.320238899958824,43.25868103187557
2005-11-20 00:00:00,37.41069022267655,19.031135448519322,55.14908651349915,45.07884017268885
2005-11-27 00:00:00,35.22094940788517,17.478167855603687,55.48449446887736,44.13646127652388
2005-12-04 00:00:00,33.81322569298384,16.924462317600245,51.93083187572836,59.01921985737912
2005-12-11 00:00:00,34.34339994324307,16.72158488473234,51.66453481852264,48.512629008239614
2005-12-18 00:00:00,36.53996410859706,19.239856049911314,54.82694674919057,36.5150280939502
2005-12-25 00:00:00,38.78413761007728,20.329492103017518,56.35270855348061,29.749914040431072
2006-01-01 00:00:00,39.40291206037618,19.822082015734054,57.98918817194353,17.165490354696043
2006-01-08 00:00:00,37.93631067426288,18.60511265317856,55.35102962125438,20.394664221102207
2006-01-15 00:00:00,35.445780384769506,15.639312926288394,53.085835207307355,25.812036714692937
2006-01-22 00:00:00,33.62357936711319,15.991731167937914,51.65350757200987,30.21069670950881
2006-01-29 00:00:00,33.55723120467917,15.008915344273174,51.44774826524396,35.66818125906421
2006-02-05 00:00:00,35.130125660072416,16.640129416750575,54.54324368019242,37.26099021674279
2006-02-12 00:00:00,37.36456826130461,18.461144659614646,55.30179704434447,37.45917415007304
2006-02-19 00:00:00,39.250783544355635,21.38722567255796,57.3639997565872,36.670478374119945
2006-02-26 00:00:00,40.36969512602003,21.546500318678643,59.19853502984979,46.199547671440406
2006-03-05 00:00:00,40.92183164304194,22.228807050265267,60.19729082229174,42.70217652817807
2006-03-12 00:00:00,41.24902989303699,22.648113164189862,59.967680426212546,38.21559711525681
2006-03-19 00:00:00,41.27002519418231,22.93573316246468,60.094768345716446,33.31048568512472
2006-03-26 00:00:00,40.323982600992686,23.138033255154106,58.06111580941389,35.37514335117897
2006-04-02 00:00:00,37.673087536337704,20.583754577297526,55.03122216868508,28.35405177882176
2006-04-09 00:00:00,33.39523764361823,14.794376782701656,52.01575726697825,22.34432804035644
2006-04-16 00:00:00,28.916363109501617,12.034268888533688,47.655990587091644,20.878348829642835
2006-04-23 00:00:00,26.49429855746107,6.7099327597440706,44.03549941847732,10.66887257270169
2006-04-30 00:00:00,27.74993119952405,9.669358637212394,46.6316037403433,14.453285338233588
2006-05-07 00:00:00,32.289616264655585,13.203502784836967,50.61219620524189,19.32089675120123
2006-05-14 00:00:00,37.64209121019995,19.944769317020405,55.65407300233559,22.40186533786349
2006-05-21 00:00:00,40.78098209712185,22.8261339067763,59.044445015784945,37.67715863215363
2006-05-28 00:00:00,40.159591861723804,22.059626888308514,58.09963315417501,35.42331879918158
2006-06-04 00:00:00,36.68404180463138,17.41466354150183,55.02141196802756,31.206892457910183
2006-06-11 00:00:00,32.905300319147486,14.423983993050816,51.96286688586332,29.382470110754607
2006-06-18 00:00:00,31.156591313492346,12.18015109494349,48.94767420329232,24.353497891264887
2006-06-25 00:00:00,32.10604974665069,15.117538597993622,50.3199295002019,27.823911992334544
2006-07-02 00:00:00,34.67091904026073,17.34165277682589,53.18318026941536,32.597080556849384
2006-07-09 00:00:00,37.07173760329493,20.083822663218886,54.8735430429456,35.54636555955119
2006-07-16 00:00:00,38.06155773428392,20.090712444312572,55.27867865840081,46.18374654913511
2006-07-23 00:00:00,37.51550618858028,20.582090207377657,55.32073458164416,43.95552373056279
2006-07-30 00:00:00,36.21827842008965,18.941819994413592,54.957919668976004,39.7904047285634
2006-08-06 00:00:00,35.19827934672361,16.559580032031874,53.89530708355696,36.6444499917387
2006-08-13 00:00:00,35.07327758505532,16.426592189129295,54.09919168344593,33.5602780162659
2006-08-20 00:00:00,35.74378713402653,16.72159168756523,53.66992471349466,33.4780838893731
2006-08-27 00:00:00,36.564366098660955,19.169194660640322,54.16256882371651,34.74542254908652
2006-09-03 00:00:00,36.86147792686212,18.94506107672803,55.2391138747908,37.02798654527446
2006-09-10 00:00:00,36.42101017729965,17.85265036120751,54.371699057610265,33.70242922542006
2006-09-17 00:00:00,35.565119306799744,17.692278914149934,54.077284544898326,37.21178986704134
2006-09-24 00:00:00,34.78881317909674,16.5258149009727,51.184953874044936,40.60540945674465
2006-10-01 00:00:00,34.34781595875424,17.02155363710557,52.99665956473714,41.17331945079395
2006-10-08 00:00:00,34.21434144733393,16.48077766198707,51.66946123775345,60.51519040322005
2006-10-15 00:00:00,34.36615249454104,16.4678070796425,52.946228218406375,50.935250973143845
2006-10-22 00:00:00,34.950776610371626,17.29646059040988,53.04324732779229,38.50310487495272
2006-10-29 00:00:00,36.01587553648464,16.152862549323103,53.46948722963906,30.501756748683377
2006-11-05 00:00:00,37.10212096972045,20.637897626649064,54.59733300956742,18.84974027713532
2006-11-12 00:00:00,37.32241495995463,19.580300990155173,56.14497727050363,21.266719040213783
2006-11-19 00:00:00,36.10045067748344,17.713724065158747,53.91056381407198,26.405678116514075
2006-11-26 00:00:00,33.92533061663189,15.18714671177609,52.706821177719284,30.646102566136825
2006-12-03 00:00:00,32.246905525737205,14.493405248627775,50.62401654596938,34.07632895713577
2006-12-10 00:00:00,32.38541327297734,13.953293679111253,50.00808835238264,35.122188133109965
2006-12-17 00:00:00,34.357785901493486,17.609884448271597,52.68324098208115,34.90946621560636
2006-12-24 00:00:00,36.73229456217269,18.81992662985878,54.3037558519389,34.703787694147906
2006-12-31 00:00:00,37.72212964454637,18.61166505549783,56.475387828737325,37.24529621404631
2007-01-07 00:00:00,36.58758366575423,18.128038131146397,53.81750259189894,37.58981885309699
2007-01-14 00:00:00,34.156639074499154,15.857808028536109,53.11596364459349,38.28682906289732
2007-01-21 00:00:00,32.104473201905904,13.595065127636369,49.45788342508595,39.57100386995938
2007-01-28 00:00:00,31.698059587205485,13.179329497495576,49.06508617850433,38.63568392170024
2007-02-04 00:00:00,33.03519179571694,14.745316387858699,51.54226580385765,41.01635320764073
2007-02-11 00:00:00,35.235612416294074,17.046043120537874,53.334214573175245,43.36955415205056
2007-02-18 00:00:00,37.23585923554813,19.960545107627077,55.63333138665841,43.5525337186085
2007-02-25 00:00:00,38.49069889411535,20.85440923939086,56.50977707965543,56.56040730289056
2007-03-04 00:00:00,39.11472302505078,22.92705282923543,57.646358539260156,49.56615163339709
2007-03-11 00:00:00,39.47030373355077,21.493465242731133,58.12507124899486,40.35928135309453
2007-03-18 00:00:00,39.58055189228869,22.534570800524513,57.92681237137757,33.96946271061781
2007-03-25 00:00:00,38.87018371614833,20.128723624944598,57.25669801502622,24.27210843216645
2007-04-01 00:00:00,36.552946737484575,19.024538848251744,54.62549397983723,25.41629029294988
2007-04-08 00:00:00,32.500152143393315,14.505043143061709,50.3489887371872,28.93745520467257
2007-04-15 00:00:00,27.899869204073838,9.544249339108898,46.178831225408985,32.42356307021111
2007-04-22 00:00:00,24.950917065060725,5.778496225525448,44.14253889133481,32.85522089536018
2007-04-29 00:00:00,25.509844961566152,6.664858453108565,44.166015855085014,35.0010086302384
2007-05-06 00:00:00,29.59681057559578,11.610705151391166,47.49272569717817,36.17631494110457
2007-05-13 00:00:00,35.03832195434781,17.153897028135724,52.305693422612464,34.77922653329683
2007-05-20 00:00:00,38.75108288587943,20.98482857256767,56.26982513581958,54.41770872464124
2007-05-27 00:00:00,38.80469629638251,19.78341214830174,57.071637063009035,41.359387454783125
2007-06-03 00:00:00,35.67691171924749,17.975846558315396,55.07290710876063,25.62437900874108
2007-06-10 00:00:00,31.74969233362756,11.473462629461174,49.99309752848862,17.41029581183456
2007-06-17 00:00:00,29.53174467132038,10.649979904618888,46.82430937528042,6.761705696249253
2007-06-24 00:00:00,30.037875687426087,11.428999019137908,48.03531112989333,10.921772761086812
2007-07-01 00:00:00,32.44269887044932,14.637962423025433,51.01503820836941,17.617956983438866
2007-07-08 00:00:00,34.99229879140224,16.28862550608187,53.939527703286615,22.851623559225068
2007-07-15 00:00:00,36.276820320576356,18.989399220314255,55.21013833474453,42.98445416818132
2007-07-22 00:00:00,35.96622489517699,16.592916268936737,53.95872817726885,43.46830434103349
2007-07-29 00:00:00,34.72495383022511,17.2971258885446,53.89091295133226,40.36373204158184
2007-08-05 00:00:00,33.59167039843505,15.530331653676493,52.385443970239905,36.01207444920335
2007-08-12 00:00:00,33.292991944564235,15.57210585913699,51.24954061919594,45.781979755045626
2007-08-19 00:00:00,33.85864858733575,14.764727246607533,51.17942614164693,37.480827184507206
2007-08-26 00:00:00,34.70882693697609,16.88508725547895,53.40938600479353,29.44487749234142
2007-09-02 00:00:00,35.13239302324659,16.894767440160663,54.34484973491656,26.859656568105745
2007-09-09 00:00:00,34.81255050005447,15.215398443440089,52.96808322566004,14.65951197320159
2007-09-16 00:00:00,33.99295637569902,16.902036601315103,51.46789213475425,19.891028839058272
2007-09-23 00:00:00,33.173469386745595,15.133819440392335,50.89809287530758,27.17663713354951
2007-09-30 00:00:00,32.66930795368752,14.301600781798312,50.660247117873354,31.317716054190623
2007-10-07 00:00:00,32.48700357812683,14.850923741412988,49.96199440709026,63.86140641969984
2007-10-14 00:00:00,32.580898984525646,15.184854659509758,50.28858225828966,53.44935313045782
2007-10-21 00:00:00,33.07560812834474,15.711032090381687,50.204349623831845,35.81334985306062
2007-10-28 00:00:00,34.07077740783378,15.299585076386784,51.96594176639274,21.33506759678173
2007-11-04 00:00:00,35.2127220501243,16.041534977123604,52.58832148053412,13.208500523030834
2007-11-11 00:00:00,35.65136231704081,17.674454242207446,51.756682554527266,10.952633575431571
2007-11-18 00:00:00,34.6870462513612,17.750425961945425,51.21631762171264,14.23457960136136
2007-11-25 00:00:00,32.59341945764664,14.97609692837957,50.4639521694362,19.75734530017624
2007-12-02 00:00:00,30.707338276026327,12.60910321485272,49.009356199979266,12.06745674656218
2007-12-09 00:00:00,30.472654552777907,13.330632567238364,49.07899262461669,15.72977331936612
2007-12-16 00:00:00,32.18946535434141,14.842194908085649,50.76447433955771,19.656807594595325
2007-12-23 00:00:00,34.63324733198657,16.25781735456635,52.71697438209385,22.329633339476374
2007-12-30 00:00:00,35.96907996250164,18.76646318249272,54.82278380596861,38.363068311112514
2008-01-06 00:00:00,35.19513648726023,17.72677996784992,52.93963318485302,37.10897313860339
2008-01-13 00:00:00,32.88083348905021,14.183701750411217,49.506183098683266,33.57424087840736
2008-01-20 00:00:00,30.6412296496795,12.229278873403644,47.238424708191395,30.521058671876744
2008-01-27 00:00:00,29.897226603928075,11.163042905337168,46.490954011123726,28.744244036616447
2008-02-03 00:00:00,30.968215568494138,11.105191398237935,49.05622843807393,28.391263997783888
2008-02-10 00:00:00,33.09873431788612,13.231423091555515,51.551727742866284,29.17397200047754
2008-02-17 00:00:00,35.19527956308708,16.59792819465052,52.92803046692797,29.996637965122133
2008-02-24 00:00:00,36.590911485290555,18.80927433233604,55.29224605934291,29.34924987925209
2008-03-02 00:00:00,37.300083841765534,19.065306890594435,55.272302236611765,29.534218934904143
2008-03-09 00:00:00,37.68558539071578,19.561200920989453,55.16658959795387,29.310448112026
2008-03-16 00:00:00,37.8657018595011,20.256142473851504,55.252279926583554,28.11220107381775
2008-03-23 00:00:00,37.36344719586501,18.17709911797114,54.59625130986839,33.00705113781199
2008-03-30 00:00:00,35.37377017459167,17.39759174020555,53.97119307414913,28.48815449039052
2008-04-06 00:00:00,31.5846586310154,13.416425674459056,49.40191731579212,23.077814677385103
2008-04-13 00:00:00,26.93691671401286,8.866184559566861,45.217855783332226,20.102485694412383
2008-04-20 00:00:00,23.524639415724067,6.270958386884807,40.86397134377622,12.791974367568566
2008-04-27 00:00:00,23.388644032108225,4.929188527193844,42.38096229098142,15.378892030768368
2008-05-04 00:00:00,26.949952394223736,8.140378686826335,43.96518925404088,19.586515943241665
2008-05-11 00:00:00,32.37625241964047,12.841284505194064,49.00770097154248,22.026288658421404
2008-05-18 00:00:00,36.59772888015273,19.65172130989139,54.845617739532386,36.79637068975115
2008-05-25 00:00:00,37.34308256502331,20.380149547647772,54.60725711673388,30.79735206097681
2008-06-01 00:00:00,34.64416856726453,15.388052412571456,51.89315069156376,20.856324930933454
2008-06-08 00:00:00,30.653077062096013,14.393279657715455,50.23115900141488,13.752995318338575
2008-06-15 00:00:00,27.99912342473157,8.839635083077898,46.303263950457875,6.576910795519516
2008-06-22 00:00:00,28.03290513228436,11.420058908796129,46.282958212999624,8.52190851151404
2008-06-29 00:00:00,30.21814403888011,12.902678738821685,48.751702537679314,12.9709730915691
2008-07-06 00:00:00,32.869592720666006,14.70670061818713,51.00774854343945,17.35378260139734
2008-07-13 00:00:00,34.43864220518441,17.081784848777495,51.996166512604475,22.691956188940548
2008-07-20 00:00:00,34.386468745059204,16.280042591300628,52.005647658450634,25.22305085779607
2008-07-27 00:00:00,33.23617543302174,15.670524032975667,51.301405906433644,26.69404318529918
2008-08-03 00:00:00,32.01383625525118,14.260731303400146,50.130333283945845,27.593992767964192
2008-08-10 00:00:00,31.54218710071798,13.044971839789795,49.85732382743058,34.40887658492328
2008-08-17 00:00:00,31.98315104482454,14.753867695245189,51.237310507424596,34.57848472800463
2008-08-24 00:00:00,32.83874447189135,14.835528208426576,49.389020596640066,34.23299103374592
2008-08-31 00:00:00,33.37819323973639,16.054962094231414,52.18331040807951,33.05037265332617
2008-09-07 00:00:00,33.187670096236864,16.838679396725446,50.82552689372274,37.39500993914876
2008-09-14 00:00:00,32.42164306545865,15.48132774241431,50.43671705381843,33.6252016428443
2008-09-21 00:00:00,31.569382220572688,13.5777958930991,49.48706607899527,28.93103845137641
2008-09-28 00:00:00,31.001436400858573,12.9410221945413,49.24085476255857,24.96358096663053
2008-10-05 00:00:00,30.768112378156943,11.71370814935944,49.809696701665416,20.33322024791726
2008-10-12 00:00:00,30.80864578492832,12.721257504938396,48.740829350599554,19.290266437592205
2008-10-19 00:00:00,31.221253214518924,14.159050797460921,50.4226177879963,19.462994425186853
2008-10-26 00:00:00,32.13873730862792,15.780091491022864,49.99883082601097,20.404774889303685
2008-11-02 00:00:00,33.31067992869144,14.740985863744042,52.10862512403011,16.90970318837853
2008-11-09 00:00:00,33.946134497045236,15.650484431400914,51.71880059783712,18.52887610176695
2008-11-16 00:00:00,33.251093622455855,14.256801971888622,51.71452923938341,20.625716260628057
2008-11-23 00:00:00,31.287620163482572,14.156098120791011,47.99176429790076,23.426960449226467
2008-11-30 00:00:00,29.24688743607505,12.227333881912934,46.545763338065484,25.298909721118218
2008-12-07 00:00:00,28.65300851968879,11.294297788146192,46.09953676800505,29.42525936801093
2008-12-14 00:00:00,30.075821059474897,10.976047406312375,48.10462477418362,33.95022360125592
2008-12-21 00:00:00,32.529427084653,13.65312282520518,50.13168948471716,36.24043830961494
2008-12-28 00:00:00,34.180467107602155,17.529780309386947,52.45355181532159,55.071269434881664
2009-01-04 00:00:00,33.7901369612472,15.479207589927293,50.81854966176267,47.91931901340499
2009-01-11 00:00:00,31.65085580635763,12.941937146126165,49.26605034083212,36.62803469696495
2009-01-18 00:00:00,29.274956715527217,11.14904539987581,46.191350451354,30.71978285474841
2009-01-25 00:00:00,28.20664919335603,10.295750215015634,46.27705025507625,18.19907464111478
2009-02-01 00:00:00,28.988496214697168,10.678711957631368,46.44536521561116,25.41391487548797
2009-02-08 00:00:00,31.01533404700304,13.086611010288742,48.57673719489699,36.80604432983938
2009-02-15 00:00:00,33.18949161861564,14.551325869290565,50.630677620709264,44.49579715355788
2009-02-22 00:00:00,34.73061642540818,16.774976770846862,52.72135350212949,95.31925838007716
2009-03-01 00:00:00,35.5414751890177,16.258973917311287,54.75227873494897,79.8231304959853
2009-03-08 00:00:00,35.964976746026224,18.384462095781668,52.88886958095685,50.43393801770844
2009-03-15 00:00:00,36.202309809925445,17.224181909556123,54.76417341133333,24.2533351062291
2009-03-22 00:00:00,35.88341262611635,17.02063568700916,53.42802784809202,9.740431175156871
2009-03-29 00:00:00,34.21233013461089,16.935492065099048,53.1816076761491,6.847918757233878
2009-04-05 00:00:00,30.720299154184207,12.309213630313806,48.50913818310113,14.751729519772809
2009-04-12 00:00:00,26.09851660938967,8.115349274520057,44.081949086226714,25.43938954783644
2009-04-19 00:00:00,22.29579218706785,3.6530848252838055,41.049929681706544,17.566917605267406
2009-04-26 00:00:00,21.483482479216857,3.1841975252481944,38.87650119936945,21.65441844162463
2009-05-03 00:00:00,24.461109122448235,6.471751650392346,42.66527574668656,25.00524007455729
2009-05-10 00:00:00,29.771713616820442,11.443766136199198,48.26459231803488,26.92074087855067
2009-05-17 00:00:00,34.42840743189546,17.62962280260824,54.19577225683632,42.88294372064515
2009-05-24 00:00:00,35.87034105855284,18.175043211071447,55.75105791577411,40.20818513066954
2009-05-31 00:00:00,33.67694570791174,15.64628147603417,52.5953594509011,34.983812734265435
2009-06-07 00:00:00,29.714091642247975,11.01451176430523,47.162424895409316,30.03944841441985
2009-06-14 00:00:00,26.672081768932358,7.392757347387789,44.991354377591975,26.37725555745136
2009-06-21 00:00:00,26.217444667430215,8.373076540276983,43.24370161670975,25.06745533184252
2009-06-28 00:00:00,28.128939385051183,9.83175742654175,45.76775791176479,25.37014202915409
2009-07-05 00:00:00,30.83654249199431,11.848735379965714,48.9484434958126,25.72587808155203
2009-07-12 00:00:00,32.67897406064849,14.536740623429345,49.799349154063265,24.99665339520015
2009-07-19 00:00:00,32.90959068021713,15.058746418116252,51.31708098055109,23.74270830320556
2009-07-26 00:00:00,31.891023120111132,13.406645307628695,50.36095361237753,21.819855801454644
2009-08-02 00:00:00,30.613186851416767,13.5164318499924,49.726630360683004,20.58809950013964
2009-08-09 00:00:00,29.97979403259183,11.51387763975103,46.54958835390084,17.148559989313334
2009-08-16 00:00:00,30.2850488270412,12.97518754552112,47.27594557415077,18.55141094666938
2009-08-23 00:00:00,31.127246710731743,13.096999305396778,48.9665304316855,21.01810972629647
2009-08-30 00:00:00,31.774728706900284,12.484026680453972,49.166382659923016,23.03582133772081
2009-09-06 00:00:00,31.725229477511142,14.536868324520535,48.74577792903543,27.25302746349146
2009-09-13 00:00:00,31.03580736377563,12.692439712892,48.462438550880385,26.4971317404936
2009-09-20 00:00:00,30.16924886280242,11.249635265823283,48.43970873566733,24.48877837939736
2009-09-27 00:00:00,29.544508769532037,11.055978267077254,47.17742315276139,24.301793416617585
2009-10-04 00:00:00,29.263422789036674,11.806700067859062,47.462824974581906,19.80595296661836
2009-10-11 00:00:00,29.2600106057605,11.574712566450483,47.34074257794816,24.919575019542307
2009-10-18 00:00:00,29.595744894612352,11.339793672025753,47.49400518883958,32.23120110926419
2009-10-25 00:00:00,30.427684187210673,11.658423228913936,49.65908717987121,36.97741690457513
2009-11-01 00:00:00,31.60242273887893,14.911429933892133,50.985543376610366,69.71777346021281
2009-11-08 00:00:00,32.40633146761254,13.7523159869132,50.308166628489595,57.56564821644277
2009-11-15 00:00:00,31.98117689221938,15.340285332780983,49.95240497788491,35.96763537612248
2009-11-22 00:00:00,30.187658922634807,11.45638414678075,48.273623157733404,19.04357694722194
2009-11-29 00:00:00,28.04420768961223,11.351988059160192,46.24828515178648,6.707171539368642
2009-12-06 00:00:00,27.110650844051406,7.586051439818323,46.36950835593603,11.177420800591092
2009-12-13 00:00:00,28.205515993232808,10.467707354349997,46.54571273728878,20.960658545915667
2009-12-20 00:00:00,30.60581889163794,12.935323857352493,48.88744057561868,29.51523711412461
2009-12-27 00:00:00,32.529404743441106,15.189460234963624,51.37814958985299,63.1936971988332
2010-01-03 00:00:00,32.53251495013212,13.686312232008216,49.5950902634695,58.29910413555429
2010-01-10 00:00:00,30.619494632729662,13.392933390157825,49.43346219643184,43.4185507893785
2010-01-17 00:00:00,28.15902509674797,10.78740797655939,45.532846028602656,28.77669587623402
2010-01-24 00:00:00,26.783584133886453,8.565546023322764,44.78875458176658,18.560876157894
2010-01-31 00:00:00,27.254596701977825,9.17803444968473,45.13472460899833,18.29673851690176
2010-02-07 00:00:00,29.139992488868298,11.47132716012283,48.3380339196157,23.94825910095495
2010-02-14 00:00:00,31.3654346104514,13.300558962253586,49.87078831899841,30.341443224249293
2010-02-21 00:00:00,33.049232140570986,15.619998394648858,51.67750627595567,32.67135791675781
2010-02-28 00:00:00,33.97394191573124,17.20466560479029,52.911872914484555,33.306833673650004
2010-03-07 00:00:00,34.44267734570829,15.791248326827562,53.64538205973621,31.26205506409745
2010-03-14 00:00:00,34.724635876507634,17.20143276376014,53.035255502872886,28.08731434549473
2010-03-21 00:00:00,34.561142398767124,18.1769578393119,51.63659526855099,30.78557982730507
2010-03-28 00:00:00,33.190800870223164,16.183689077719336,51.40194192301491,26.81428030907357
2010-04-04 00:00:00,30.017024760158215,11.460408972996998,47.5687658903619,23.07255897261784
2010-04-11 00:00:00,25.48577636077057,6.629645862636185,43.49960449656924,22.835343891003525
2010-04-18 00:00:00,21.366005795278497,4.399713204379719,38.4130704155822,15.066580769059652
2010-04-25 00:00:00,19.905079819706806,1.3650863110894171,38.455137488413136,21.204013730515825
2010-05-02 00:00:00,22.25011432256246,5.568179447237842,41.67320321669098,30.152123882930525
2010-05-09 00:00:00,27.34372364601135,8.90480059553025,45.00989273243388,37.085044617494
2010-05-16 00:00:00,32.34859742811478,13.574719325145109,50.01228095425286,75.45310161043682
2010-05-23 00:00:00,34.47287156649992,17.79619125028561,52.133607587934314,66.75076111169918
2010-05-30 00:00:00,32.848303103516024,15.229102981970597,51.77581995333696,47.529168326472586
2010-06-06 00:00:00,29.004325458577753,11.842920304769578,47.982993643504074,28.783357951391423
2010-06-13 00:00:00,25.629329948821518,6.663628440939831,42.85060044088401,15.391541813528894
2010-06-20 00:00:00,24.677118608288367,6.715416495679367,43.24077794904086,14.892215988022368
2010-06-27 00:00:00,26.260626410216123,8.64340908592797,44.4685663826252,21.430415208177365
2010-07-04 00:00:00,28.96267257236053,11.12764737735393,47.33243463550431,28.79186499027137
2010-07-11 00:00:00,31.04816270168029,12.613384833980184,50.17857325935074,33.48122997253393
2010-07-18 00:00:00,31.56847526491336,13.112879854988439,50.29174797740008,32.45814257889452
2010-07-25 00:00:00,30.709112930575742,12.691197370181413,48.44571259142255,27.25049853240965
2010-08-01 00:00:00,29.399957265836683,11.307859868887402,47.44195129010734,21.818754916161907
2010-08-08 00:00:00,28.608362652330108,9.863742348223944,46.851885228628525,17.246047035791694
2010-08-15 00:00:00,28.757993026062007,10.825569043571353,47.02032641986577,17.839816277019462
2010-08-22 00:00:00,29.555788449029837,10.442283042732065,48.25057583102,21.04254921375347
2010-08-29 00:00:00,30.28826082989943,11.541032027453689,48.169174893612215,24.377625473435376
2010-09-05 00:00:00,30.376001361945523,13.292754149600624,48.701654947239,28.55558046327551
2010-09-12 00:00:00,29.77322179334263,11.925796308002191,47.518198326952636,27.877520274414028
2010-09-19 00:00:00,28.90046197858318,11.652831752381577,46.495334141830284,25.080121752674337
2010-09-26 00:00:00,28.215603425941712,9.48159212380758,46.64156684069725,21.99454050963612
2010-10-03 00:00:00,27.87761568633634,10.074655179348103,46.962646242172966,19.824322902108573
2010-10-10 00:00:00,27.82620037235233,9.427534212283213,45.82587045503261,19.374065443567545
2010-10-17 00:00:00,28.08852847022253,8.915723963473045,46.6056647130887,20.178688687421467
2010-10-24 00:00:00,28.82808964141092,10.466556220488684,47.16524972250685,21.12896096690242
2010-10-31 00:00:00,29.978915067174032,11.60175023165533,48.62707182876007,21.34084997497778
2010-11-07 00:00:00,30.918525014977664,12.698951495958205,48.206776298917056,20.583026466900783
2010-11-14 00:00:00,30.754610824462155,13.143025024429559,49.083631663714414,19.087515306423207
2010-11-21 00:00:00,29.162451036847557,10.97606246737384,46.1960641559333,19.49464625169823
2010-11-28 00:00:00,26.966980953325397,8.339962222313968,44.60221026417457,15.55279841445
2010-12-05 00:00:00,25.719428266094678,7.317669478410082,42.83633083965909,21.39980651668974
2010-12-12 00:00:00,26.459098511290804,8.071895172624544,44.942025109797186,29.85988621662375
2010-12-19 00:00:00,28.742383956019005,10.832330150265186,46.203506240307156,36.69527185223651
2010-12-26 00:00:00,30.886458375730257,12.62288438929425,49.061147917022055,72.83084638053639
2011-01-02 00:00:00,31.280638517609322,13.638144934952527,48.702718125776116,64.22756564987222
2011-01-09 00:00:00,29.63794684143088,11.604027176658,47.24730656883763,45.06417849130508
2011-01-16 00:00:00,27.14540652296539,7.02470707087495,44.655478609158834,24.892935478286297
2011-01-23 00:00:00,25.48514589809641,6.802088240810566,42.269836164129,12.02868905438141
2011-01-30 00:00:00,25.6270828536084,8.315473185448433,44.24930505257468,8.781167612117866
2011-02-06 00:00:00,27.331578518126445,9.217390133120212,45.47404052089884,13.386256863615316
2011-02-13 00:00:00,29.576085183909218,11.275606152702018,47.506204841338906,23.30819946988541
2011-02-20 00:00:00,31.39326821813005,13.996798094090646,49.67760753208009,19.110494893251303
2011-02-27 00:00:00,32.440291604158396,13.843382977725545,50.552840981510386,27.29996519655101
2011-03-06 00:00:00,32.961485255470976,15.894641602789816,49.9902209127224,36.76393639000905
2011-03-13 00:00:00,33.276992441800274,13.279046230935313,51.7765950820078,43.68525052018864
2011-03-20 00:00:00,33.23992927038368,15.626449332420671,51.612036583015886,93.11586365001531
2011-03-27 00:00:00,32.14590928772427,14.362676997451223,51.0291387631173,80.31497068259435
2011-04-03 00:00:00,29.300842314376432,10.929935588910027,47.013166180749224,54.11143220611107
2011-04-10 00:00:00,24.916023275844168,6.962302667131148,43.19254402587973,26.177027461279227
2011-04-17 00:00:00,20.552583267974462,1.546035227756846,38.199025784851116,11.868760771326576
2011-04-24 00:00:00,18.480066689754096,-0.21129202371764322,36.80612665221978,2.958545310494893
2011-05-01 00:00:00,20.154838166317038,1.8776223251418287,37.77406794768588,8.83170910853071
2011-05-08 00:00:00,24.932928094986995,6.1775041364966405,43.57312393604097,22.47176580964782
2011-05-15 00:00:00,30.188723597585057,12.55087055824022,48.46714244857097,13.033454550512324
2011-05-22 00:00:00,32.9634919502673,14.995408331959709,50.411883637023905,17.97292076436676
2011-05-29 00:00:00,31.957311177735313,14.624441133403055,49.671907947074736,22.84401180745001
2011-06-05 00:00:00,28.320555100683542,10.325925616862733,46.7013688800011,26.87847887767091
2011-06-12 00:00:00,24.675134024563526,7.365781277898876,43.79616624121683,44.11240346609412
2011-06-19 00:00:00,23.225107809943538,4.974284873313124,40.58681164413574,45.05921878247481
2011-06-26 00:00:00,24.4290990680197,6.032610216395714,43.13541087788431,43.4411186541219
2011-07-03 00:00:00,27.067175278844054,9.137783158476843,45.09882002056764,40.37768709730918
2011-07-10 00:00:00,29.36460103306421,11.919142429128659,46.5941003247156,43.33008697117682
2011-07-17 00:00:00,30.181688046682112,13.071177252607583,46.92534132145128,39.416059692599134
2011-07-24 00:00:00,29.513153968412343,11.561015183770117,47.2710764162352,35.389529351739604
2011-07-31 00:00:00,28.205111943018327,10.117004949571331,45.874450778316586,31.789360984484457
2011-08-07 00:00:00,27.2692892530401,8.998408052218412,46.33814546835801,27.30195743725669
2011-08-14 00:00:00,27.254055571006724,8.552013982243256,45.50265509191597,25.93882158601074
2011-08-21 00:00:00,27.984052193059995,10.32856399587979,46.17056655231191,25.55559553729565
2011-08-28 00:00:00,28.7828238437406,9.822119223505265,46.89730211075561,24.99788243943693
2011-09-04 00:00:00,29.00749712887949,9.3087400430346,47.39817359217503,28.00756166984357
2011-09-11 00:00:00,28.507002166582947,8.89902777728172,47.12801124213953,23.42499617098376
2011-09-18 00:00:00,27.644585371717245,9.47067059534523,45.23363611696657,16.952243284591376
2011-09-25 00:00:00,26.905335911793667,7.773326449576182,45.07828315946786,12.344064874581289
2011-10-02 00:00:00,26.50846738337471,7.678651227496513,44.57135578034936,6.402700803047095
2011-10-09 00:00:00,26.410656651499096,8.712406787703593,44.25988115907731,10.287101086285931
2011-10-16 00:00:00,26.606861013456147,8.107410905556943,46.08592770936699,17.130727102123
2011-10-23 00:00:00,27.25397179102379,7.581761386657359,44.04367920283871,23.842947008543973
2011-10-30 00:00:00,28.361226086966994,10.111187009272303,46.527990105029374,52.05729868190352
2011-11-06 00:00:00,29.406542729528756,12.026245285932816,46.980142581201676,48.921970855409455
2011-11-13 00:00:00,29.492642064582252,11.84721543266475,48.05229683373606,37.51971872120507
2011-11-20 00:00:00,28.130242967991457,11.055179636851594,45.96635053954496,22.958744741481937
2011-11-27 00:00:00,25.936778902474494,7.711215097528921,44.13687839219558,28.174457002995663
2011-12-04 00:00:00,24.412193804614848,6.880883737072221,44.0346733886568,11.098218910707793
2011-12-11 00:00:00,24.782776095886184,7.1854121640547355,42.50123068802788,3.272691559523498
2011-12-18 00:00:00,26.892491169601943,9.617713974417317,45.47666046979717,3.585413526773038
2011-12-25 00:00:00,29.202995323373916,11.379465867747896,47.08736249219108,1.7039715338537296
2012-01-01 00:00:00,29.979643058231215,9.95019023973332,47.422139079512604,3.88700997213293
2012-01-08 00:00:00,28.648953731994318,8.820139915421002,48.03187272045449,7.105474798728304
2012-01-15 00:00:00,26.182393267752353,7.615864532813763,43.5757001044416,10.368933695285037
2012-01-22 00:00:00,24.270528202956932,5.446017327436287,42.75253939616182,26.70730051311488
2012-01-29 00:00:00,24.075375384863776,4.166735603364344,43.61007014737854,27.880691203518552
2012-02-05 00:00:00,25.564882621180057,6.934951074201898,44.745542615418174,26.045135799032483
2012-02-12 00:00:00,27.79696047584181,10.592873585994642,46.49538936446082,23.449213484334084
2012-02-19 00:00:00,29.737686239149465,12.35203708906224,46.26579715122314,20.97712836884913
2012-02-26 00:00:00,30.917232427621492,12.553532671348002,48.96872029519014,23.19209590602397
2012-03-04 00:00:00,31.50360946942972,13.745132835499842,50.71858965881973,27.743639350313515
2012-03-11 00:00:00,31.849247720360314,10.822686229191746,48.78592271927253,32.169477374813376
2012-03-18 00:00:00,31.91552361066548,12.379618050881216,49.24950506887525,45.66039740235168
2012-03-25 00:00:00,31.074034303025094,12.324213178696677,50.70126411413609,41.170030668153416
2012-04-01 00:00:00,28.563953312684212,10.972714827016976,46.72365187647899,31.258226972941937
2012-04-08 00:00:00,24.378002633398744,5.894750803951027,42.70655026933346,20.68779895655297
2012-04-15 00:00:00,19.84855734289362,0.8741241725726852,38.00125702529981,10.736997737831652
2012-04-22 00:00:00,17.21561944277131,-0.9954061337176441,34.37400234708138,12.600119529971172
2012-04-29 00:00:00,18.200664356802847,-0.3599813068554951,35.33569743844114,18.963681084538475
2012-05-06 00:00:00,22.57611865455852,4.382808905935985,39.50484999303779,27.087428647658705
2012-05-13 00:00:00,27.984066315115005,11.338581708342208,45.957700722512044,38.35072554654418
2012-05-20 00:00:00,31.366932930883113,14.60766071961746,49.504333670539545,41.74301621760515
2012-05-27 00:00:00,31.020003060599347,12.34612199874514,50.05166462081235,41.88928547699609
2012-06-03 00:00:00,27.68083434359125,10.029982483428434,47.484815427261225,39.92283575885459
2012-06-10 00:00:00,23.8403164394361,5.279876933010076,41.712244413180585,44.97289765741345
2012-06-17 00:00:00,21.908091242137985,4.483014421922306,40.57404141426218,42.02437635526986
2012-06-24 00:00:00,22.69169393791265,5.0481822454750045,40.549128765535116,38.8777664452244
2012-07-01 00:00:00,25.207179847415702,6.9190220964919895,43.10404973015872,36.03082254209231
2012-07-08 00:00:00,27.680214666295225,8.72502106495746,45.9873992559061,31.77870771263786
2012-07-15 00:00:00,28.79610582643141,10.478253853455662,46.627090986282596,31.257463270640688
2012-07-22 00:00:00,28.348627198370735,10.267014877519077,48.14878296345681,31.8140837640997
2012-07-29 00:00:00,27.077005530290137,8.933637257596793,45.956590864427085,32.36149525262173
2012-08-05 00:00:00,26.01642832715969,6.889675853962967,44.63032685200416,36.37439423668169
2012-08-12 00:00:00,25.829568889504465,8.10940214715922,42.95078896555805,32.557346321980056
2012-08-19 00:00:00,26.46808799191285,8.052411593709422,45.287227563023635,26.43957456545173
2012-08-26 00:00:00,27.310754215106705,8.357392824671752,45.104521226829185,20.27572987588654
2012-09-02 00:00:00,27.666908727667074,9.78794121600869,45.54759803135764,12.818341966018354
2012-09-09 00:00:00,27.28088257030669,8.848535020188308,45.76840540245868,14.138386177099342
2012-09-16 00:00:00,26.44485736714568,8.040214136566131,43.53774347181316,18.43782679206598
2012-09-23 00:00:00,25.65758095092077,8.28119165705182,43.46781961798246,23.993672064816323
2012-09-30 00:00:00,25.198893123506796,7.051342432366113,43.79025136353293,31.116555458565472
2012-10-07 00:00:00,25.053511872364876,6.27767042418175,44.19891937094418,33.008397355913814
2012-10-14 00:00:00,25.18895737235663,7.093306912138626,43.74407593834838,32.567967233714135
2012-10-21 00:00:00,25.744582110979188,8.501271195011853,44.48686722818418,30.518829951806573
2012-10-28 00:00:00,26.79068564073567,8.136346610912007,44.30291784268801,33.4543407115558
2012-11-04 00:00:00,27.910214973309646,10.639364279758507,44.90262842110278,30.479511665175377
2012-11-11 00:00:00,28.2279972012024,10.558695915811946,45.80060373772584,27.32005794969153
2012-11-18 00:00:00,27.115028669162683,8.685345355651563,45.65665787479155,24.393134673577293
2012-11-25 00:00:00,24.97419027593845,5.995908489189265,44.7397412156362,20.41211166579562
2012-12-02 00:00:00,23.214383041636864,6.054378311040132,40.22488546113196,19.66665208609261
2012-12-09 00:00:00,23.210356955336504,4.972029519731059,40.82254217090687,19.91442781186465
2012-12-16 00:00:00,25.093408191687,8.917455300242015,42.17285884062452,20.95974043624711
2012-12-23 00:00:00,27.51049926468523,8.28852945191483,45.94059260766517,19.83336886578433
2012-12-30 00:00:00,28.649675901091804,10.864666986602089,46.88511762301633,21.466536300775427
2013-01-06 00:00:00,27.663836046665242,8.870370379515421,46.1969191647234,23.431837132805843
2013-01-13 00:00:00,25.280197270430854,7.906408865669675,44.25135468331698,25.287386700634404
2013-01-20 00:00:00,23.155052527932845,5.052050695721366,41.08469155371764,29.516373212621563
2013-01-27 00:00:00,22.620307938393417,4.967348846191797,39.36622669787809,29.27750438632284
2013-02-03 00:00:00,23.861835711957696,6.549871559230581,42.16642437715312,27.82002305725047
2013-02-10 00:00:00,26.046102260519888,6.5312285282177704,43.93385681775881,25.91001034380513
2013-02-17 00:00:00,28.09465426974719,11.305569205562389,46.92428131750752,23.560672560490858
2013-02-24 00:00:00,29.41282621456359,11.209633102534283,46.63950680273629,24.019089582837136
2013-03-03 00:00:00,30.07671923071212,11.712793329091195,47.763093323839215,25.688168325101657
2013-03-10 00:00:00,30.451308889888526,12.19175131889778,49.57396876777428,28.003589531570345
2013-03-17 00:00:00,30.59906131046359,13.46973923328752,49.0849440706797,30.033453951736977
2013-03-24 00:00:00,29.98271081066305,13.271456959793987,46.92476335812738,31.140755930267765
2013-03-31 00:00:00,27.80500981430518,8.189769068434675,45.70663417832643,31.55821428706633
2013-04-07 00:00:00,23.860942227793483,6.694572510598423,41.41967184289179,31.043877830928928
2013-04-14 00:00:00,19.24039868620785,0.29526144714744973,37.48781567313891,36.0283036972039
2013-04-21 00:00:00,16.105526622970842,-2.1212691900715406,34.96563341427088,31.706250538715214
2013-04-28 00:00:00,16.392915009124085,-1.7026086269243983,32.8097431048689,25.50879773747855
2013-05-05 00:00:00,20.28516468910898,2.889562281174875,38.94165905467874,19.28055902660233
2013-05-12 00:00:00,25.740544262630152,9.096647811437236,44.12607468577975,11.6543387687005
2013-05-19 00:00:00,29.6727132282365,11.122003844168862,47.753510558781464,13.318187427452212
2013-05-26 00:00:00,30.009270876817638,11.90478682240159,47.352132963814555,18.11513947070039
2013-06-02 00:00:00,27.051106134418657,7.776067818669407,44.60674330533468,24.4266813331469
2013-06-09 00:00:00,23.09532132582899,6.652162209669282,41.89352011372748,34.05397593739577
2013-06-16 00:00:00,20.705748260640416,3.7541685981615913,38.98818757492605,35.76297641785856
2013-06-23 00:00:00,21.033319653820655,2.5262586831763407,38.74192116721686,34.261866401835455
2013-06-30 00:00:00,23.36478568338821,5.833910503368731,40.40423961177217,30.949875242910224
2013-07-07 00:00:00,25.968464835243605,7.305707630447021,44.736989516274946,29.04438642940869
2013-07-14 00:00:00,27.375828718671173,8.996933990890895,46.46223381568805,29.16656921081669
2013-07-21 00:00:00,27.173509821174044,8.839019351142717,44.87201319247735,31.23460153746795
2013-07-28 00:00:00,25.971846900308716,8.177316491661916,44.71252016720747,34.33074482230668
2013-08-04 00:00:00,24.807258562742838,6.894943580678028,42.85543060916732,37.2498732581909
2013-08-11 00:00:00,24.44647677645349,6.348279103988986,42.112830748949364,37.63482860723868
2013-08-18 00:00:00,24.97191232349481,6.716951752706297,44.21193731115824,36.45417892115486
2013-08-25 00:00:00,25.834629636371076,8.374228283650385,43.870033944055024,34.94220421341554
2013-09-01 00:00:00,26.313428024289276,7.6043026186571865,44.828381505814214,31.35888070421194
2013-09-08 00:00:00,26.051851465367314,7.476512496199447,44.605037402411924,35.22507536610264
2013-09-15 00:00:00,25.25903398985167,7.244626495323761,42.471426695126425,41.87951364873162
2013-09-22 00:00:00,24.432494879830333,6.31514642582016,42.65934900404478,49.0700062809538
2013-09-29 00:00:00,23.91023749770204,5.2376671535324455,40.71688191995656,69.6638994096077
2013-10-06 00:00:00,23.71525296548099,6.888652277217968,41.01658162108674,63.87066632957492
2013-10-13 00:00:00,23.794743093079475,4.827254160403697,42.53823931757081,49.6495903237988
2013-10-20 00:00:00,24.262105762070146,6.27114181718823,43.08094901137528,30.6112759370186
2013-10-27 00:00:00,25.233433122250908,8.270434611815713,45.195732214402,22.183533706021723
2013-11-03 00:00:00,26.396860383566022,7.438954099717662,45.20134072628614,11.359312786202436
2013-11-10 00:00:00,26.923515756808715,9.666734962881804,45.59430343297518,9.120137433611143
2013-11-17 00:00:00,26.072437189884354,7.314565243401699,44.977417182090335,13.598972074164694
2013-11-24 00:00:00,24.03180524846321,5.922671948612319,41.35154499714315,9.126726774256417
2013-12-01 00:00:00,22.083828306241788,3.7232936578660905,39.76861259705687,12.301850933707208
2013-12-08 00:00:00,21.70976396986982,3.0071142267908932,39.29988324929299,15.826192915056868
2013-12-15 00:00:00,23.319657963797997,5.97893452866165,40.60244541873926,19.095956376979508
2013-12-22 00:00:00,25.781047715145906,7.485157778972319,44.66962664010597,30.49390290670793
2013-12-29 00:00:00,27.253644520577396,10.018042971871726,44.658557427084254,29.09472873031871
2014-01-05 00:00:00,26.637411229601412,8.424118142204449,45.41499594076177,24.33280298131073
2014-01-12 00:00:00,24.39277854658617,5.8678557429637905,41.671020957898094,17.50987338166262
2014-01-19 00:00:00,22.098761688893614,2.9698166066011353,39.55737983620806,13.280878084741364
2014-01-26 00:00:00,21.229524381808194,2.8624903993490562,39.79643014043419,10.383280164397762
2014-02-02 00:00:00,22.193857092324013,2.486392234131209,40.745569870829975,10.053668012873716
2014-02-09 00:00:00,24.293495179049792,6.882405840955212,42.432408690832744,11.362755737987154
2014-02-16 00:00:00,26.43005794251991,7.851812833461416,43.408780141527515,12.280561108321203
2014-02-23 00:00:00,27.890031092822014,9.839317475772123,45.91892561381042,10.6896691121446
2014-03-02 00:00:00,28.644417771880057,11.329831474419777,47.629969587382575,7.330944225417658
2014-03-09 00:00:00,29.050481447145675,10.852198201815398,46.51398866253406,3.509261554116537
2014-03-16 00:00:00,29.261299413215273,11.163300926053289,47.760990791097555,1.3849624393912794
2014-03-23 00:00:00,28.841853278422555,10.439610352529094,47.1652296254274,3.122963163232144
2014-03-30 00:00:00,26.987504789859624,8.778120334474682,45.82495115184435,6.708532770535889
2014-04-06 00:00:00,23.320199191942166,6.17891560616048,40.45291462254368,11.323832626840687
2014-04-13 00:00:00,18.680793027268876,-0.20248364487712323,36.655699676757905,26.297535500666225
2014-04-20 00:00:00,15.109815824950715,-4.90876938033902,33.73925020190585,28.0414838628016
2014-04-27 00:00:00,14.706827052169247,-3.9054120409864446,33.35390623196305,25.96063247977472
2014-05-04 00:00:00,18.047432809897643,0.6403473545870284,35.95559432906737,21.131656156757465
2014-05-11 00:00:00,23.44590609120405,5.393875278512525,43.03119506270692,19.559914426193387
2014-05-18 00:00:00,27.857385009223577,10.901039430907169,46.38085002628748,16.660456723981554
2014-05-25 00:00:00,28.888152629794412,10.895745960149462,46.70053004355269,15.489269064553165
2014-06-01 00:00:00,26.38924939387292,6.916645241271141,43.86173861426382,15.911231785271909
2014-06-08 00:00:00,22.423543945457638,5.695712935104751,41.93436058653327,13.242852012505832
2014-06-15 00:00:00,19.63330602209782,1.4916275452790408,39.03901393438411,15.211260803625246
2014-06-22 00:00:00,19.49838819328705,1.738688437077304,38.080579458972956,17.96724303392989
2014-06-29 00:00:00,21.605775391532376,3.8805261710694943,40.39355178517888,21.19951614993904
2014-07-06 00:00:00,24.309936705636446,6.173468356643703,43.27258403612107,26.14911468000337
2014-07-13 00:00:00,26.014599807405453,7.503449239865283,43.983340559414096,28.095536875137416
2014-07-20 00:00:00,26.097429710313914,7.831293276530143,44.978879395813706,29.110862673021405
2014-07-27 00:00:00,25.019509692861238,7.791014915868761,43.47391346044905,29.34593977183781
2014-08-03 00:00:00,23.795305443539007,5.748125153815401,41.64048937534788,31.32335296176357
2014-08-10 00:00:00,23.281888499975228,4.732780127625006,41.76582479731037,31.19967719275142
2014-08-17 00:00:00,23.694246811371702,5.916514634448912,41.7727368310574,30.95402326511784
2014-08-24 00:00:00,24.571284312067434,6.516247887478215,43.94970221015602,30.494545580367166
2014-08-31 00:00:00,25.179594287015547,6.656241072450587,43.73694796570093,31.43582820377515
2014-09-07 00:00:00,25.06878556788704,5.615904081078533,42.910877682139315,29.676959601819167
2014-09-14 00:00:00,24.355198946010788,6.20579665372248,41.52269109405316,27.241335573997
2014-09-21 00:00:00,23.519424301248133,6.283909836902893,40.084161750216495,24.34733062040869
2014-09-28 00:00:00,22.95235269917119,4.7599131146620905,41.03356569687574,22.121280245637912
2014-10-05 00:00:00,22.72408339830313,4.923676281153504,42.059913952904296,20.161272808698207
2014-10-12 00:00:00,22.770508979172085,6.150467376907049,41.68023911343206,18.78914755059625
2014-10-19 00:00:00,23.17347973279007,5.346695818897498,42.780846888873484,17.819317395067632
2014-10-26 00:00:00,24.0792782324566,4.970931877204933,41.13524839905895,17.322348796187796
2014-11-02 00:00:00,25.277241572724115,8.539523535842562,44.19967730400385,15.41756290257218
2014-11-09 00:00:00,26.00540437824696,6.728551336249904,44.06954765930851,12.9736345323195
2014-11-16 00:00:00,25.44042739337246,8.67946835268351,44.263362827084634,10.719862768920526
2014-11-23 00:00:00,23.56226546646416,5.435012001253341,41.42678610314837,7.325444521212022
2014-11-30 00:00:00,21.495901434104038,3.57099102638432,40.14164993628599,10.37562637416411
2014-12-07 00:00:00,20.78509850844476,2.427327278823441,39.140979586307814,15.89977289389146
2014-12-14 00:00:00,22.102100208507828,5.181664437568731,40.74509196245593,22.8325652107324
2014-12-21 00:00:00,24.563684772705162,6.0338718128013795,42.46889282534396,40.90458704804355
2014-12-28 00:00:00,26.351069263984698,8.007086405808842,45.87618599466607,40.27222844100768
2015-01-04 00:00:00,26.13926673667655,7.393555232747257,43.46002146894911,33.10347496340604
2015-01-11 00:00:00,24.106365735590447,6.799539792588135,42.20510380775913,21.159890547542712
2015-01-18 00:00:00,21.712013645996542,3.735430121029932,40.48436155554474,12.779374737718902
2015-01-25 00:00:00,20.540152893689445,3.2996863046904465,39.1909645597516,8.46188717657592
2015-02-01 00:00:00,21.221746732352184,1.6179061712694853,39.96056669507212,9.390742912553463
2015-02-08 00:00:00,23.21830963297586,4.894997459340875,39.86645592443208,14.514722173151716
2015-02-15 00:00:00,25.438134708745977,7.579219276840831,44.21556802333211,15.01990712914255
2015-02-22 00:00:00,27.075553896802933,10.07698008129147,45.3212002638209,17.185258297147225
2015-03-01 00:00:00,27.9692158754396,9.659426753691363,45.983718680505206,17.900510563239415
2015-03-08 00:00:00,28.448461281457824,10.988592636067455,46.237861872835836,17.614414010470806
2015-03-15 00:00:00,28.743598663279567,11.890738384269586,45.49467444224565,17.5949456092261
2015-03-22 00:00:00,28.52881918950505,11.176487427188459,45.952308500430064,19.95527094748935
2015-03-29 00:00:00,27.019092773090577,8.253879986035304,44.50510168244826,23.919947569900124
2015-04-05 00:00:00,23.690956117744836,4.730688831508878,41.664811069642774,28.82328987338441
2015-04-12 00:00:00,19.13662732285408,0.13791888446197476,37.41430807705042,38.532514180537326
2015-04-19 00:00:00,15.236762453317798,-3.8697592871509663,32.618366716542575,37.881115011962095
2015-04-26 00:00:00,14.199659507592981,-3.017429335746325,32.159397226467355,33.322190081991515
2015-05-03 00:00:00,16.968029892785143,-0.603967433431567,35.553892840081446,25.704361725509063
2015-05-10 00:00:00,22.242412809156235,4.682654789376823,42.09651581211363,21.02442435687077
2015-05-17 00:00:00,27.087969074093824,10.077189764945935,44.682755966363686,16.565864498036206
2015-05-24 00:00:00,28.844067723381386,9.240054991523369,45.8370175344671,14.751262654285904
2015-05-31 00:00:00,26.90986636495367,8.984634383577475,44.77155491649458,15.378538490807124
2015-06-07 00:00:00,23.02229222310178,4.341645337305241,42.292640378739655,12.78981491647169
2015-06-14 00:00:00,19.87856222607092,1.8535063782475625,38.47639373205381,15.085485013775417
2015-06-21 00:00:00,19.264033963839424,0.6822762839079353,38.05205777795325,18.17867843608032
2015-06-28 00:00:00,21.089250329104303,4.078986036733198,38.569709933680514,21.66611163367257
2015-07-05 00:00:00,23.8385122256867,5.450595867458819,41.23242045270672,29.49277713121269
2015-07-12 00:00:00,25.818491018975955,7.903054196668926,44.285682287804825,28.665335427508985
2015-07-19 00:00:00,26.200770354787807,8.516057314473663,45.84996196881268,24.791784999656496
2015-07-26 00:00:00,25.278972017715862,6.798306971508868,43.378450297860866,18.63023744162183
2015-08-02 00:00:00,24.021865413580755,5.739161544384807,41.61472762689111,12.8624514145463
2015-08-09 00:00:00,23.36081418005685,3.927596766031069,41.67890245038131,11.853040555860256
2015-08-16 00:00:00,23.642307416895363,4.771550223107177,41.07883733252192,13.736850629004593
2015-08-23 00:00:00,24.50674119180929,6.422484468053508,42.343806001750096,17.98106640058885
2015-08-30 00:00:00,25.227438102418457,6.414830666198338,43.99152881781413,21.23134049842462
2015-09-06 00:00:00,25.269778658026492,7.771608893413273,43.05284360753992,23.1539985187118
2015-09-13 00:00:00,24.650170687859863,7.507733663751573,43.445745451760516,23.44056178551281
2015-09-20 00:00:00,23.816366410286562,5.5289659644516185,42.68390075919841,22.467553197350767
2015-09-27 00:00:00,23.20416239495037,4.475336628003113,41.208689989014104,21.550379477621263
2015-10-04 00:00:00,22.937708408226005,5.0473113398459795,40.510164862376975,23.13279253108381
2015-10-11 00:00:00,22.951953065233813,6.511213926651884,40.58622953336392,26.350858714786074
2015-10-18 00:00:00,23.29458066851396,5.588783480770381,41.56386419236263,30.69536927650885
2015-10-25 00:00:00,24.126897496351347,6.214745620343557,41.24358446472267,38.28168897714798
2015-11-01 00:00:00,25.331786240486952,7.39119598343855,42.8725458331403,37.5740687196022
2015-11-08 00:00:00,26.23162441919615,7.617619600866554,44.58936493968429,33.3499518069106
2015-11-15 00:00:00,25.950012715560952,7.975433741052715,45.75501973207426,26.433490496339225
2015-11-22 00:00:00,24.27127430669535,6.566938200073402,42.15211152868897,19.252560475093016
2015-11-29 00:00:00,22.13856035088053,3.533285365828707,40.19228559486611,19.085004479988697
2015-12-06 00:00:00,21.113516276880993,3.025063593018565,38.96324947336784,22.72726749304084
2015-12-13 00:00:00,22.10668376963842,3.920281653585157,39.635371654642846,29.36130055187744
2015-12-20 00:00:00,24.50530952357208,5.258039127495586,42.324229214506566,38.281122731478725
2015-12-27 00:00:00,26.561329882684888,7.43551576988002,44.209815533395364,38.438197288414415
2016-01-03 00:00:00,26.759350558177367,8.686008220814116,44.4917846092933,33.74759784222714
2016-01-10 00:00:00,24.98712840003389,6.200541816072487,43.22670634332782,25.17228213787972
2016-01-17 00:00:00,22.54503801652658,5.470441801732015,41.98807488259996,16.93103004594484
2016-01-24 00:00:00,21.090220262643523,3.10361981867117,39.95118769800527,15.96164911055644
2016-01-31 00:00:00,21.469081489436068,2.765985717889688,40.62977583377368,19.46373952345332
2016-02-07 00:00:00,23.324422321450296,4.328879644641937,40.83157414408906,26.7664483200454
2016-02-14 00:00:00,25.599177818803515,6.142575443038609,42.773088570293226,33.545462402160034
2016-02-21 00:00:00,27.375321106514765,9.254899822584736,45.49343045724094,37.439620925271775
2016-02-28 00:00:00,28.38567779743637,9.059409244916733,46.83297887250464,38.63781576551382
2016-03-06 00:00:00,28.912056618899513,10.936046310142398,46.30429313210195,37.319566907054366
2016-03-13 00:00:00,29.24617663143931,10.374347765455454,46.76355034404416,40.40107133029208
2016-03-20 00:00:00,29.174261571967488,10.144141698044908,48.04462286475976,36.58503930849178
2016-03-27 00:00:00,27.95521073409098,10.743982046664925,45.59487372454339,31.94505132322364
2016-04-03 00:00:00,24.9497519078516,7.704380264966552,44.51333271741768,26.70803803799249
2016-04-10 00:00:00,20.50838647395583,3.333041097096718,39.20938735764663,21.53492037378121
2016-04-17 00:00:00,16.319905561255602,-2.0387844752096242,33.76394912363875,19.24156721500066
2016-04-24 00:00:00,14.646919178859765,-2.0633686775278655,33.419411853294015,18.65697068579959
2016-05-01 00:00:00,16.765219507002165,-2.4638222611084366,33.63158341527654,19.68940872541853
2016-05-08 00:00:00,21.781714405976317,4.031526280329842,39.393764981022095,18.79103624656084
2016-05-15 00:00:00,26.936627248264926,8.396036838861814,45.064816243779134,21.023535409950725
2016-05-22 00:00:00,29.363391533878946,12.452263749239492,47.80321728667688,23.78646828400132
2016-05-29 00:00:00,28.01855203910389,10.043048104756938,46.307215401292844,26.82509305948712
2016-06-05 00:00:00,24.284562725588227,5.547537530960984,43.70097586928664,33.611208073058975
2016-06-12 00:00:00,20.83100795176669,1.4735155914539675,37.30203670013543,32.05371504232296
2016-06-19 00:00:00,19.716682076474925,2.1239426998044166,37.07792938828657,27.342790009685817
2016-06-26 00:00:00,21.191865098415132,2.6173627213910855,38.31567710823076,20.02495287493225
2016-07-03 00:00:00,23.913417580971068,6.488123211834488,42.25935718966497,12.89500695425543
2016-07-10 00:00:00,26.125761697162996,9.144234283441978,43.61715364073295,11.46715435778165
2016-07-17 00:00:00,26.80225190821141,9.186447773858667,45.35337574576757,13.535430230401865
2016-07-24 00:00:00,26.053535866863403,7.615346235863786,44.61112827253524,18.61874145756105
2016-07-31 00:00:00,24.778807135277464,7.81860306396705,42.92463197090391,23.924850086179248
2016-08-07 00:00:00,23.965580518890047,5.165672823348906,43.44355796319082,25.086483765100706
2016-08-14 00:00:00,24.08786661945725,6.198019177012462,43.376749572390274,23.08666353389751
2016-08-21 00:00:00,24.8990048037491,7.307654323007487,43.66627166575036,18.32813561482253
2016-08-28 00:00:00,25.698083818039898,7.655345548133777,43.64044403092681,14.038705173346743
2016-09-04 00:00:00,25.878546310040186,8.529006407849746,45.28206404722242,12.515999569232184
2016-09-11 00:00:00,25.352610468694387,6.891128525321026,42.444994501905626,13.456948716412056
2016-09-18 00:00:00,24.51964508580116,6.08314075483694,43.50957548481528,16.594256541009013
2016-09-25 00:00:00,23.849933596662247,5.956582488398524,42.1082527852872,19.004763846564984
2016-10-02 00:00:00,23.52631876597661,6.090701226512664,42.94006165442853,20.46069969602237
2016-10-09 00:00:00,23.49393594111888,5.385815179742252,41.21556056228523,20.496950286596505
2016-10-16 00:00:00,23.766663125741637,5.616552755612506,41.01097456372444,19.28586017081614
2016-10-23 00:00:00,24.50680847403191,6.536509511609765,40.23936909024053,18.122633512697536
2016-10-30 00:00:00,25.680077624983973,7.698730575286238,45.30890219861642,18.465156852772097
2016-11-06 00:00:00,26.70330029075102,8.38097743727171,45.743818213973796,20.007719779541578
2016-11-13 00:00:00,26.678779619248953,8.740662377844643,44.77245148367593,22.65276385498878
2016-11-20 00:00:00,25.213221789097013,8.320371675990081,43.01581757436104,25.038683186387253
2016-11-27 00:00:00,23.0498531500511,5.513627659700745,41.12232871819266,27.454949717221165
2016-12-04 00:00:00,21.724375553521416,2.884644543844125,38.29372652160958,29.517183435811628
2016-12-11 00:00:00,22.35523535423995,3.9885828018031937,40.97736042389485,31.20100266057996
2016-12-18 00:00:00,24.61334211946616,4.359729442894402,42.485481716726795,34.302019886520846
2016-12-25 00:00:00,26.868457435375802,7.970693333577508,45.00474472347806,34.62441113191373
2017-01-01 00:00:00,27.454921574617586,9.5606107457907,44.8531174610421,34.13732248640877
2017-01-08 00:00:00,25.97012309584344,8.060975123037565,44.293477051067896,32.790429495156644
2017-01-15 00:00:00,23.518662122648553,4.79979644855484,40.72831045516085,35.035503612234955
2017-01-22 00:00:00,21.79109715810881,4.338066497305547,39.6436700896991,29.896238259564484
2017-01-29 00:00:00,21.83648530158659,3.5402171238818845,40.12619698461684,22.789336252374216
2017-02-05 00:00:00,23.496660342390157,5.015097276166863,42.113869265636794,14.169558875826354
2017-02-12 00:00:00,25.77783160686215,6.752020849601443,43.272029099792604,6.065747095483207
2017-02-19 00:00:00,27.683565348410074,9.61469177685034,44.459702329001146,6.7694571077355885
2017-02-26 00:00:00,28.820213568776357,12.037721128369817,45.706133093698725,11.794830412830938
2017-03-05 00:00:00,29.403584406343263,10.444224677489856,47.405906000678016,20.654693383950264
2017-03-12 00:00:00,29.769048632025488,10.73172418043388,48.44862573852551,35.725137331161605
2017-03-19 00:00:00,29.813660244247526,10.971648925897512,47.58667708996249,38.71629621713269
2017-03-26 00:00:00,28.861356901505893,11.03357063125701,47.29075206647666,35.31755517865821
2017-04-02 00:00:00,26.18766761431977,6.977181984029137,43.676221336436654,26.095194273047493
2017-04-09 00:00:00,21.91424261138637,4.041036574534623,39.997144374880946,17.56971612163305
2017-04-16 00:00:00,17.512821145829328,-0.2915784770375609,35.05559097514035,13.942705800700422
2017-04-23 00:00:00,15.247173722768782,-2.7680149585886795,34.182917991164,15.271867159236724
2017-04-30 00:00:00,16.685201199163224,-2.038664146967246,35.43127743478171,21.142802918429805
2017-05-07 00:00:00,21.349822937601967,3.320169762023017,39.44572945575318,26.511284374092646
2017-05-14 00:00:00,26.71617671920465,6.904250405309689,44.239338188975616,28.26400191140273
2017-05-21 00:00:00,29.777673373373236,11.791642249586658,48.00425377354078,26.27824510871342
2017-05-28 00:00:00,29.06865657551243,11.273871297500708,47.32079121389769,20.8371056057912
2017-06-04 00:00:00,25.577890337194482,7.826532193680222,43.41305615105371,16.16062482394393
2017-06-11 00:00:00,21.882561372506053,3.3208790039181224,40.09447790617442,13.112044396820467
2017-06-18 00:00:00,20.274723248818574,1.9476312214632188,39.276177246138246,12.677725472379928
2017-06-25 00:00:00,21.352658282793893,3.2634372609849898,39.72556686546562,14.655515306855678
2017-07-02 00:00:00,23.986380025253624,5.178781597425878,43.656656414565255,16.557649584398153
2017-07-09 00:00:00,26.39636444853748,7.904888050485006,44.115036326611,16.30218631611588
2017-07-16 00:00:00,27.370705679596938,10.390814244443487,45.32087714480444,13.96618289448709
2017-07-23 00:00:00,26.82475096570713,6.641769059189745,44.3278293730261,9.779891204998876
2017-07-30 00:00:00,25.56458195483688,8.030554046919839,43.05182567150911,5.381738831767305
2017-08-06 00:00:00,24.61390095781258,5.460438039931951,41.852966403950305,5.8020480403513055
2017-08-13 00:00:00,24.56740479777725,4.945894012997815,42.222937505844094,8.990081982078097
2017-08-20 00:00:00,25.300371114150693,6.935070942295212,42.42847845801201,14.713909145803289
2017-08-27 00:00:00,26.156304253264903,8.391401613085677,44.867819715940904,23.570846880391056
2017-09-03 00:00:00,26.4712373131366,8.990914153520553,45.331313769527945,25.841533808700547
2017-09-10 00:00:00,26.05200278031611,8.657312288535916,43.775957370897764,24.330031404878383
2017-09-17 00:00:00,25.234984436356477,6.807559539694559,43.21784412016864,19.29166190603001
2017-09-24 00:00:00,24.51244761731847,6.410771829721156,43.31964553512628,14.200079486545404
2017-10-01 00:00:00,24.12796841379253,7.486500898140211,42.8902624194497,12.416078643401413
2017-10-08 00:00:00,24.0481456929062,5.362444318208521,40.888836261085814,13.67011910740536
2017-10-15 00:00:00,24.256248561396287,6.506528286071955,41.622990383097886,17.86001876264782
2017-10-22 00:00:00,24.903332618115577,7.973057909269013,44.32526762480286,21.19248773997416
2017-10-29 00:00:00,26.024838096692704,7.436226531361704,43.40543767288168,26.38638867266318
2017-11-05 00:00:00,27.140395144258676,8.781269381958388,45.611339276461145,31.706436897475115
2017-11-12 00:00:00,27.358461258013683,9.281638982257512,46.06354535239245,37.007278689887535
2017-11-19 00:00:00,26.130697585753826,8.215579252112313,44.07387314573178,47.78294158462081
2017-11-26 00:00:00,23.989172587674556,5.344758185045137,41.82061630516082,46.35508373362439
2017-12-03 00:00:00,22.40197860603289,3.770740916967931,40.404521641217706,39.88166912818161
2017-12-10 00:00:00,22.659633652571383,5.439138097196928,39.22134791757881,28.78993455357318
2017-12-17 00:00:00,24.721536664985447,7.585902770949993,42.7864648118362,16.783300540697798
2017-12-24 00:00:00,27.11885294800426,8.103659333151668,44.26881559464732,16.479822751373362
2017-12-31 00:00:00,28.080253289470505,8.600535937586262,46.2258797216284,23.208624892141568
2018-01-07 00:00:00,26.92081714942949,7.732834786005785,45.66835349008044,36.56232581578728
2018-01-14 00:00:00,24.517427175582224,4.745303434267672,41.96361821649554,54.46531773033277
2018-01-21 00:00:00,22.552111871841966,4.601809769394237,41.42294592535419,61.68709284399991
2018-01-28 00:00:00,22.257823384211243,3.4776852574753754,40.079763287294796,61.69175149467825
2018-02-04 00:00:00,23.6887275289022,6.685355319814768,42.3880934658459,54.74102193098906
2018-02-11 00:00:00,25.9428446545438,7.727842764728173,44.71927143308391,50.63234423052226
2018-02-18 00:00:00,27.96563911719896,10.451862946226523,46.87513243471849,42.52618732973168
2018-02-25 00:00:00,29.236875933495682,10.575607408328786,46.83168953415222,36.6628064326628
2018-03-04 00:00:00,29.889547846558735,12.754597699316907,48.24101404188626,32.98829100708326
2018-03-11 00:00:00,30.28351379240191,11.182273809645885,47.760775386232865,29.15887679446224
2018-03-18 00:00:00,30.421640183714434,12.030682227406668,48.47315398900726,27.01236700605057
2018-03-25 00:00:00,29.710383350518402,10.49126686559465,47.84932554057002,25.084524954073867
2018-04-01 00:00:00,27.370764687563558,10.345926611334512,46.024868320497546,23.40756424541333
2018-04-08 00:00:00,23.313673968046196,5.877743151712611,41.61197526241812,20.94240713952637
2018-04-15 00:00:00,18.77573496416047,0.8039821328769463,38.19107105480706,21.57571136473543
2018-04-22 00:00:00,15.971374289785784,-1.1148102347515376,35.26240041777884,23.592664993752788
2018-04-29 00:00:00,16.714018514115956,-1.4651299090067553,34.78691145712675,26.92329050198541
2018-05-06 00:00:00,20.94178540339739,3.747206321910113,38.48777668488889,30.962589172200257
2018-05-13 00:00:00,26.417876496868352,8.343730855783463,42.86081644269177,32.69995819652621
2018-05-20 00:00:00,30.06475014572043,12.62469233521091,49.32493092235621,32.83635258115532
2018-05-27 00:00:00,30.02562065557606,11.958413539651598,46.54222579793216,31.42295105011823
2018-06-03 00:00:00,26.86565695104974,8.16191426578009,43.96803326132206,30.24020853055457
2018-06-10 00:00:00,23.00560778998786,5.502593386609146,41.071338643768975,29.00207374697064
2018-06-17 00:00:00,20.923297170800495,3.0918451482551,39.942468343543496,28.46367740869699
2018-06-24 00:00:00,21.564780618515638,3.8759826740818433,38.547545020167064,28.5866323137778
2018-07-01 00:00:00,24.050491236989608,4.597163990104502,40.651328901171254,29.203852440766106
2018-07-08 00:00:00,26.61799309783313,7.206757977473252,44.289888767092606,27.99702266980268
2018-07-15 00:00:00,27.888237753817275,10.462753302022424,46.73312380373322,25.63852723330956
2018-07-22 00:00:00,27.572649953284348,9.053276153479107,46.591449757673274,22.22713965612165
2018-07-29 00:00:00,26.361461673307588,8.563790700349745,43.584260621029856,17.80364521766749
2018-08-05 00:00:00,25.293082296516555,5.68162941447514,43.4789430735614,19.25382131445531
2018-08-12 00:00:00,25.073297188432555,6.237084751985865,42.8553794336526,24.105602221917863
2018-08-19 00:00:00,25.705663608722055,9.529398386078991,44.143450691405825,32.229413245959336
2018-08-26 00:00:00,26.59589672842103,9.615648199142985,45.0665384802774,42.98594052113766
2018-09-02 00:00:00,27.038979707264176,9.103564256791888,45.42111573424121,47.99266286372197
2018-09-09 00:00:00,26.738298015166105,9.323589691402425,44.73059115902862,49.17391915509506
2018-09-16 00:00:00,25.954136148484483,8.725537150506618,45.452293557555905,46.63244146004532
2018-09-23 00:00:00,25.186593075938557,6.277154686828478,42.72627097861771,44.08189352184446
2018-09-30 00:00:00,24.739230827713413,8.103928767190784,41.198807409760164,42.45869659873698
2018-10-07 00:00:00,24.61091504144963,6.8371257838607455,42.46496340391985,42.98049781223841
2018-10-14 00:00:00,24.760067311888708,5.872417449357158,43.21494107873017,45.589816067180166
2018-10-21 00:00:00,25.316515229901256,6.469881867041135,43.02718837616447,48.34905573323327
2018-10-28 00:00:00,26.370744039553443,7.803075999154576,45.558919385683524,50.11854537484504
2018-11-04 00:00:00,27.547998019789397,9.938479401114467,46.19705575347012,50.497628316248935
2018-11-11 00:00:00,27.98890834029513,9.277329706805876,46.36800441380061,49.49379457567275
2018-11-18 00:00:00,27.016229275793435,9.963046629217438,45.554771471920375,49.53224752650985
2018-11-25 00:00:00,24.946599675074545,7.515239978007703,42.72461978528931,46.31425843474232
2018-12-02 00:00:00,23.142255522037743,5.0823428848776935,41.2817936526955,42.15905269714354
2018-12-09 00:00:00,23.025730717077227,4.411456234114905,41.12200792524821,37.10534534160431
2018-12-16 00:00:00,24.841308423447998,5.34443900828845,43.64624680564779,31.872497086421912
2018-12-23 00:00:00,27.320297296170267,9.411101927496649,46.47885190687451,28.901564674044064
2018-12-30 00:00:00,28.633450658730084,11.678187950798911,46.28175336144311,27.71123032760609
2019-01-06 00:00:00,27.829587376387487,9.088018485007574,45.657073263385,28.255309911927927
2019-01-13 00:00:00,25.531536288898653,6.268102400832447,45.01996771485278,29.34340252457674
2019-01-20 00:00:00,23.36982008477035,4.301585423874425,41.79665822233644,28.455777935036235
2019-01-27 00:00:00,22.736849945472066,3.877799812251748,42.14016389801294,25.80838033107805
2019-02-03 00:00:00,23.90738020018165,4.92788933635174,41.76999995496416,21.458981209308973
2019-02-10 00:00:00,26.098884380553724,7.9980340812515465,45.77480631561177,16.411598409721936
2019-02-17 00:00:00,28.22186073346015,8.721881136361215,45.950061211973534,15.279938721702514
2019-02-24 00:00:00,29.633169915213802,11.468240843931653,48.00193759676404,16.956235383401108
2019-03-03 00:00:00,30.368307798886946,12.565070769899826,48.13378612703912,21.396588485174444
2019-03-10 00:00:00,30.79160594260261,12.758661427364782,48.887209436645286,26.37111259425248
2019-03-17 00:00:00,31.003204578714428,13.133946697805357,50.18773071314123,30.89594400542296
2019-03-24 00:00:00,30.505634912414138,11.61689847498652,49.325381514078344,34.36488787423094
2019-03-31 00:00:00,28.4953075104686,9.927915189890271,47.20452677913857,36.782718526093625
2019-04-07 00:00:00,24.694841410469117,7.400239386297621,43.79304785309858,40.012960126868194
2019-04-14 00:00:00,20.094903309253517,1.1214718478351244,38.442234920831154,40.993943668411454
2019-04-21 00:00:00,16.813956024580293,-0.9801820969593535,34.274498625461604,41.34996273172784
2019-04-28 00:00:00,16.86020900647519,-0.6123315907736355,36.35997258226156,41.07997647299252
2019-05-05 00:00:00,20.576010018040524,3.171476172525775,38.83004311131274,41.26195611173877
2019-05-12 00:00:00,26.057769374661987,8.561272073701996,44.198608387890964,39.54675295483556
2019-05-19 00:00:00,30.22736246068247,11.970978535556231,49.74082271696261,37.07815503632859
2019-05-26 00:00:00,30.877817781903413,13.50396280526899,49.57077806435949,33.87591889709709
2019-06-02 00:00:00,28.131049574180153,9.162860510761327,46.18728836993924,30.319535878832223
2019-06-09 00:00:00,24.18979895501568,6.918308654184422,42.06387619305045,28.6798524011126
2019-06-16 00:00:00,21.66389746358204,4.231776917010432,39.084242187105495,28.487050950600068
2019-06-23 00:00:00,21.83808687631396,4.117435120020186,40.27336897832012,29.705638769455096
2019-06-30 00:00:00,24.115992253158467,6.177737039377821,42.25901540256373,32.23352909954239
2019-07-07 00:00:00,26.795137583808003,9.508970066465526,45.297904574069086,30.347791431719795
2019-07-14 00:00:00,28.35249958303398,10.928490065480016,46.50776180151823,25.40829672096238
2019-07-21 00:00:00,28.291085773703447,10.34664917065989,46.10884847823621,17.483252747775435
2019-07-28 00:00:00,27.16386763646489,9.433985803782317,46.33501631366137,8.748697820699421
2019-08-04 00:00:00,26.001305236874135,7.234770417846676,46.111459239871,7.235351688687759
2019-08-11 00:00:00,25.608047890044567,8.090188766356604,45.295507994754495,10.982375723018231
2019-08-18 00:00:00,26.11947996622473,6.72713432488521,44.36743184598313,19.9104057675946
2019-08-25 00:00:00,27.020034774144037,8.511762506850044,45.22582938698719,32.70956191041103
2019-09-01 00:00:00,27.58138417705725,9.48544526422128,44.94217609010984,37.04173057741808
2019-09-08 00:00:00,27.408510869045653,9.634874331632112,45.5921367576614,34.374313701813065
2019-09-15 00:00:00,26.674462451965894,10.416160102015834,45.32649151418809,24.785679810357813
2019-09-22 00:00:00,25.871892148375352,8.803603232874408,44.57713123043508,13.966004292959973
2019-09-29 00:00:00,25.360750563853305,7.741792638487652,43.029735600042294,6.518577455644458
2019-10-06 00:00:00,25.181907622143818,6.180211794545613,42.56988940141439,5.077200100973302
2019-10-13 00:00:00,25.276871701428306,7.721321805215702,42.24131811766813,9.595841150422268
2019-10-20 00:00:00,25.746928028797164,8.719050283849114,43.42109185397811,14.779428689666757
2019-10-27 00:00:00,26.722109512438045,8.866980184851197,45.57159308121783,19.812340531340794
2019-11-03 00:00:00,27.93172816246355,9.285752604657606,46.145189505303144,23.02267762278414
2019-11-10 00:00:00,28.57142297433659,11.390577853185366,46.14719754802415,24.420007156208303
2019-11-17 00:00:00,27.86366748747782,8.908427181699832,45.372840650868184,26.031716053300567
2019-11-24 00:00:00,25.912218835736127,6.296349386854519,42.731470668553676,26.229895489080988
2019-12-01 00:00:00,23.939743058021172,5.605727831761143,41.74048330340116,26.46910867865345
2019-12-08 00:00:00,23.45784714869803,4.869766683667553,42.76061408175669,26.742149778965
2019-12-15 00:00:00,24.983870202640315,6.471208914319963,42.38394294907166,27.600693272490485
2019-12-22 00:00:00,27.482006364192785,9.375749241060749,45.545091543626064,25.871780330317097
2019-12-29 00:00:00,29.114589968590558,10.710448133102865,46.70809572806888,22.56934200593995
2020-01-05 00:00:00,28.68785945946603,10.638256804209984,47.170347651671015,17.71184639125247
2020-01-12 00:00:00,26.550763196091786,7.827941969443042,43.86467017730649,12.316029656048856
2020-01-19 00:00:00,24.23952528154119,5.643432268517184,41.482437577672016,10.096340208286476
2020-01-26 00:00:00,23.2763665297123,4.598231361244757,40.82477539744449,10.61156002869283
2020-02-02 00:00:00,24.15936733460945,7.997340699410703,43.45558987060188,13.85290110697184
2020-02-09 00:00:00,26.25138407749485,9.12904394104886,44.88468187140617,17.932064771374783
2020-02-16 00:00:00,28.453421924345783,9.45590315985373,46.88283499847316,23.31457950310505
2020-02-23 00:00:00,30.006964263760537,11.682330400206883,47.390928512099535,29.064024469150866
2020-03-01 00:00:00,30.83789882073006,12.58686117359494,49.96059985885793,35.16220125636929
2020-03-08 00:00:00,31.294723825801988,13.873036425270977,49.08943508403394,43.76525953405244
2020-03-15 00:00:00,31.56316217741322,13.959502966239082,49.58930662261406,43.69117749396774
2020-03-22 00:00:00,31.251277000185635,13.164872327590842,49.64600101709465,38.04171551848276
2020-03-29 00:00:00,29.559170079532997,9.668069034900547,46.91937576494455,26.851548453497067
2020-04-05 00:00:00,26.047175696172175,6.737712555020838,43.90105397055912,14.43622759889286
2020-04-12 00:00:00,21.456270818454097,4.591723630610545,38.96803580960142,6.458436445991174
2020-04-19 00:00:00,17.767290133184368,-0.16593420173798634,36.06129863432068,4.806663653491953
2020-04-26 00:00:00,17.129841019721702,-1.0538549240045327,36.33144163736057,9.45629530162401
2020-05-03 00:00:00,20.269958875775252,3.120813855465503,39.11960597087774,15.710476510048547
2020-05-10 00:00:00,25.653350413928475,7.720771586628832,44.36089692148951,20.774389056789587
2020-05-17 00:00:00,30.271094421006932,12.273679630921901,49.59469726088135,23.11322084119968
2020-05-24 00:00:00,31.6157769709062,14.304838950709485,50.743796582112864,22.735482591962185
2020-05-31 00:00:00,29.35729656562232,11.308515516491056,48.17404954053273,21.5902734834196
2020-06-07 00:00:00,25.42300311219603,7.3081554815397105,43.201368401487635,20.26187009281595
2020-06-14 00:00:00,22.495951453377174,4.8317441532894705,41.00731806851588,19.92025572815067
2020-06-21 00:00:00,22.18149970276957,3.977037835133448,39.12337660334692,20.56116969561379
2020-06-28 00:00:00,24.193638021611054,6.484601257377388,42.37539263429102,21.652766099902923
2020-07-05 00:00:00,26.933553779780386,8.424000350198664,46.37774228647458,21.68621527881906
2020-07-12 00:00:00,28.762226650149525,11.763731939201922,47.14232227601787,20.599061251929324
2020-07-19 00:00:00,28.9742693168033,12.264037018490964,47.69036068094631,18.395526369348683
2020-07-26 00:00:00,27.965826364783556,9.373975039345954,46.602466983587775,15.716907246448178
2020-08-02 00:00:00,26.735951446090308,8.213697894683538,45.817153038403916,14.195208562497282
2020-08-09 00:00:00,26.17348151943488,7.402548634230705,42.92245703428664,13.942724553583252
2020-08-16 00:00:00,26.546297245633085,6.82876649944523,44.367040651814385,14.954851637471288
2020-08-23 00:00:00,27.43237801206578,9.004081881265598,46.12846911057769,16.636430669873747
2020-08-30 00:00:00,28.09871978306765,10.371304246107872,45.523591962236466,16.534906741706305
2020-09-06 00:00:00,28.059923621196685,9.650896991836518,45.57223800705245,14.649904215959728
2020-09-13 00:00:00,27.39305761418435,10.067198253635404,45.239157558792144,10.988450372460218
2020-09-20 00:00:00,26.56747874014174,9.168174890116028,44.66592122718977,6.570858318504936
2020-09-27 00:00:00,25.993141070111186,5.834602610329544,43.07043262239728,5.841629624361063
2020-10-04 00:00:00,25.761051713843443,7.657936473539571,43.618833241929664,8.458416059158212
2020-10-11 00:00:00,25.805425298082465,7.934874845198646,44.9937139244106,14.41491099797579
2020-10-18 00:00:00,26.19459164986059,7.782560724974523,45.36154250850391,22.7148670889733
2020-10-25 00:00:00,27.08261379741586,9.474261107569898,44.6451251901103,28.771062212433023
2020-11-01 00:00:00,28.29735225837105,10.3757226402309,45.56638520042759,32.43269801779589
2020-11-08 00:00:00,29.108464079713034,10.307959688134396,47.107988334270445,33.700756680797774
2020-11-15 00:00:00,28.66813379677838,11.797634947491083,48.56950304283359,34.400371124668034
2020-11-22 00:00:00,26.8762311669125,9.227713002701957,44.71455494661616,32.00783438519272
2020-11-29 00:00:00,24.78760497617348,7.457005618883539,43.372430062817855,28.207809145034982
2020-12-06 00:00:00,23.958512864060715,5.64015984349906,41.1520125807546,23.003369345104268
2020-12-13 00:00:00,25.15977067329601,8.980950629451087,43.41557389061496,17.27651146718792
2020-12-20 00:00:00,27.614235966906875,8.680686046102739,46.27687116287608,13.885438688037402
2020-12-27 00:00:00,29.525593177597145,11.652401348264686,48.2892443848715,13.007431897458355
2021-01-03 00:00:00,29.488210140219316,10.764687185699824,48.02683200643006,14.640309947316322
2021-01-10 00:00:00,27.56456215359291,8.828906005138023,44.78550842518432,17.448637826873213
2021-01-17 00:00:00,25.15521236537778,7.962801815005307,42.56529566832611,20.11102195647094
2021-01-24 00:00:00,23.87797315763569,6.895568519914594,41.05874974394516,21.914484347706544
2021-01-31 00:00:00,24.45113220747475,5.97610749790114,42.494435246774245,22.8594248689493
2021-02-07 00:00:00,26.406331830108872,7.764514222461035,44.41132312275406,23.46007323273306
2021-02-14 00:00:00,28.662312116994567,10.8909352450146,46.39101856536483,23.56579550387132
2021-02-21 00:00:00,30.356507000021363,12.132419490120657,49.65869730486324,23.57682667569282
2021-02-28 00:00:00,31.29604078795858,13.011663859556773,50.73069836340372,23.49281158770279
2021-03-07 00:00:00,31.79354241835158,13.782763679946335,52.17252662113933,23.421564574837795
2021-03-14 00:00:00,32.10590330830001,13.875315863389623,49.90887220675723,22.16707728896151
2021-03-21 00:00:00,31.952017940918637,14.678962917633125,51.63467917635384,19.95584448400704
2021-03-28 00:00:00,30.561678593588848,12.5075023868031,48.82471505538428,16.78908265219365
2021-04-04 00:00:00,27.361468575494662,8.463801603018943,46.09676344565525,13.191024365468207
2021-04-11 00:00:00,22.845741195996197,3.4883988424352097,42.04965301803852,12.29545215260303
2021-04-18 00:00:00,18.821874201345196,1.4561222111696352,36.885806845462575,14.070635652780602
2021-04-25 00:00:00,17.526382233432557,-0.5956992070073923,36.18011096976955,18.514896829148164
2021-05-02 00:00:00,20.039709302050895,1.6151284054739712,38.77923943910151,24.55069078927329
2021-05-09 00:00:00,25.223112066859667,5.094809257348167,41.986399014697525,26.998020341154223
2021-05-16 00:00:00,30.204225998476208,12.343165805375044,46.94962132295086,25.419982055445555
2021-05-23 00:00:00,32.2324136982723,12.629992489804678,51.00165043883727,19.81798881412693
2021-05-30 00:00:00,30.528044196056065,12.611798661863254,49.31390134686976,12.176754470361004
2021-06-06 00:00:00,26.691510780642545,8.684795609248678,44.77359209954972,6.571903422087844
2021-06-13 00:00:00,23.416723227602795,6.124962571900955,42.23599198203839,4.456681750504445
2021-06-20 00:00:00,22.602731114016002,5.112878671013359,40.361383236614536,5.830665357046708
2021-06-27 00:00:00,24.2944585100521,5.242029977868448,42.8058307274548,9.448714741408176
2021-07-04 00:00:00,27.04019563572074,7.613815473033039,43.975030981285464,14.169091839623032
2021-07-11 00:00:00,29.11732603049992,11.887087686199912,46.69896736397958,19.29790229528001
2021-07-18 00:00:00,29.616915037720048,11.87138220806164,47.81337845642486,24.83496912368877
2021-07-25 00:00:00,28.761086830111736,9.960683049689148,44.76662561475212,31.017285430266963
2021-08-01 00:00:00,27.493639704178992,8.872481447020931,44.438074316553326,35.49328324787515
2021-08-08 00:00:00,26.77068319463341,9.683410131344168,45.24307272426232,38.53301130811431
2021-08-15 00:00:00,26.99035405152498,7.890488295697619,44.48563822176382,40.1364430137436
2021-08-22 00:00:00,27.83698397594631,9.702500128793979,46.36961890441917,40.75675007192528
2021-08-29 00:00:00,28.591928527764843,11.138305513072915,47.07555382649102,39.02772426850176
2021-09-05 00:00:00,28.69018443000532,11.480024624600166,46.95254599940409,35.43045657312014
2021-09-12 00:00:00,28.10682593704213,9.279009124839217,45.497640819891984,29.96509208645284
2021-09-19 00:00:00,27.272077172696328,9.277783586196627,45.210655193623154,23.49997649635777
2021-09-26 00:00:00,26.63690550206355,7.513330671974952,45.27860689531233,18.010210416466844
2021-10-03 00:00:00,26.348520953803366,7.742024980191868,44.29463314085474,14.19278147480349
2021-10-10 00:00:00,26.344588962935052,7.932041708008452,44.21862370002942,12.047709612371888
2021-10-17 00:00:00,26.65906459738758,8.136464817778887,45.18587489698788,11.445402482972364
2021-10-24 00:00:00,27.455251382753925,9.456933055381594,45.79182994333543,13.475009050510533
2021-10-31 00:00:00,28.65059692783214,11.37114998266085,47.71998282614236,17.952496009967085
2021-11-07 00:00:00,29.603503300749814,12.444576762791364,47.19182839169096,24.87777045655001
2021-11-14 00:00:00,29.426100269556397,11.280404203964967,48.02937145933486,33.23071402794037
2021-11-21 00:00:00,27.829226348540278,9.366168488987878,46.09902980985707,37.156306825566965
2021-11-28 00:00:00,25.677854926495435,7.347387455597726,45.049944662329466,35.838123216883055
2021-12-05 00:00:00,24.52842175879886,7.065134597913726,41.47362003958281,29.2762109296096
2021-12-12 00:00:00,25.378607785238618,8.318757777587038,43.835440933133405,19.321099050159926
2021-12-19 00:00:00,27.728005510891254,10.76200587498851,46.224867209539944,11.789467532398607
2021-12-26 00:00:00,29.870195345204518,11.389457402205672,48.03521188606459,8.332521075331766
2022-01-02 00:00:00,30.224582892956835,11.487494957345806,47.447723176888665,8.950253342109706
2022-01-09 00:00:00,28.56232926301807,10.497065879777995,46.807194229917236,12.747147234074331
2022-01-16 00:00:00,26.109649094493882,7.6503880059954845,43.798713483226486,17.21089738290548
2022-01-23 00:00:00,24.5419697639484,5.3334869376960405,43.186459024774045,21.58921157440467
2022-01-30 00:00:00,24.78863113627108,6.391473852250897,42.46546132046143,25.88208980861552
2022-02-06 00:00:00,26.570152037640547,10.198107296757243,45.18986629941196,30.17925091611368
2022-02-13 00:00:00,28.851329178124015,12.250643608684868,46.05625106611396,34.31354794149882
2022-02-20 00:00:00,30.680535221344513,13.611616186988154,49.55861439016386,38.362154262679816
2022-02-27 00:00:00,31.740258232851833,13.33716380373444,48.22969021956813,42.32506987970769
2022-03-06 00:00:00,32.28804150539903,13.227772086342787,50.56011321603399,87.67510732441912
2022-03-13 00:00:00,32.635286711357146,13.79839996142486,49.87547006695537,6.9189796994765365
2022-03-20 00:00:00,32.61291330505354,13.2806228783718,49.674114492636264,8.789214519447176
2022-03-27 00:00:00,31.503498021687466,12.385914472237381,49.807758162940914,10.641784456657172
2022-04-03 00:00:00,28.629991038033012,9.258637086338865,46.40616553632496,10.409880945508228
2022-04-10 00:00:00,24.249499406471152,8.235191160644263,43.971062889561146,11.926088736031028
2022-04-17 00:00:00,19.96662178282241,1.8717331268078894,37.46846436363997,13.42755789526143
2022-04-24 00:00:00,18.050691765421355,-1.0912540520720384,35.96947691663756,14.914288423199318
2022-05-01 00:00:00,19.8996072544024,2.224198067098076,37.55627415930317,19.475326847648013
2022-05-08 00:00:00,24.786112431780566,6.690458185784706,43.386890177299165,21.22373428433647
2022-05-15 00:00:00,30.03755772607281,11.653947764341794,47.67618535404161,23.04108867347433
2022-05-22 00:00:00,32.72324027903625,13.475891907648796,51.46032466766385,24.946028194541185
2022-05-29 00:00:00,31.627763891436302,12.705498010110766,49.4685933804096,27.822304386635665
2022-06-05 00:00:00,27.980315090522552,10.187615066678323,45.83905886977577,30.04546107507286
2022-06-12 00:00:00,24.421289488357072,5.850997891928671,41.61972960287149,32.762641155098365
2022-06-19 00:00:00,23.108036398787426,4.781020904258213,40.45266111202624,36.06413238319311
2022-06-26 00:00:00,24.429509819755545,7.839441130912146,42.446037062906825,41.20772610411319
2022-07-03 00:00:00,27.123119997671196,9.945352601089748,44.7930196971776,45.22268834134261
2022-07-10 00:00:00,29.41894273029065,10.003410848344888,47.41749587747259,46.54200087821561
2022-07-17 00:00:00,30.214383109683823,12.644858090594838,48.360088481774,44.3999396763286
2022-07-24 00:00:00,29.543247374363613,10.996435096400951,47.79572717487645,68.78428590695259
2022-07-31 00:00:00,28.270278581452608,9.652966345634677,46.003590316472085,54.74732017490325
2022-08-07 00:00:00,27.39995434700522,9.732388578252909,46.630438713325276,46.13080880573907
2022-08-14 00:00:00,27.455537245089047,10.143054313609365,45.895835030424024,45.71830211240509
2022-08-21 00:00:00,28.23820735407763,10.105953593548662,47.25569244984547,27.911653484960688
2022-08-28 00:00:00,29.062619414701036,11.4790445003907,46.86669143785781,34.9732453610161
2022-09-04 00:00:00,29.297396634150836,11.218049964200834,47.60923420345834,38.83866532232116
2022-09-11 00:00:00,28.81257144210204,10.191995911103803,47.2574566601305,37.64042883170206
2022-09-18 00:00:00,27.98399920247987,10.24956235011209,46.74155720757758,73.7748806567306
2022-09-25 00:00:00,27.2923594939233,9.529029437779371,44.93515832421714,50.39495540413503
2022-10-02 00:00:00,26.94469683492725,9.459241493057057,44.12411219034902,34.56075449383356
2022-10-09 00:00:00,26.893391573462957,10.228427270531654,43.65093258400095,31.311218445300813
2022-10-16 00:00:00,27.13954340382983,8.959304149270402,46.182486619986605,13.291903125430556
2022-10-23 00:00:00,27.842312507519814,9.067492496040607,45.88070334732734,19.71749573323562
2022-10-30 00:00:00,28.996976232524162,9.714628731365309,46.63062297461428,25.69101933393028
2022-11-06 00:00:00,30.06085650440645,12.328258944148036,48.628502637631875,29.985759807403543
2022-11-13 00:00:00,30.13542359198939,12.015307043796557,49.69345195227828,47.61799895305606
2022-11-20 00:00:00,28.762433985169785,10.135537383287556,46.28551298475402,49.02090337433736
2022-11-27 00:00:00,26.601608634424416,9.747435106233958,45.00106858890526,48.196225329102006
2022-12-04 00:00:00,25.16644086157061,6.124611526801015,43.189893471617054,45.20668134350457
2022-12-11 00:00:00,25.64877086751929,7.969770869529238,43.90336774746144,71.21699922253971
2022-12-18 00:00:00,27.834798473997548,10.759384261453874,46.35931367708712,58.9125201476428
2022-12-25 00:00:00,30.15386038581495,13.594695656701981,48.741996757604646,47.36107011971614
2023-01-01 00:00:00,30.892470350110298,13.641310833479993,49.674053466183054,37.89012751010135
2023-01-08 00:00:00,29.533673685109598,12.304967576575379,47.03659444609825,32.0458023709316
2023-01-15 00:00:00,27.094524792728265,10.587244292275653,46.09866264449899,26.77390989793033
2023-01-22 00:00:00,25.26728791940637,7.766309166181717,42.754376010460774,25.71870643929909
2023-01-29 00:00:00,25.17715529501311,7.029923936879943,43.57492424370582,29.486667291838984
2023-02-05 00:00:00,26.74956787712976,7.10130402853121,44.761609195915355,
2023-02-12 00:00:00,29.02406688568298,12.014269351272343,46.32088135937185,
2023-02-19 00:00:00,30.97837272267893,13.550847683036485,48.97835795969241,
2023-02-26 00:00:00,32.1680057472625,15.062229329081669,50.83934687471212,
2023-03-05 00:00:00,32.77755657148992,14.175676124394933,50.53749529887152,
2023-03-12 00:00:00,33.15455109429241,14.037887967827567,52.499556951444966,
2023-03-19 00:00:00,33.23917503127617,15.413917492938003,51.024112287889444,
2023-03-26 00:00:00,32.386490309728764,14.055526117910478,51.08220882810687,
2023-04-02 00:00:00,29.846565544301427,9.730712576187308,48.636964152689856,
2023-04-09 00:00:00,25.65431008176168,7.315336915472578,43.35888228693312,
2023-04-16 00:00:00,21.18918006266236,3.580589312787435,39.398836496594015,
2023-04-23 00:00:00,18.701077492579472,2.389002411505057,36.42437745324237,
2023-04-30 00:00:00,19.861969866202102,1.2076368471745198,37.78691784255175,
2023-05-07 00:00:00,24.361532025062136,6.239055399183851,42.62145010013071,
2023-05-14 00:00:00,29.784170937936747,11.186199798131994,47.35102260795621,
2023-05-21 00:00:00,33.086513109400244,14.679725371358721,51.16514785943911,
2023-05-28 00:00:00,32.64214820244122,13.197746805495992,50.58555570606657,
2023-06-04 00:00:00,29.27343509095392,11.375720207629929,46.82104886487393,
2023-06-11 00:00:00,25.502570817970238,7.611511293404437,43.39427663845403,
2023-06-18 00:00:00,23.701992804098822,5.63573929863707,40.924679775436914,
2023-06-25 00:00:00,24.609610516562224,8.121438271519388,42.55329540926856,
2023-07-02 00:00:00,27.191359356320948,8.928362649763464,45.931713203546465,
2023-07-09 00:00:00,29.669502200445645,11.362474147705239,48.25439767230317,
2023-07-16 00:00:00,30.762815522281908,14.107991976119088,48.66377604169894,
2023-07-23 00:00:00,30.305890805785097,12.235900576233817,48.92091462636111,
2023-07-30 00:00:00,29.06113529366352,10.566541167792767,46.795184835199734,
2023-08-06 00:00:00,28.060785637986566,9.728520665576166,46.91121166728618,
2023-08-13 00:00:00,27.945276379980772,11.210827598545418,46.29925525898978,
2023-08-20 00:00:00,28.64058996922465,9.027822398696244,45.394565658040136,
2023-08-27 00:00:00,29.513042480077974,11.334349981542346,46.90365273778388,
2023-09-03 00:00:00,29.88019612828909,13.576679358732486,48.8002202997792,
2023-09-10 00:00:00,29.507096291525773,11.358578415909289,48.275565270051636,
2023-09-17 00:00:00,28.701160328359308,10.86076479697854,46.648584535465375,
2023-09-24 00:00:00,27.95956025309346,10.452328109282938,45.611398262596,
2023-10-01 00:00:00,27.55011576760656,9.618860093299354,46.06951333014125,
2023-10-08 00:00:00,27.451082931215364,8.599912987685212,44.40547961397339,
2023-10-15 00:00:00,27.63496889157213,11.061618365661285,46.336705746753665,
2023-10-22 00:00:00,28.245393154549888,10.254084419488258,46.79064523675947,
2023-10-29 00:00:00,29.34163981394136,11.186609678271608,47.19093922654827,
2023-11-05 00:00:00,30.48549802476208,12.52016918941943,48.35792885225436,
2023-11-12 00:00:00,30.79533451869248,12.061031017091835,50.67863122357066,
2023-11-19 00:00:00,29.667946958589607,11.939962361751668,46.71080656981397,
2023-11-26 00:00:00,27.549356930915113,9.085046582525692,45.95101821910815,
2023-12-03 00:00:00,25.869673156828412,7.538954272865414,43.74425230320931,
2023-12-10 00:00:00,25.977219286992398,7.343401115576992,42.658948490378236,
2023-12-17 00:00:00,27.94624862734419,10.43095566118658,44.764957810157576,
2023-12-24 00:00:00,30.383646869871395,12.427467845585372,49.01042065134489,
2023-12-31 00:00:00,31.489057265582048,14.491102326105306,49.449252502337,
2024-01-07 00:00:00,30.468691152666562,12.65923495414312,48.9552218083432,
2024-01-14 00:00:00,28.100623928197894,10.192808925023819,45.00448311387362,
2024-01-21 00:00:00,26.05145631392674,6.60664834528189,43.73682823255933,
2024-01-28 00:00:00,25.621160754677955,6.320562190662432,43.07872536406328,
2024-02-04 00:00:00,26.951447481413073,9.158363452253916,45.19655720951064,
2024-02-11 00:00:00,29.18487856627958,10.504709965301679,46.29573047027121,
2024-02-18 00:00:00,31.250012694583248,11.878807845948796,50.06768673884986,
2024-02-25 00:00:00,32.576796051863866,15.972762632954542,50.79625929754245,
2024-03-03 00:00:00,33.26084975520963,15.372705588998942,51.21506332880984,
2024-03-10 00:00:00,33.66625252978015,16.171799226660763,51.92105484687407,
2024-03-17 00:00:00,33.835990454542944,16.36935378472708,52.041209645209456,
2024-03-24 00:00:00,33.2135499745812,13.280098046023403,50.61162417496163,
2024-03-31 00:00:00,31.006592838162874,12.888008127216565,48.59799899668798,
2024-04-07 00:00:00,27.047785109673043,8.19527458021394,45.69420390562243,
2024-04-14 00:00:00,22.476265888159002,4.052620355668825,40.02044316616828,
2024-04-21 00:00:00,19.473415183044665,1.2045845336365666,36.966832115009595,
2024-04-28 00:00:00,19.93684423567433,2.5795477371518807,39.79029734771781,
2024-05-05 00:00:00,23.968231069147862,6.174215839379286,41.624309462388894,
2024-05-12 00:00:00,29.45912981987833,11.958837348587014,47.83193340120894,
2024-05-19 00:00:00,33.32331188532191,13.936918738668378,51.67444355087281,
2024-05-26 00:00:00,33.55848434174033,16.040729242113642,51.91536028929539,
2024-06-02 00:00:00,30.554274515285123,10.588832430129017,47.60773377486062,
2024-06-09 00:00:00,26.651419822694365,8.707288244153933,44.943821071255186,
2024-06-16 00:00:00,24.38731022842374,5.471644733461208,42.78422242674028,
2024-06-23 00:00:00,24.845069105686896,6.191520535329822,42.35523555318408,
2024-06-30 00:00:00,27.254763357461734,10.096571139192278,45.06616844253267,
2024-07-07 00:00:00,29.872726220242356,12.063596238239946,47.72457694658938,
2024-07-14 00:00:00,31.25926288372297,13.620968164291941,48.30275194967341,
2024-07-21 00:00:00,31.042725486026384,13.190719719069074,48.50209601407192,
2024-07-28 00:00:00,29.860919633961387,11.359764030067886,48.203610171610784,
2024-08-04 00:00:00,28.751847361726906,10.53041544394462,47.03904493053312,
2024-08-11 00:00:00,28.46244819993441,11.147223289054654,45.84480067395777,
2024-08-18 00:00:00,29.04874443413056,10.261044808838282,47.734083051735325,
2024-08-25 00:00:00,29.946043389995598,11.836853958798333,48.208891706418875,
2024-09-01 00:00:00,30.43781382249618,12.863838024783107,48.708598331506764,
2024-09-08 00:00:00,30.187304163446207,12.817538229799283,48.03984145284687,
2024-09-15 00:00:00,29.421115058584054,10.35835823434076,47.28705796712647,
2024-09-22 00:00:00,28.638245607210365,11.097951303716957,48.27773673528907,
2024-09-29 00:00:00,28.16540378668294,9.983311193055709,47.12901424609214,
2024-10-06 00:00:00,28.017166955969913,9.966897665046439,46.7069143602467,
2024-10-13 00:00:00,28.144133114804205,9.867831028509404,45.84698152122411,
2024-10-20 00:00:00,28.665431961434333,12.200465557881042,45.411173193948436,
2024-10-27 00:00:00,29.68924598696117,10.80284611115913,46.61125745074625,
2024-11-03 00:00:00,30.88286494337853,12.622292812297243,48.79303980346848,
2024-11-10 00:00:00,31.406384723102068,12.604647784447387,50.922772279785534,
2024-11-17 00:00:00,30.538910346319703,12.472664729006745,48.75579881140128,
2024-11-24 00:00:00,28.511250483700028,10.044450769708025,44.79531888654617,
2024-12-01 00:00:00,26.633571417537212,8.836011320214844,45.98034680990351,
2024-12-08 00:00:00,26.36930427852613,8.17860645314845,43.977510969598065,
2024-12-15 00:00:00,28.073821376003476,9.989788230926536,46.70186726382661,
2024-12-22 00:00:00,30.568027123290555,12.87796819485066,49.47676652219435,
2024-12-29 00:00:00,32.01331879583981,13.204071821796386,50.385817589187425,
2025-01-05 00:00:00,31.358231770925208,14.257734696341105,50.11062145159798,
2025-01-12 00:00:00,29.11803090813478,11.449222942994563,47.81540661572008,
2025-01-19 00:00:00,26.89060258756058,11.025819392304978,44.641788036704575,
2025-01-26 00:00:00,26.12411190965965,8.110294577031887,44.59466238234369,
2025-02-02 00:00:00,27.182637136197144,8.865608214515259,43.28252889168968,
2025-02-09 00:00:00,29.338816818097037,10.798834783549033,47.37211593785224,
2025-02-16 00:00:00,31.496182983132393,13.34101954430737,49.608775877275136,
2025-02-23 00:00:00,32.96432728746139,16.240675136889166,51.37369916268347,
2025-03-02 00:00:00,33.73619820393179,15.092061824339881,51.97328363376468,
2025-03-09 00:00:00,34.17222803508153,16.171764397379604,52.99317672264809,
2025-03-16 00:00:00,34.4083557141873,15.507680241890064,51.95407631774408,
2025-03-23 00:00:00,33.98842310581281,15.299117232482553,51.06942031557547,
2025-03-30 00:00:00,32.10703519605356,13.545357184181132,51.54215732745637,
2025-04-06 00:00:00,28.418614576653013,11.285198436186054,45.552907206322345,
2025-04-13 00:00:00,23.814010285017588,4.575449693602806,41.874430789607786,
2025-04-20 00:00:00,20.36132434875075,2.310428827851002,38.87410046444633,
2025-04-27 00:00:00,20.131827829184452,1.6854400113925045,38.61179282871642,
2025-05-04 00:00:00,23.624319205848202,6.890364309478951,41.11806974919286,
2025-05-11 00:00:00,29.07913325438532,11.229003288651995,46.55524518588002,
2025-05-18 00:00:00,33.43754786341983,14.254832467653229,52.38537858957824,
2025-05-25 00:00:00,34.36599458105695,15.796922607373498,53.99929193956182,
2025-06-01 00:00:00,31.80600725982474,13.449142170790296,50.010059410246015,
2025-06-08 00:00:00,27.85676608552931,10.72880849044341,46.2205929072977,
2025-06-15 00:00:00,25.164680697092194,6.657380446764254,42.24576706444155,
2025-06-22 00:00:00,25.145409322731922,7.656937520003233,42.71422929773714,
2025-06-29 00:00:00,27.323810917249176,8.990750112285351,44.27939310163157,
2025-07-06 00:00:00,30.03361983817571,13.095759895518768,47.01164097356647,
2025-07-13 00:00:00,31.701798684467484,12.603653866943272,49.18796693557913,
2025-07-20 00:00:00,31.74773012216813,14.367187820132841,49.61532254058051,
2025-07-27 00:00:00,30.663881796483572,11.483241814152713,48.303053273749725,
2025-08-03 00:00:00,29.470997514990668,9.794627749566644,47.07807218989247,
2025-08-10 00:00:00,29.00929334398117,11.348257686433453,47.33035818056311,
2025-08-17 00:00:00,29.467234654312417,11.542916277354418,47.26275023764397,
2025-08-24 00:00:00,30.36499994240528,12.85336047042605,48.65725172031355,
2025-08-31 00:00:00,30.970120873053325,15.13993487296935,49.80862486495643,
2025-09-07 00:00:00,30.85030472705157,13.37312402964365,47.83679567539521,
2025-09-14 00:00:00,30.14111011086399,12.324149073286172,48.7142475504392,
2025-09-21 00:00:00,29.327786262802363,10.703080068640897,47.458854516649666,
2025-09-28 00:00:00,28.79120261438765,10.204028209566037,47.21411707463456,
2025-10-05 00:00:00,28.591414363378682,10.01811325603461,45.00471547324361,
2025-10-12 00:00:00,28.665781882271098,9.492838867223519,47.461369263980146,
2025-10-19 00:00:00,29.102770624330148,11.675494424919062,46.83457261220317,
2025-10-26 00:00:00,30.043863025694662,11.552585184668363,47.88038265130399,
2025-11-02 00:00:00,31.258658837757825,13.889530821514041,49.42431569716591,
2025-11-09 00:00:00,31.970354637114383,14.831149413015067,49.801801928184446,
2025-11-16 00:00:00,31.3696708713087,14.97307272412168,48.965161229956706,
2025-11-23 00:00:00,29.47738692412692,11.572061818020185,48.168483349689225,
2025-11-30 00:00:00,27.45209880413506,9.27212305327221,45.03830172083114,
2025-12-07 00:00:00,26.82863921868158,8.878180661760439,45.16481100420549,
2025-12-14 00:00:00,28.228499879460394,10.128696658552233,45.34837290852337,
2025-12-21 00:00:00,30.716664465227794,13.376782436393153,49.70353095671403,
2025-12-28 00:00:00,32.4660702055163,13.705788542872341,49.80622286094802,
2026-01-04 00:00:00,32.1941540500734,11.61248459211781,49.851729668141246,
2026-01-11 00:00:00,30.136361373813422,12.178066997996702,48.759561131478144,
2026-01-18 00:00:00,27.779493190518618,10.519358264046595,46.17065490831024,
2026-01-25 00:00:00,26.688343411949923,8.387162087705583,44.611007272105205,
2026-02-01 00:00:00,27.449785390283942,8.74953392396127,44.12892629979123,
2026-02-08 00:00:00,29.49154986176449,12.415635770656625,47.28795095124316,
2026-02-15 00:00:00,31.71839176370862,13.665838022114297,51.599699708890824,
2026-02-22 00:00:00,33.32860618094881,14.150372672407597,51.11236249637702,
2026-03-01 00:00:00,34.20149691093525,15.992217299766603,53.00315679999221,
2026-03-08 00:00:00,34.67358502387068,16.49944678720314,53.70156673152106,
2026-03-15 00:00:00,34.9609273779992,16.160260951554083,52.71303349301299,
2026-03-22 00:00:00,34.71551593225624,16.955394394991494,52.37194515959133,
2026-03-29 00:00:00,33.14635915551901,13.577296469081363,52.40578678741998,
2026-04-05 00:00:00,29.75675660587344,11.036411219856227,48.3694530807605,
2026-04-12 00:00:00,25.188301742508585,7.193590180261776,42.9854468197439,
2026-04-19 00:00:00,21.356394268992283,3.572008697449501,39.80440891593784,
2026-04-26 00:00:00,20.45195401582277,2.7745236401648192,39.032352319427964,
2026-05-03 00:00:00,23.346749095550543,4.4860235437741025,39.908815254964836,
2026-05-10 00:00:00,28.662125918027336,8.69988546609098,46.89092892663172,
2026-05-17 00:00:00,33.43590027750526,14.9087903619238,51.44446350950686,
2026-05-24 00:00:00,35.0561335658669,16.37213888472437,54.22012627731465,
2026-05-31 00:00:00,33.01197979905797,14.281917551037742,51.22528545262142,
2026-06-07 00:00:00,29.105816211873897,11.906617375609706,46.85737219693079,
2026-06-14 00:00:00,26.03267264817907,7.464365299874274,45.4811017272136,
2026-06-21 00:00:00,25.519100437361757,7.473842712564846,43.63338580755301,
2026-06-28 00:00:00,27.409395754504743,8.855659423720962,45.83769336023246,
2026-07-05 00:00:00,30.158427583677792,12.538415690823744,48.54089799090786,
2026-07-12 00:00:00,32.08961774781529,14.67121167579248,49.87097237640014,
2026-07-19 00:00:00,32.41529977598555,14.203039595561922,48.9941730386372,
2026-07-26 00:00:00,31.46392271946202,13.031423843379155,49.213666063828235,
2026-08-02 00:00:00,30.215307421143066,11.890583836568013,48.412002759380236,
2026-08-09 00:00:00,29.587347056286845,11.161289758474368,48.865767009430996,
2026-08-16 00:00:00,29.90045634404925,10.912546915653618,47.263675145053845,
2026-08-23 00:00:00,30.773742357100268,14.143594063411467,49.04733268156606,
2026-08-30 00:00:00,31.477654993486368,14.006459350549655,48.63752025041449,
2026-09-06 00:00:00,31.49351532091796,13.440875352458592,48.876815333091216,
2026-09-13 00:00:00,30.858153757481713,14.031870203013849,47.817658100596496,
2026-09-20 00:00:00,30.027153916924256,10.701454328218915,48.29015772073684,
2026-09-27 00:00:00,29.428091134446333,10.131465616222108,46.6959781560317,
2026-10-04 00:00:00,29.17385501985846,11.164628270582263,46.93823867750811,
2026-10-11 00:00:00,29.198708198499265,11.715602448646926,46.48238459042349,
2026-10-18 00:00:00,29.557233561246502,10.814774630625202,46.87932914560807,
2026-10-25 00:00:00,30.408900620860166,12.43084564461008,49.02482517222009,
2026-11-01 00:00:00,31.618652207733504,12.94108713403514,49.25728483069325,
2026-11-08 00:00:00,32.49012712216749,14.536421332383442,49.98342163307997,
2026-11-15 00:00:00,32.15588333788989,13.37155420529517,49.69470873605928,
2026-11-22 00:00:00,30.43809116071074,11.477441419865148,47.92026921892199,
2026-11-29 00:00:00,28.317930496083402,9.475928008195847,45.950752966946496,
2026-12-06 00:00:00,27.357022033671058,10.022714754583212,46.3016335094503,
2026-12-13 00:00:00,28.420485518073214,10.159532735269348,45.994502620596506,
2026-12-20 00:00:00,30.840154822813552,13.10472482234935,48.85803167646849,
2026-12-27 00:00:00,32.849965539802305,15.572837908785546,51.3566898529571,
2027-01-03 00:00:00,32.96955727937383,15.07317074322265,52.02492884598992,
2027-01-10 00:00:00,31.145014265605713,12.55803543618951,49.07169627827747,
2027-01-17 00:00:00,28.711611890422084,9.695358568899898,46.422139462106266,
2027-01-24 00:00:00,27.314945487194915,7.471173946282207,45.62846776878885,
2027-01-31 00:00:00,27.759162448847277,8.832385923377188,45.23415682329988,
2027-02-07 00:00:00,29.64925566726234,11.77390462956528,48.470987994295726,
2027-02-14 00:00:00,31.91895185383883,14.436059462908663,51.436354905606564,
2027-02-21 00:00:00,33.668063843474805,15.40243343021088,52.495925124323676,
2027-02-28 00:00:00,34.65437289611312,16.90481537990672,54.226489341214666,
2027-03-07 00:00:00,35.17071568839588,16.483095580485223,53.41316135350222,
2027-03-14 00:00:00,35.49789538441897,17.601167303611255,54.81293253651637,
2027-03-21 00:00:00,35.39969902602416,17.09558400542885,52.36579278347702,
2027-03-28 00:00:00,34.124441761607265,15.386379780260699,51.89530371632163,
2027-04-04 00:00:00,31.053583041542055,13.127667550575858,49.68571066948399,
2027-04-11 00:00:00,26.58511897949565,7.917937178985756,43.5666230294851,
2027-04-18 00:00:00,22.44845239198517,3.015105528129677,40.44699005878453,
2027-04-25 00:00:00,20.899644300834616,2.378222717666304,40.202682765326045,
2027-05-02 00:00:00,23.15094454405411,5.266920713329487,40.74811015274284,
2027-05-09 00:00:00,28.226879249832553,9.325808033500042,45.868720844985035,
2027-05-16 00:00:00,33.3276820967252,15.718966551939188,51.88002919054263,
2027-05-23 00:00:00,35.622833673630375,17.70511531533393,53.48729004814456,
2027-05-30 00:00:00,34.156119981250434,15.320839028209134,52.693729082773984,
2027-06-06 00:00:00,30.38430557115423,12.49087117078685,49.97196502836442,
2027-06-13 00:00:00,26.987675063892638,8.074877878751078,44.82590375026636,
2027-06-20 00:00:00,25.97330008745734,9.685668923201348,46.37220366809834,
2027-06-27 00:00:00,27.522589110340178,8.620787476038469,45.695540285167105,
2027-07-04 00:00:00,30.254557791853394,11.376823603506281,48.918355758381935,
2027-07-11 00:00:00,32.42311562819725,15.348442493188884,51.048127780450855,
2027-07-18 00:00:00,33.040390398446,14.446291937206674,50.964203976294186,
2027-07-25 00:00:00,32.25471538598265,13.611572813327225,50.628287012572144,
2027-08-01 00:00:00,30.981104523872638,12.849870674003437,49.073585351396964,
2027-08-08 00:00:00,30.197385333479524,11.674047229627707,48.17455368064972,
2027-08-15 00:00:00,30.352520623641848,11.70114294215357,48.55922195671227,
2027-08-22 00:00:00,31.1764596974496,12.33055369121264,49.332825476393126,
2027-08-29 00:00:00,31.96162682134061,14.329576748843904,50.97394246339654,
2027-09-05 00:00:00,32.11475604909779,14.894766471408388,50.16124447992179,
2027-09-12 00:00:00,31.569098850303515,13.120530664246456,48.18462326365587,
2027-09-19 00:00:00,30.734907140025904,11.893323434995988,48.24271950892185,
2027-09-26 00:00:00,30.07650648839103,12.498859894340193,48.13917969628726,
2027-10-03 00:00:00,29.764751126891433,11.21737676132987,47.0525896085873,
2027-10-10 00:00:00,29.741832583895015,10.029020717166475,47.73899776444093,
2027-10-17 00:00:00,30.02822200030965,12.67893997188461,49.23940994464005,
2027-10-24 00:00:00,30.787072198654133,11.516255091903528,48.30133701397254,
2027-10-31 00:00:00,31.968506300027187,12.91153098475651,49.10041356636052,
2027-11-07 00:00:00,32.96953285522372,14.121698465651374,50.55634941179789,
2027-11-14 00:00:00,32.89457209253732,12.89825442308982,50.37535983734961,
2027-11-21 00:00:00,31.38418008797782,12.949994841606369,49.724433727727714,
2027-11-28 00:00:00,29.222689341309493,11.07997488227171,47.276334735776956,
2027-12-05 00:00:00,27.954411726305292,9.288347736320425,47.12855142246805,
2027-12-12 00:00:00,28.658921854552933,10.642197325793195,46.56166948194986,
2027-12-19 00:00:00,30.949740174776633,11.860670790265157,48.96900745285931,
2027-12-26 00:00:00,33.16944435896627,15.024045155419236,51.289831587646574,
2028-01-02 00:00:00,33.67898478251473,16.375639646056477,52.66948960139612,
2028-01-09 00:00:00,32.133438055600834,13.378660832100945,51.35747351923888,
2028-01-16 00:00:00,29.679276403425778,10.631371493929645,47.372273817753,
2028-01-23 00:00:00,28.003677093390294,10.99401250435692,46.48054971853463,
2028-01-30 00:00:00,28.1164796071119,9.499109119007024,45.50643423486345,
2028-02-06 00:00:00,29.81849562672515,11.490564120364677,46.978011320583306,
2028-02-13 00:00:00,32.10098231270082,13.312729469082912,50.53535614670959,
2028-02-20 00:00:00,33.98166111102965,15.012237926904914,53.0343789802569,
2028-02-27 00:00:00,35.09230743874514,15.857703269608393,51.31122238358826,
2028-03-05 00:00:00,35.66333480572623,17.7463309783592,54.33433296635614,
2028-03-12 00:00:00,36.022879641121484,19.638837859719963,55.948954467853454,
2028-03-19 00:00:00,36.04611296143616,17.60006857049865,54.32318679936449,
2028-03-26 00:00:00,35.042445186468306,16.483491719544332,52.88492575749002,
2028-04-02 00:00:00,32.3019793630924,12.958540747558928,50.62236694276802,
2028-04-09 00:00:00,27.990844597785337,9.74760486654257,45.890787146635816,
2028-04-16 00:00:00,23.625866353746886,5.263381170234325,42.31313785947754,
2028-04-23 00:00:00,21.47472686935202,3.7555248175068634,38.64122788981773,
2028-04-30 00:00:00,23.050472664505993,5.223563541854624,41.58946884347673,
2028-05-07 00:00:00,27.792553742544943,9.337422162224417,47.014145818109306,
2028-05-14 00:00:00,33.12463836349686,14.798629239097737,51.82901967279976,
2028-05-21 00:00:00,36.06269090253183,17.657322666335965,53.964191154061346,
2028-05-28 00:00:00,35.22334117508888,15.141716640252884,52.27450974142816,
2028-06-04 00:00:00,31.676796695897735,13.144597016730547,49.65408747445865,
2028-06-11 00:00:00,28.023895278166783,10.16288782155669,47.93316139819031,
2028-06-18 00:00:00,26.51361726867868,8.743158426327241,43.93924889655075,
2028-06-25 00:00:00,27.674384349851035,9.035311954007295,46.16072673889137,
2028-07-02 00:00:00,30.33047461590182,11.860766964087478,49.8023450710269,
2028-07-09 00:00:00,32.70394584191336,14.7200987858469,52.091808744116506,
2028-07-16 00:00:00,33.61865900605466,15.497131366372626,53.24484237827211,
2028-07-23 00:00:00,33.029835328399464,15.99593544225679,50.348991451104,
2028-07-30 00:00:00,31.764031720272857,12.396655967038502,50.87685836010955,
2028-08-06 00:00:00,30.8393875773072,12.557689266951812,49.917910186534826,
2028-08-13 00:00:00,30.827143587422984,12.406035310650278,49.81460205699027,
2028-08-20 00:00:00,31.577595132537827,12.00115895180313,49.75696902022522,
2028-08-27 00:00:00,32.42390600090326,13.510621266918108,50.253500587734784,
2028-09-03 00:00:00,32.712334764294695,15.8339197137216,52.21823377284463,
2028-09-10 00:00:00,32.27073649440026,13.307963257491318,50.94374792248758,
2028-09-17 00:00:00,31.44919615323276,12.66347662866626,50.32954253557681,
2028-09-24 00:00:00,30.73666897034764,13.47197826326082,49.491964901352844,
2028-10-01 00:00:00,30.364553266657662,9.832958977954153,49.311076213459,
2028-10-08 00:00:00,30.294267010930028,12.588810462087892,50.0351741104073,
2028-10-15 00:00:00,30.51481728256294,12.290177238556616,49.22816647508947,
2028-10-22 00:00:00,31.180387523105097,13.267718628071156,50.18590103455168,
2028-10-29 00:00:00,32.313606320843625,13.991703203714087,51.67045703953772,
2028-11-05 00:00:00,33.413174105861444,14.313726950306314,50.5550006526801,
2028-11-12 00:00:00,33.58414716492541,13.910490767332284,51.70116366757502,
2028-11-19 00:00:00,32.307203618166874,13.865222362157114,50.597644960981185,
2028-11-26 00:00:00,30.15720748129777,11.165341908472051,48.035697818992205,
2028-12-03 00:00:00,28.61895923579471,10.645956285603024,46.37482622032651,
2028-12-10 00:00:00,28.95165051179746,10.237344872667506,48.49286370238277,
2028-12-17 00:00:00,31.057002258238956,12.38530724033171,49.04735470319592,
2028-12-24 00:00:00,33.43062725004771,15.090138885108091,52.30289942517397,
2028-12-31 00:00:00,34.31859128423194,16.3662912807412,53.353712140112705,
2029-01-07 00:00:00,33.091403851211695,13.801220398967528,52.38089215798574,
2029-01-14 00:00:00,30.673791440513575,12.085322220839764,49.69340755217417,
2029-01-21 00:00:00,28.75291080485388,10.137697958152291,47.63347998693652,
2029-01-28 00:00:00,28.526713759871985,9.577630285978653,46.14269357527688,
2029-02-04 00:00:00,30.006070166244324,11.578904248353489,48.98504545160216,
2029-02-11 00:00:00,32.268386445695754,13.59554769961392,49.18616244736491,
2029-02-18 00:00:00,34.26898053746177,14.565085285092074,52.730981791740284,
2029-02-25 00:00:00,35.512762981601284,16.399500749875674,54.56911476334002,
2029-03-04 00:00:00,36.15053897077408,17.816080422680095,54.38151870639871,
2029-03-11 00:00:00,36.53885184876019,18.036057569662027,54.84129187036639,
2029-03-18 00:00:00,36.659980841179575,18.264753878710493,55.98324267307759,
2029-03-25 00:00:00,35.90266519989865,17.83845828412495,53.978764745215614,
2029-04-01 00:00:00,33.49639862180916,14.858158355700834,52.474605329097926,
2029-04-08 00:00:00,29.392551957257634,10.336217101431188,48.489070298487924,
2029-04-15 00:00:00,24.875870184695586,4.42607793047987,44.637031587173254,
2029-04-22 00:00:00,22.174519152135453,3.97721505768698,41.1671104333642,
2029-04-29 00:00:00,23.056768172283718,5.540428638767118,42.80034256949305,
2029-05-06 00:00:00,27.378254488485105,9.034714301769135,46.5877872643064,
2029-05-13 00:00:00,32.840682314280436,13.037287251886244,52.04585007860766,
2029-05-20 00:00:00,36.37508539223484,18.074145389070196,55.77393316790129,
2029-05-27 00:00:00,36.19993059447791,17.399503005660787,55.5068635731291,
2029-06-03 00:00:00,32.967017753199016,14.035913701100768,50.52242065888886,
2029-06-10 00:00:00,29.133412905488672,10.114436269044614,47.173388408167895,
2029-06-17 00:00:00,27.14390297865918,9.043886472768225,45.72397313565693,
2029-06-24 00:00:00,27.875428996008388,8.276136578223525,47.260561318337594,
2029-07-01 00:00:00,30.395558125187865,11.212774473680572,49.32389193871391,
2029-07-08 00:00:00,32.93505203942276,14.375780207993044,50.944666784965534,
2029-07-15 00:00:00,34.146596448543036,15.610727000216691,51.77199841699828,
2029-07-22 00:00:00,33.78289838509776,14.37302013836855,51.729223230012735,
2029-07-29 00:00:00,32.559122378766915,15.391018714052574,50.82370533234149,
2029-08-05 00:00:00,31.51251646542363,13.718652551768796,49.97952707908061,
2029-08-12 00:00:00,31.327544486173785,12.723669262191486,51.18570908282059,
2029-08-19 00:00:00,31.981733010450334,14.126956949700784,50.71311101909666,
2029-08-26 00:00:00,32.86698731820491,13.570466770237788,51.03709329042938,
2029-09-02 00:00:00,33.285118791611936,15.174646719749466,51.4889945294873,
2029-09-09 00:00:00,32.959896904174656,14.301498166083617,52.37152892880596,
2029-09-16 00:00:00,32.16778679136763,14.911131870171952,50.97509279216321,
2029-09-23 00:00:00,31.40851467724561,12.001585735623362,51.730882810626284,
2029-09-30 00:00:00,30.973842106249993,12.670555360275195,47.90513379763329,
2029-10-07 00:00:00,30.855360086878886,12.194645426526602,49.8103997288552,
2029-10-14 00:00:00,31.01588802709811,11.39011669381954,49.724719242203065,
2029-10-21 00:00:00,31.590173807715832,12.472866833425051,50.59477590199103,
2029-10-28 00:00:00,32.65891909029841,13.622945204675993,51.260333725114705,
2029-11-04 00:00:00,33.826234100679144,14.708039535000603,51.97630254766797,
2029-11-11 00:00:00,34.22437633449837,14.203496098113316,51.809433576937465,
2029-11-18 00:00:00,33.199654954052775,11.515311667146023,51.93256195304478,
2029-11-25 00:00:00,31.11180517087893,13.288205980730414,49.09330019530027,
2029-12-02 00:00:00,29.34709107122803,12.52077457190089,48.14592457279122,
2029-12-09 00:00:00,29.30500637322094,10.146003671877548,47.71915865237772,
2029-12-16 00:00:00,31.173545686250044,11.07555915050813,51.617266739463915,
2029-12-23 00:00:00,33.641162462198736,14.307500034461098,51.85610976932499,
2029-12-30 00:00:00,34.8862685535128,15.804274903712914,54.16760097748311,
2030-01-06 00:00:00,34.009277589262595,16.22361357183864,53.7374139999884,
2030-01-13 00:00:00,31.685635268957906,13.774434848790401,51.10784898380463,
2030-01-20 00:00:00,29.55961256888413,10.473676254054993,50.35266084366363,
2030-01-27 00:00:00,28.9939421726962,9.720561774193328,48.88997796933384,
2030-02-03 00:00:00,30.21885929772362,12.641444669476279,49.40764024323084,
2030-02-10 00:00:00,32.42580584870326,13.281256415775788,51.582631750677756,
2030-02-17 00:00:00,34.53030239683718,16.340476376036456,53.420731202371485,
2030-02-24 00:00:00,35.91331129539194,17.302024673264,54.23347321563584,
2030-03-03 00:00:00,36.63088484399359,18.056866785174208,56.310223574186104,
2030-03-10 00:00:00,37.04808336541281,17.285555750371987,55.81201757952003,
2030-03-17 00:00:00,37.24643257113289,18.025279898254688,55.74081638036132,
2030-03-24 00:00:00,36.708359389860505,18.066052531985548,55.705763819174635,
2030-03-31 00:00:00,34.63287053349485,15.55424094356646,53.516232591574315,
2030-04-07 00:00:00,30.778258728962435,11.397759655557682,47.763044949068835,
2030-04-14 00:00:00,26.184904916138066,8.277904155365722,45.43732226852232,
2030-04-21 00:00:00,22.993970341662568,3.846301402868601,42.09577613965912,
2030-04-28 00:00:00,23.178916275122347,3.6790390047183905,41.778267635919875,
2030-05-05 00:00:00,27.00259202410269,7.445784229225335,45.85906101157201,
2030-05-12 00:00:00,32.49157629980963,13.043337691009178,51.528301358641734,
2030-05-19 00:00:00,36.5622324972966,18.15560399632946,55.80148020039897,
2030-05-26 00:00:00,37.07391082800676,16.27225330989632,54.401090361093694,
2030-06-02 00:00:00,34.238233106961864,15.372854189861798,53.28682133353573,
2030-06-09 00:00:00,30.306290806707413,10.178452083128462,49.615925397178614,
2030-06-16 00:00:00,27.86607564557494,9.02136067572296,46.72833337542747,
2030-06-23 00:00:00,28.135750496152767,8.770207656462752,45.51645114432006,
2030-06-30 00:00:00,30.459933781830454,11.89597975277497,49.694479234101735,
2030-07-07 00:00:00,33.1206725618531,13.788836956807476,52.711838963575474,
2030-07-14 00:00:00,34.62164958756364,15.513057463847714,55.03035393790373,
2030-07-21 00:00:00,34.50770355473248,14.396102577217054,53.87618922971322,
2030-07-28 00:00:00,33.360889980197385,14.593504207348342,53.41040483004835,
2030-08-04 00:00:00,32.21511541603106,12.661006123958384,51.36434882661945,
2030-08-11 00:00:00,31.85635486923282,13.575724873033518,49.50339839846639,
2030-08-18 00:00:00,32.39348087023599,14.074159706885155,51.49047467868405,
2030-08-25 00:00:00,33.29393786727882,14.678988270003567,52.47525481313544,
2030-09-01 00:00:00,33.83259074055405,14.707325926419726,53.45922221327963,
2030-09-08 00:00:00,33.63355368700362,15.00860103378268,52.521590626540416,
2030-09-15 00:00:00,32.888103110541245,13.983642646152978,52.560529889600815,
2030-09-22 00:00:00,32.091639481283025,13.14598372925101,50.86986261237373,
2030-09-29 00:00:00,31.593259178289976,14.1070303724257,51.2160903433185,
2030-10-06 00:00:00,31.424722081543138,11.320004207922082,50.377248404586524,
2030-10-13 00:00:00,31.530195897217723,12.048991913374334,49.72354402508914,
2030-10-20 00:00:00,32.017122484209686,13.106982660056456,51.11741842848727,
2030-10-27 00:00:00,33.00887709355088,11.759757211813056,52.81046863545593,
2030-11-03 00:00:00,34.21427940526618,15.92134509205265,52.963561366630195,
2030-11-10 00:00:00,34.81631587150402,15.222178675815565,55.231112844445306,
2030-11-17 00:00:00,34.055144243450556,15.56007041578642,52.25904972778263,
2030-11-24 00:00:00,32.07657758630852,12.6250432758304,50.183485572650774,
2030-12-01 00:00:00,30.133642447568555,10.978846303976773,46.880925722064234,
2030-12-08 00:00:00,29.723658242786946,11.74204469558342,48.12926455820251,
2030-12-15 00:00:00,31.310680039100053,10.908760814147406,51.201836615231684,
2030-12-22 00:00:00,33.81002759875616,15.44735210482973,51.73091345705207,
2030-12-29 00:00:00,35.38172464448702,15.616152867248736,55.212906805827586,
2031-01-05 00:00:00,34.87828329257641,15.42330780818531,52.743508555629134,
2031-01-12 00:00:00,32.704675732608344,13.400879086655028,51.456539558128306,
2031-01-19 00:00:00,30.419358604011787,12.090605380738005,48.641547229371994,
2031-01-26 00:00:00,29.52119270704097,10.195685083757962,49.69397730598165,
2031-02-02 00:00:00,30.46365168554358,10.823286932377489,49.49556647377853,
2031-02-09 00:00:00,32.57855068367955,12.907261861619922,50.85473693119092,
2031-02-16 00:00:00,34.7666623468692,13.88475917815731,53.781635404298406,
2031-02-23 00:00:00,36.29175951682971,17.844882236782283,55.284126513671154,
2031-03-02 00:00:00,37.10248366316821,17.728554041515306,55.47754794921122,
2031-03-09 00:00:00,37.55211920909046,19.97306203885998,55.94064127210817,
2031-03-16 00:00:00,37.81034513466419,18.766926959215553,55.98448771215833,
2031-03-23 00:00:00,37.46356125197599,18.806920663807205,56.05391891333369,
2031-03-30 00:00:00,35.708968094725584,16.038341953545206,54.44025345010617,
2031-04-06 00:00:00,32.13714185318089,13.931445076065302,50.96435305848625,
2031-04-13 00:00:00,27.53896375229888,8.060070885631244,46.05057107027483,
2031-04-20 00:00:00,23.925858174500508,4.916551904817538,42.913727880682316,
2031-04-27 00:00:00,23.42349881516276,4.74018399031176,41.11065558983105,
2031-05-04 00:00:00,26.683260260755244,7.061109298997813,45.91889064352526,
2031-05-11 00:00:00,32.09456612414653,13.086976745301389,52.246394818849396,
2031-05-18 00:00:00,36.629162300977164,18.132099122626954,54.700201069605434,
2031-05-25 00:00:00,37.83536414326777,18.81852639834196,57.746377257722074,
2031-06-01 00:00:00,35.473636794602875,17.1454617288728,53.13552486455171,
2031-06-08 00:00:00,31.53074237928684,12.645940462673313,51.044643957681764,
2031-06-15 00:00:00,28.67998785495996,8.746119814747175,49.13768634767427,
2031-06-22 00:00:00,28.46448263196211,8.379439972374591,46.02379977998879,
2031-06-29 00:00:00,30.534273531315876,12.404672672755748,50.08071082076605,
2031-07-06 00:00:00,33.266315271819565,14.359557921586344,52.52087876220189,
2031-07-13 00:00:00,35.04232962789959,15.565535832782144,54.48554573424519,
2031-07-20 00:00:00,35.198378585293014,14.852485450841755,55.00603520925645,
2031-07-27 00:00:00,34.16343112451048,14.8819214174591,53.30430017504429,
2031-08-03 00:00:00,32.944723708782234,12.682959609613071,52.57331303673686,
2031-08-10 00:00:00,32.41554069615338,13.397155710748176,49.89395132241192,
2031-08-17 00:00:00,32.81734957359744,13.45159533771952,52.38843076642203,
2031-08-24 00:00:00,33.70832681352702,12.43750289231274,51.85181800495589,
2031-08-31 00:00:00,34.35488633424639,15.39950722924003,52.729552421176905,
2031-09-07 00:00:00,34.288927664340136,15.310955078900673,52.79057706854907,
2031-09-14 00:00:00,33.60728730093002,13.538115134807772,53.197254764949335,
2031-09-21 00:00:00,32.785257351289374,13.295102845321141,52.50805620371119,
2031-09-28 00:00:00,32.223430608706515,11.908245074476696,51.527922046094005,
2031-10-05 00:00:00,32.002229397567305,12.613306401232194,50.29411753438717,
2031-10-12 00:00:00,32.05649501904536,13.126184308773666,50.0859490226475,
2031-10-19 00:00:00,32.46135785667515,13.149968540511601,53.9296944386233,
2031-10-26 00:00:00,33.36729166983179,13.49395749149084,53.63805820312412,
2031-11-02 00:00:00,34.5830627003266,16.265688567601128,53.18218786781387,
2031-11-09 00:00:00,35.36220406462796,15.726832748983496,56.14056792941608,
2031-11-16 00:00:00,34.868531161589175,14.622512219417551,55.87714062393516,
2031-11-23 00:00:00,33.04168031548943,13.069589565356424,53.080424838996414,
2031-11-30 00:00:00,30.972035062625807,10.506442292450298,49.002655195913874,
2031-12-07 00:00:00,30.21049962287544,10.976580361593381,48.71642222774094,
2031-12-14 00:00:00,31.479110591449462,12.553620143039844,50.783658405601976,
2031-12-21 00:00:00,33.94729178453267,14.323721694365464,52.66444824741376,
2031-12-28 00:00:00,35.806513398806175,16.01656911819679,54.46758068902162,
2032-01-04 00:00:00,35.6907493678562,17.415931106428616,55.19959326938704,
2032-01-11 00:00:00,33.72041059491971,15.089834249139562,52.98567157461474,
2032-01-18 00:00:00,31.326390707259897,13.630800588569103,50.89439978106651,
2032-01-25 00:00:00,30.11031454170749,11.208060551659887,48.71369742263382,
2032-02-01 00:00:00,30.746966321707088,11.27194189331929,49.72872350126187,
2032-02-08 00:00:00,32.732506967568916,14.11689271731092,52.23081468102434,
2032-02-15 00:00:00,34.979888748751065,15.454156356050188,54.93452458606862,
2032-02-22 00:00:00,36.64627074907538,16.15992932658242,55.948277638017004,
2032-02-29 00:00:00,37.56310900464492,17.695064711695302,57.684547735563115,
2032-03-07 00:00:00,38.051777627917204,18.447871791256073,58.365760237764576,
2032-03-14 00:00:00,38.35620241408114,18.37209856064887,57.93461942933612,
2032-03-21 00:00:00,38.17288629303733,20.148549820823984,57.02083555484661,
2032-03-28 00:00:00,36.72373518395993,17.934087443941593,56.19794990055975,
2032-04-04 00:00:00,33.45971000167257,14.26329279333894,52.38797460209159,
2032-04-11 00:00:00,28.923932229149596,10.260374975616408,49.34599777594932,
2032-04-18 00:00:00,24.96103290189287,5.300475226014502,45.27443540372214,
2032-04-25 00:00:00,23.794506405036184,4.2861495704191945,43.482410712514096,
2032-05-02 00:00:00,26.436642674802187,7.2727293596573475,46.73531640705575,
2032-05-09 00:00:00,31.66797876193344,11.38129816505452,51.868383837508205,
2032-05-16 00:00:00,36.58362750999729,17.114270198895436,55.54286671733462,
2032-05-23 00:00:00,38.47671001382201,19.810258091526315,58.6189597893389,
2032-05-30 00:00:00,36.65675879480856,16.720931239916922,56.40048625676347,
2032-06-06 00:00:00,32.79335278235966,12.476529168221042,51.66028937117146,
2032-06-13 00:00:00,29.58334003258553,10.415578268553592,49.64904569005783,
2032-06-20 00:00:00,28.869599922149128,6.774300946627303,49.140516407253756,
2032-06-27 00:00:00,30.62957170439409,11.173953842040376,49.691467758476904,
2032-07-04 00:00:00,33.378701110483455,11.8404637412298,53.51516783832551,
2032-07-11 00:00:00,35.40830333103374,16.5223949902004,54.96437190778522,
2032-07-18 00:00:00,35.84952572762517,17.163898550583262,56.082292940992915,
2032-07-25 00:00:00,34.96054045499984,15.525743581558025,53.99259575919773,
2032-08-01 00:00:00,33.698109037102206,13.868456157637002,53.02467517175428,
2032-08-08 00:00:00,33.00633907014435,13.240638889908665,53.81180907414537,
2032-08-15 00:00:00,33.25763469355377,13.205162171526938,52.92367645805821,
2032-08-22 00:00:00,34.1141398324806,13.067193636712627,54.26512372411102,
2032-08-29 00:00:00,34.85281282747277,15.91125161924494,55.12250627438644,
2032-09-05 00:00:00,34.923586360221755,15.760445163233367,55.5750910594489,
2032-09-12 00:00:00,34.32227483409752,14.259036866251307,53.54099755720962,
2032-09-19 00:00:00,33.48817538595145,13.299882473130921,54.12324141851656,
2032-09-26 00:00:00,32.864887932101325,12.77152178414893,52.60210833862393,
2032-10-03 00:00:00,32.588009067397394,11.85597962146733,52.05565582105291,
2032-10-10 00:00:00,32.59362061861418,12.584348487907494,51.54015886247237,
2032-10-17 00:00:00,32.922523141228176,13.328987797557142,54.058018048587996,
2032-10-24 00:00:00,33.73729680365824,14.810802704726793,53.65311942859928,
2032-10-31 00:00:00,34.9383329967444,14.307336436631967,55.41849877818852,
2032-11-07 00:00:00,35.865322821749984,15.830028825971752,53.81736478804264,
2032-11-14 00:00:00,35.63601350191112,15.519864310892293,55.7431112625519,
2032-11-21 00:00:00,33.99760445084647,13.511018587194975,51.211597672384386,
2032-11-28 00:00:00,31.85449324117612,10.346990034141179,49.636963351426445,
2032-12-05 00:00:00,30.76659263006084,11.467674829128718,50.83088952751855,
2032-12-12 00:00:00,31.688647112898863,12.25034781197568,50.81058215493782,
2032-12-19 00:00:00,34.06384505725265,14.601685328011365,53.72325308410768,
2032-12-26 00:00:00,36.16401236165929,16.1512437429624,55.6424693863769,
2033-01-02 00:00:00,36.44033019457232,15.32668870941847,56.58039007231925,
2033-01-09 00:00:00,34.72222610656871,13.631989845464258,53.643247697935834,
2033-01-16 00:00:00,32.273710139530266,13.103256497578023,51.184138888683776,
2033-01-23 00:00:00,30.761874119397916,11.244818120467176,51.89261619232177,
2033-01-30 00:00:00,31.074871346166145,9.803779263562522,52.271601607281994,
2033-02-06 00:00:00,32.894022270147474,12.84257744870651,52.49682353883033,
2033-02-13 00:00:00,35.172618031644745,15.09568736691672,55.914884339608975,
2033-02-20 00:00:00,36.97547603750248,15.933763803391363,57.26567410170051,
2033-02-27 00:00:00,38.01031458623177,18.168947690061714,58.61870467986664,
2033-03-06 00:00:00,38.54717406186464,17.213058020211594,57.540514226129396,
2033-03-13 00:00:00,38.88797735799703,18.593973317727077,58.82423228373425,
2033-03-20 00:00:00,38.84133613845934,18.77590934634067,59.04978029615576,
2033-03-27 00:00:00,37.67757953525658,16.298999294349755,57.89133333681157,
2033-04-03 00:00:00,34.73793106795466,14.712409868670738,53.43778063798244,
2033-04-10 00:00:00,30.325914319452995,11.042606633073802,49.88353911901506,
2033-04-17 00:00:00,26.088700233863847,6.171900989158221,45.50514908129662,
2033-04-24 00:00:00,24.29331734035742,3.4343133255564275,44.96931300737639,
2033-05-01 00:00:00,26.277456980838387,7.095461763055994,46.15698216240833,
2033-05-08 00:00:00,31.23079444668464,10.407514797448531,51.87746779441122,
2033-05-15 00:00:00,36.435941743309506,17.705300550613686,57.04514476340721,
2033-05-22 00:00:00,38.99292750597823,18.89151470135284,59.70981592139092,
2033-05-29 00:00:00,37.77187330270314,17.094710586902266,59.381652196912555,
2033-06-05 00:00:00,34.07935003530965,14.633808517908662,53.42617593659219,
2033-06-12 00:00:00,30.571645660548906,9.088191672717233,51.30617202541191,
2033-06-19 00:00:00,29.357667605462098,9.570349804856225,49.534262724628306,
2033-06-26 00:00:00,30.75689987632487,9.737215532896922,50.657825994193786,
2033-07-03 00:00:00,33.46567550415176,12.588068684937546,53.837791901352375,
2033-07-10 00:00:00,35.72046391003592,14.719420205716922,56.381831411833105,
2033-07-17 00:00:00,36.45636488270214,16.35774579645316,56.56548876666436,
2033-07-24 00:00:00,35.74583586192496,14.786180518946297,55.674877402611585,
2033-07-31 00:00:00,34.47131700628319,13.910280414094172,54.84194012345859,
2033-08-07 00:00:00,33.62921087959054,14.877203448375733,52.79027713215655,
2033-08-14 00:00:00,33.71830216566573,13.965127237459509,54.09435219665568,
2033-08-21 00:00:00,34.5156807256366,14.709322712616677,55.1507977819905,
2033-08-28 00:00:00,35.327847262275206,15.385428439332683,54.85361909849708,
2033-09-04 00:00:00,35.535535457077046,15.704253536574798,54.03546331638947,
2033-09-11 00:00:00,35.029882138687704,13.009158064173295,55.723141970652534,
2033-09-18 00:00:00,34.1987871658111,13.515394394090611,55.34902784728308,
2033-09-25 00:00:00,33.51799021456399,13.443950692372614,53.63808986852667,
2033-10-02 00:00:00,33.1824047925008,13.394374852925349,54.299850133577195,
2033-10-09 00:00:00,33.14056313208579,13.753684659308563,54.07142896379517,
2033-10-16 00:00:00,33.39987887855171,11.81156232577099,53.20053523846339,
2033-10-23 00:00:00,34.121323695576805,14.327218767464935,54.7782052416192,
2033-10-30 00:00:00,35.28565974482881,13.670292860481537,53.63183893122711,
2033-11-06 00:00:00,36.329833575795995,16.327019370320215,56.0216525338665,
2033-11-13 00:00:00,36.355170460004835,16.092626082885538,56.597677028520906,
2033-11-20 00:00:00,34.935432746215184,14.101694986276202,55.06913920861782,
2033-11-27 00:00:00,32.772290987889654,13.613458885151541,54.72318568287939,
2033-12-04 00:00:00,31.39116632945376,11.609313712122475,50.91028721592298,
2033-12-11 00:00:00,31.947939636179736,10.905670628899927,52.26969768995584,
2033-12-18 00:00:00,34.17110285799901,12.316726062723351,53.236321107422526,
2033-12-25 00:00:00,36.45934884965083,15.830733141732678,55.780311917724816,
2034-01-01 00:00:00,37.12219579012008,17.194986962510974,57.31353752935786,
2034-01-08 00:00:00,35.6996668941797,15.83476346463492,56.80413199949233,
2034-01-15 00:00:00,33.253209094858036,12.44938344604363,52.95609751872701,
2034-01-22 00:00:00,31.47508056737168,10.284371103582785,51.681686096075474,
2034-01-29 00:00:00,31.45280489510911,11.458549034583275,53.23471235792269,
2034-02-05 00:00:00,33.06977184067558,12.225191045727808,52.80584692548035,
2034-02-12 00:00:00,35.34828693207766,14.99989742575657,54.93943648274799,
2034-02-19 00:00:00,37.27857470530067,16.435145184781383,55.95268943536513,
2034-02-26 00:00:00,38.441558777135356,17.420730188320046,59.88420975701251,
2034-03-05 00:00:00,39.03776778432929,18.68339988860549,59.3034027641952,
2034-03-12 00:00:00,39.40903852449516,20.088972079755738,60.23045416969829,
2034-03-19 00:00:00,39.47410631581172,19.023977667759183,60.59619257424417,
2034-03-26 00:00:00,38.57213621279412,17.646623892466707,59.105584856119805,
2034-04-02 00:00:00,35.96531363831157,14.99819982312167,56.56802737801168,
2034-04-09 00:00:00,31.73153623576163,11.134811995986755,52.45799201403156,
2034-04-16 00:00:00,27.296734191817816,5.924898662162555,49.11280984610524,
2034-04-23 00:00:00,24.91874212994757,3.8258162384739123,45.13374631798708,
2034-04-30 00:00:00,26.218447262181705,5.735074684372574,46.820727037920165,
2034-05-07 00:00:00,30.80220481748657,10.801827420529538,51.725335913199515,
2034-05-14 00:00:00,36.19875225320072,15.236210020842886,55.81605412177803,
2034-05-21 00:00:00,39.38171563029353,18.163577282307237,59.221847988886594,
2034-05-28 00:00:00,38.80439788506665,18.180893160599403,57.76136207628592,
2034-06-04 00:00:00,35.3729203181471,13.749859850952308,54.783501013899354,
2034-06-11 00:00:00,31.638251322832936,11.708949724622379,52.3649508605495,
2034-06-18 00:00:00,29.93361480734917,8.940952968594033,49.62974261134421,
2034-06-25 00:00:00,30.927145730679808,8.885395937301176,49.63715252839738,
2034-07-02 00:00:00,33.5360875144583,10.873573593491166,53.948055492757554,
2034-07-09 00:00:00,35.98097856766538,14.986856879072144,56.38643828820561,
2034-07-16 00:00:00,37.014871188825765,16.83356928422607,57.99991706978449,
2034-07-23 00:00:00,36.512892133294145,16.69095944648334,58.01303372426965,
2034-07-30 00:00:00,35.259736854974165,13.548878535221158,56.39898583796089,
2034-08-06 00:00:00,34.28381027177976,13.592339498993987,55.520101226374734,
2034-08-13 00:00:00,34.20288100028341,12.753643091275116,54.302853159084044,
2034-08-20 00:00:00,34.917463039426,14.771661798183326,55.01111577415736,
2034-08-27 00:00:00,35.782114494230676,14.128685704328255,56.46779197535828,
2034-09-03 00:00:00,36.123298827265955,16.627826041891588,56.886561662670424,
2034-09-10 00:00:00,35.72690358253757,13.168903072217908,55.297493287416486,
2034-09-17 00:00:00,34.91508521687215,12.85204509038147,54.54431319987786,
2034-09-24 00:00:00,34.182851594001875,13.358288478576085,55.88230923804221,
2034-10-01 00:00:00,33.78592687849409,12.377126729201414,54.36317348276529,
2034-10-08 00:00:00,33.69652487190803,12.90423267887983,54.90316053517002,
2034-10-15 00:00:00,33.89240842394847,12.039325422930808,54.929714660619524,
2034-10-22 00:00:00,34.52110504461325,13.78121754579341,55.799884147165976,
2034-10-29 00:00:00,35.63027647556038,14.456712616953483,56.93036487040074,
2034-11-05 00:00:00,36.76059441363071,15.381019789245919,58.452085832458486,
2034-11-12 00:00:00,37.024960908697956,16.306322424216802,57.71967357138379,
2034-11-19 00:00:00,35.847069131060174,14.596593710827184,56.03876223252193,
2034-11-26 00:00:00,33.71602157504342,12.95855636089058,54.90153847092421,
2034-12-03 00:00:00,32.08166898898207,11.155804849468339,52.6092879627487,
2034-12-10 00:00:00,32.26424924105634,11.789578393051443,53.5069973050321,
2034-12-17 00:00:00,34.28069437440743,14.103875620287576,54.557007136515324,
2034-12-24 00:00:00,36.699275539919306,14.877435695569606,56.49059581163233,
2034-12-31 00:00:00,37.73318312712618,16.35149840297776,58.37894837182141,
2035-01-07 00:00:00,36.64270965316868,14.251406142099254,57.492003916973616,
2035-01-14 00:00:00,34.25583756674835,12.631852180521868,55.14023359210245,
2035-01-21 00:00:00,32.2477441989879,11.119452808009061,53.08161090868697,
2035-01-28 00:00:00,31.885403089121624,11.295960249339721,52.32416912352595,
2035-02-04 00:00:00,33.266607802466766,10.769388036968262,52.91110726365544,
2035-02-11 00:00:00,35.511100927877735,14.366879574135458,57.504593576592086,
2035-02-18 00:00:00,37.55542025196603,16.030011371459253,58.45926574810382,
2035-02-25 00:00:00,38.85433241536719,18.455716943872048,60.83246395343281,
2035-03-04 00:00:00,39.52242905113553,17.974816416921453,59.087097717346964,
2035-03-11 00:00:00,39.922082264470454,19.839883694903143,60.98025309806686,
2035-03-18 00:00:00,40.07640292804214,17.640309499564474,61.32305819106746,
2035-03-25 00:00:00,39.41010725673605,17.04394795547153,60.68393665466423,
2035-04-01 00:00:00,37.13694278290552,16.722315955161445,57.35141793107021,
2035-04-08 00:00:00,33.12822069364764,10.72738349643291,54.93453717458667,
2035-04-15 00:00:00,28.57201025916414,6.164997036250604,50.37779529550938,
2035-04-22 00:00:00,25.667130624983248,4.543696416362874,48.36316027120748,
2035-04-29 00:00:00,26.270131026322943,4.822204531498265,47.58571502168119,
2035-05-06 00:00:00,30.401169145186707,8.576992237114599,52.753306184084906,
2035-05-13 00:00:00,35.88675302877065,14.17370752892504,55.79105770091263,
2035-05-20 00:00:00,39.64358646542067,19.649261262332224,61.35900814233574,
2035-05-27 00:00:00,39.74127238104175,19.025596883985322,60.92076041726344,
2035-06-03 00:00:00,36.657560309023,15.829801001526604,57.51196558236914,
2035-06-10 00:00:00,32.774413428521534,11.488983316181177,54.71119754797666,
2035-06-17 00:00:00,30.600538271328492,8.904142683760774,52.44036027975099,
2035-06-24 00:00:00,31.150741792551816,10.534351112645872,52.05652711346062,
2035-07-01 00:00:00,33.59963748069209,10.884962805882715,55.34911009681932,
2035-07-08 00:00:00,36.19330990676102,14.240926752769875,56.440063886324864,
2035-07-15 00:00:00,37.52190394105161,15.272633363425168,59.084679517150285,
2035-07-22 00:00:00,37.25538102077001,15.078620948079958,58.580879565000615,
2035-07-29 00:00:00,36.058182460935406,13.849331247879908,55.97698271883145,
2035-08-05 00:00:00,34.968971534261776,15.198581189590879,56.41571796154351,
2035-08-12 00:00:00,34.714365585507274,12.943873139770233,56.67305290511251,
2035-08-19 00:00:00,35.324094733395086,12.929534008890684,54.94813653641526,
2035-08-26 00:00:00,36.21834558815084,14.473251545447445,57.61713793943635,
2035-09-02 00:00:00,36.68598417953949,15.655544318917647,58.853929835636485,
2035-09-09 00:00:00,36.41021416146455,15.233090874888683,57.770702306001866,
2035-09-16 00:00:00,35.63469254222535,12.597429469687665,56.19964590402225,
2035-09-23 00:00:00,34.85927805838885,12.632389841342352,55.7660899697249,
2035-09-30 00:00:00,34.39918913044755,14.121202297152259,57.54393631458235,
2035-10-07 00:00:00,34.26095726000386,12.176363156051398,56.13015432356609,
2035-10-14 00:00:00,34.39892517151894,13.317354134840867,55.47933607952641,
2035-10-21 00:00:00,34.937706820455126,13.104324898531104,55.64226956087741,
2035-10-28 00:00:00,35.97694860506043,13.503709685121784,58.05917924638007,
2035-11-04 00:00:00,37.162965752468416,15.285672301004553,61.01723231303231,
2035-11-11 00:00:00,37.64567852450185,17.045787836425312,58.8863483168031,
2035-11-18 00:00:00,36.72543496393868,14.295908665607977,57.62313001632441,
2035-11-25 00:00:00,34.67588067534183,12.825090297101319,55.10550335012404,
2035-12-02 00:00:00,32.83387199883719,10.801427682141153,54.15045132199937,
2035-12-09 00:00:00,32.643260780704935,10.611837236728181,52.892898106989506,
2035-12-16 00:00:00,34.404144087386214,13.957753657457573,56.34500747614258,
2035-12-23 00:00:00,36.89199857014714,16.263727170761644,58.556557276627856,
2035-12-30 00:00:00,38.271903705780076,14.555871276628817,60.03011978318568,
2036-01-06 00:00:00,37.542032735654686,16.451889317023365,60.42808733500563,
2036-01-13 00:00:00,35.27180224256131,13.38139069128643,57.37762999994686,
2036-01-20 00:00:00,33.07627090830752,10.741578995657875,55.43654688032196,
2036-01-27 00:00:00,32.37634036767288,11.587130395106357,56.066138291425915,
2036-02-03 00:00:00,33.491394651209355,12.256429489466168,54.54732897433861,
2036-02-10 00:00:00,35.66597871957242,15.206180149986274,56.93401705210293,
2036-02-17 00:00:00,37.80658928374268,16.341889962045272,58.59984590478436,
2036-02-24 00:00:00,39.246286524916194,16.271342099763217,61.253844969705554,
2036-03-02 00:00:00,39.99952420036018,18.233386661490343,60.815774583163076,
2036-03-09 00:00:00,40.429091068282176,18.446941995461838,61.5488248279361,
2036-03-16 00:00:00,40.65327285603742,19.502985599288387,61.97905188816307,
2036-03-23 00:00:00,40.19508351137164,17.506135087227882,62.18449612326094,
2036-03-30 00:00:00,38.24947180906905,16.34486535036487,60.5294130221237,
2036-04-06 00:00:00,34.504425584461984,11.330004539943527,56.87828303718665,
2036-04-13 00:00:00,29.900748986429342,8.630194538993706,51.263659576957295,
2036-04-20 00:00:00,26.53253700711136,4.103547739303316,48.29862191683366,
2036-04-27 00:00:00,26.44060694246582,4.180309975711573,48.33683916607869,
2036-05-04 00:00:00,30.04598062355182,7.112078861961919,52.30750446847617,
2036-05-11 00:00:00,35.516345967940204,12.245383056389741,56.61526956380487,
2036-05-18 00:00:00,39.781887747419994,17.97982017342087,62.09753329883603,
2036-05-25 00:00:00,40.571306751260835,18.77302142453241,63.76330391834635,
2036-06-01 00:00:00,37.91645807247213,16.97009197396302,59.04885038407649,
2036-06-08 00:00:00,33.9694318862756,12.336214277150056,56.43591822471579,
2036-06-15 00:00:00,31.359543567879687,10.05389122179686,53.46450608226526,
2036-06-22 00:00:00,31.437390594402437,9.446438265042907,53.28192821206157,
2036-06-29 00:00:00,33.666694819967454,11.681797086643936,55.070494927423056,
2036-07-06 00:00:00,36.36220882072411,13.986466337095038,58.94706227106495,
2036-07-13 00:00:00,37.97532362421365,15.250370736536736,59.77752176097198,
2036-07-20 00:00:00,37.96721548306014,17.281869091391588,59.05009754009839,
2036-07-27 00:00:00,36.86098748999103,13.25650585631889,57.66880449030471,
2036-08-03 00:00:00,35.682713631191135,14.342084712903022,57.660413344359654,
2036-08-10 00:00:00,35.25512979562823,11.481797964719917,56.08804018851477,
2036-08-17 00:00:00,35.74015905870395,14.152467221880412,58.09284290226327,
2036-08-24 00:00:00,36.63981780474127,13.905303655345628,59.05492601943613,
2036-08-31 00:00:00,37.22333189155792,14.740750427085947,59.915893419253585,
2036-09-07 00:00:00,37.07687406702814,15.874802620042678,59.10231740523838,
2036-09-14 00:00:00,36.354912355219525,14.13889844368168,59.495220012435,
2036-09-21 00:00:00,35.546716829303506,12.087080978220428,57.77553479652468,
2036-09-28 00:00:00,35.02283632856021,12.635019427779419,57.51182065433143,
2036-10-05 00:00:00,34.83357762482758,13.768624103566134,58.15266071758619,
2036-10-12 00:00:00,34.91817635056975,10.587913117641111,57.87861587335066,
2036-10-19 00:00:00,35.37158428432801,12.920698916289737,59.44715919890559,
2036-10-26 00:00:00,36.32986888260565,12.626207866651928,58.00100789366515,
2036-11-02 00:00:00,37.54261200683633,16.01798847997868,59.79252992553843,
2036-11-09 00:00:00,38.218867079357565,16.49636095638172,61.184062639882356,
2036-11-16 00:00:00,37.564626708936814,14.474817879185998,60.394621630028254,
2036-11-23 00:00:00,35.641953754130384,14.019321755164757,57.50266354594407,
2036-11-30 00:00:00,33.642021530891135,10.56927438185975,55.89753478238148,
2036-12-07 00:00:00,33.08894311867152,11.053021691940856,55.68992375054766,
2036-12-14 00:00:00,34.55255616262739,13.163834428280058,56.908295302774285,
2036-12-21 00:00:00,37.04696269197256,15.198296473272666,59.68772892904333,
2036-12-28 00:00:00,38.738803219090386,15.65338493360352,62.75496014368517,
2037-01-04 00:00:00,38.38927357690349,15.087608372603958,60.88423306283604,
2037-01-11 00:00:00,36.29079292618132,12.996539380523103,58.4286417020796,
MAE,9.694948082947441,,,
RMSE,14.143514692294186,,,
